Family_ID,City_ID,City_Code,Region,Community_ID,Urban_Rural,Location_Type,Parent_Gender,Parent_Sex,Child_Gender,Child_Sex,Parent_Age,Child_Age,Parent_Education,Family_SES,Comm_Cultural_Policy,Comm_Cultural_Facility,Comm_Cultural_Activity,P_Cog1,P_Cog2,P_Cog3,P_Cog4,P_Cog5,P_Cog6,Parent_Cog_Mean,P_Aff1,P_Aff2,P_Aff3,P_Aff4,P_Aff5,Parent_Aff_Mean,P_Beh1,P_Beh2,P_Beh3,P_Beh4,P_Beh5,Parent_Beh_Mean,Parent_Identity_Overall,C_Cog1,C_Cog2,C_Cog3,C_Cog4,C_Cog5,C_Cog6,Child_Cog_Mean,C_Aff1,C_Aff2,C_Aff3,C_Aff4,C_Aff5,Child_Aff_Mean,C_Beh1,C_Beh2,C_Beh3,C_Beh4,C_Beh5,Child_Beh_Mean,Child_Identity_Overall,FSI1,FSI2,FSI3,FSI4,Family_Socialization,Parent_Cog_Mean_z,Parent_Aff_Mean_z,Parent_Beh_Mean_z,Parent_Identity_Overall_z,Child_Cog_Mean_z,Child_Aff_Mean_z,Child_Beh_Mean_z,Child_Identity_Overall_z,Family_Socialization_z,Family_SES_z,Comm_Cultural_Policy_z,Comm_Cultural_Facility_z,Comm_Cultural_Activity_z,Parent_Identity_c,Family_Socialization_c,Parent_Cog_c,Parent_Aff_c,Parent_Beh_c,Parent_X_Socialization,Urban_X_Parent,Urban_X_Socialization,Three_Way_Interaction,Child_Age_Group,Gender_Combination,Comm_Parent_Identity_Mean,Comm_Socialization_Mean,Comm_Urban_Prop,Region_Central,Region_Western
F0002,7,C1,Central,43,0,Rural,2,Female,2,Female,47,12.6,2,3.6,3.86,3.81,2.49,4,4,4,4,4,4,4.0,3,4,5,4,4,4.0,2,2,3,3,3,2.6,3.67,4,5,4,3,4,4,4.0,4,3,4,3,4,3.6,3,4,3,4,3,3.4,3.78,4,5,4,4,4.25,0.57376223233624,-0.15827490310303177,-0.27901096404693065,0.20618571237108435,0.9635376313775209,-0.14453208855886093,0.8910991575602472,0.7516387066354355,0.4231944579200692,-0.2074841298880385,-0.10146104331684848,0.10945014120585517,-1.6039598626272402,0.1529504741833505,0.5094836670179137,0.5540814892869683,-0.21018616087109265,-0.29919213206884443,0.07792576845906216,0.0,0.0,0.0,12-15,Mother-Daughter,3.569130434782609,3.510869565217391,0.43478260869565216,1,0
F0003,1,E1,Eastern,1,0,Rural,1,Male,1,Male,49,15.9,2,4.58,2.48,2.61,2.17,5,5,4,5,5,7,5.17,6,5,6,6,5,5.6,3,3,4,3,3,3.2,4.66,5,3,3,4,3,3,3.5,5,4,5,4,5,4.6,2,2,2,2,2,2.0,3.52,3,4,4,4,3.75,1.7853201436053567,1.0465610571491897,0.28051771496805755,1.5407605565306295,0.40998374556514644,0.7007490456380923,-0.5481353923237118,0.4454637863322849,0.007877456300477073,0.5766689523554354,-2.318514628666286,-1.5163127388623276,-2.152610865014394,1.1429504741833507,0.0094836670179137,1.7240814892869682,1.389813839128907,0.30080786793115566,0.010839361715121466,0.0,0.0,0.0,12-15,Father-Son,3.475909090909091,3.6363636363636362,0.4090909090909091,0,0
F0004,16,W4,Western,106,0,Rural,2,Female,2,Female,47,18.0,2,2.5,3.0,3.41,2.91,3,4,4,3,4,3,3.5,1,2,1,2,1,1.4,4,4,3,5,4,4.0,2.95,4,4,3,4,4,4,3.83,2,2,3,3,3,2.6,3,2,3,3,4,3.0,3.2,2,3,3,3,2.75,0.05600244119559184,-2.116133338512892,1.0265559536547082,-0.7644141742904025,0.7753293102013137,-0.9898132227558145,0.4798892861648304,0.06863311518994548,-0.8227565469387071,-1.0876559568960193,-1.4831031327375124,-0.4324708188168722,-0.8838554219941012,-0.5670495258166492,-0.9905163329820863,0.05408148928696832,-2.8101861608710927,1.1008078679311555,0.5616718169311383,-0.0,-0.0,0.0,16-18,Mother-Daughter,3.50375,3.625,0.5416666666666666,0,1
F0011,4,E4,Eastern,23,0,Rural,2,Female,1,Male,44,14.7,1,4.23,3.18,3.54,3.27,3,4,3,2,4,3,3.17,5,5,6,5,5,5.2,2,1,1,1,2,1.4,2.92,2,3,1,3,2,2,2.17,5,6,5,6,5,5.4,3,3,3,2,2,2.6,3.23,4,4,5,3,4.0,-0.285719020957236,0.7453520670861346,-1.398068322076907,-0.8048558362346315,-1.0624695906957697,1.3769739529956557,0.06867941476941361,0.10396099060953959,0.21553595711027312,0.2966142801256236,-1.193922230300629,-0.25634650680948595,-0.26662304430855355,-0.5970495258166495,0.2594836670179137,-0.27591851071303175,0.9898138391289075,-1.4991921320688446,-0.15492460035021074,-0.0,0.0,-0.0,12-15,Mother-Son,3.6708695652173917,3.717391304347826,0.6521739130434783,0,0
F0012,12,C6,Central,81,0,Rural,1,Male,1,Male,48,22.6,2,4.35,2.58,3.33,2.75,3,2,4,4,3,3,3.17,2,3,3,2,3,2.6,2,2,2,3,3,2.4,2.94,2,2,2,2,2,2,2.0,2,2,1,1,1,1.4,1,2,2,2,2,1.8,2.08,4,3,5,3,3.75,-0.285719020957236,-1.2125063683237256,-0.4655205237185935,-0.7778947282718124,-1.250677911871977,-2.004150583792159,-0.7537403280214202,-1.250274233808243,0.007877456300477073,0.3926330248901299,-2.1578585717569063,-0.5408550108214178,-1.1581809231876783,-0.5770495258166495,0.0094836670179137,-0.27591851071303175,-1.6101861608710926,-0.4991921320688446,-0.005472545555690099,-0.0,0.0,-0.0,19-22,Father-Son,3.0680952380952378,3.857142857142857,0.23809523809523808,1,0
F0013,15,W3,Western,99,0,Rural,2,Female,1,Male,44,18.2,3,4.17,4.43,3.47,4.21,2,2,1,2,1,1,1.5,3,5,4,4,4,4.0,3,4,3,4,4,3.6,3.04,4,3,3,3,2,3,3.0,4,4,4,4,4,4.0,2,2,2,3,1,2.0,2.79,2,3,4,3,3.0,-2.015036723367001,-0.15827490310303177,0.6535368343113829,-0.6430891884577168,-0.14357014024722803,0.1935803651199204,-0.5481353923237118,-0.4141811822111773,-0.6150980461289112,0.24860490774336966,0.8142784810666147,-0.35118267481346305,1.3450392752037101,-0.4770495258166494,-0.7405163329820863,-1.9459185107130317,-0.21018616087109265,0.7008078679311556,0.3532629655085883,-0.0,-0.0,0.0,16-18,Mother-Son,3.5144,3.74,0.44,0,1
F0018,15,W3,Western,99,0,Rural,1,Male,1,Male,46,18.5,3,4.11,4.43,3.47,4.21,3,4,4,3,4,3,3.5,2,1,2,2,2,1.8,4,4,4,4,4,4.0,3.06,4,3,3,3,3,4,3.33,3,1,2,2,2,2.0,1,1,3,1,2,1.6,2.13,4,3,4,3,3.5,0.05600244119559184,-1.8149243484498367,1.0265559536547082,-0.6161280804948978,0.2217754243889392,-1.4969819032739868,-0.9593452637191285,-1.1913944414422528,-0.199781044509319,0.20059553536111646,0.8142784810666147,-0.35118267481346305,1.3450392752037101,-0.45704952581664937,-0.2405163329820863,0.05408148928696832,-2.410186160871093,1.1008078679311555,0.1099278759406219,-0.0,-0.0,0.0,16-18,Father-Son,3.5144,3.74,0.44,0,1
F0019,8,C2,Central,53,0,Rural,2,Female,1,Male,46,14.9,1,4.95,2.95,2.41,3.09,3,1,3,2,4,3,2.67,4,5,4,5,5,4.6,1,2,2,3,2,2.0,2.94,1,1,1,2,2,1,1.33,3,3,3,2,4,3.0,1,2,2,1,1,1.4,1.59,2,2,2,1,1.75,-0.8034788120978842,0.2935385819915511,-0.8385396430619187,-0.7778947282718124,-1.9924401188605587,-0.6517007690770332,-1.1649501994168372,-1.8272961989949508,-1.6533905501778914,0.8727267487126654,-1.5634311611922018,-1.787273218873691,-0.5752392331513277,-0.5770495258166495,-1.9905163329820863,-0.7759185107130318,0.389813839128907,-0.8991921320688445,1.1486265060776089,-0.0,-0.0,0.0,12-15,Mother-Son,3.6231578947368424,3.8026315789473686,0.5789473684210527,1,0
F0027,6,E6,Eastern,37,0,Rural,1,Male,1,Male,52,20.8,4,3.63,3.39,3.05,2.85,3,2,2,1,2,2,2.0,6,6,6,5,7,6.0,1,2,3,2,1,1.8,3.38,2,2,3,1,2,2,2.0,4,4,5,5,5,4.6,3,3,3,3,4,3.2,3.47,5,5,5,6,5.25,-1.4972769322263526,1.3477700472122454,-1.0250492027335814,-0.1847503530897925,-1.250677911871977,0.7007490456380923,0.685494221862539,0.3865839939662945,1.2538284611592534,-0.1834794436969119,-0.856544510790932,-0.9201996828373274,-0.9867274849416925,-0.13704952581664953,1.5094836670179137,-1.4459185107130317,1.7898138391289073,-1.0991921320688445,-0.20687402079278236,-0.0,0.0,-0.0,19-22,Father-Son,3.7880000000000003,3.86,0.6,0,0
F0028,9,C3,Central,62,0,Rural,2,Female,2,Female,49,14.3,2,4.69,3.76,3.41,3.26,2,3,3,4,2,3,2.83,4,4,4,4,4,4.0,3,1,2,1,2,1.8,3.02,3,3,3,4,4,4,3.5,3,4,4,4,2,3.4,2,2,2,2,2,2.0,3.12,3,4,3,3,3.25,-0.6377956789328766,-0.15827490310303177,-1.0250492027335814,-0.6700502964205359,0.40998374556514644,-0.3135883153982518,-0.5481353923237118,-0.025574552595639496,-0.4074395453191151,0.6646861350562338,-0.2621171002262282,-0.4324708188168722,-0.28376838813315247,-0.4970495258166494,-0.4905163329820863,-0.6159185107130316,-0.21018616087109265,-1.0991921320688445,0.2438109107140677,-0.0,-0.0,0.0,12-15,Mother-Daughter,3.4633333333333334,3.6944444444444446,0.5,1,0
F0029,13,W1,Western,90,0,Rural,1,Male,2,Female,42,14.3,4,3.2,3.02,2.42,2.99,2,3,2,3,3,3,2.67,4,3,4,5,3,3.8,3,3,2,3,3,2.8,3.16,1,2,2,3,2,2,2.0,4,3,3,3,3,3.2,1,1,2,1,1,1.2,2.08,3,2,2,2,2.25,-0.8034788120978842,-0.3088793981345596,-0.09250140437526819,-0.48132254068080216,-1.250677911871977,-0.4826445422376423,-1.3705551351145455,-1.250274233808243,-1.2380735485582992,-0.5275466124363951,-1.4509719213556365,-1.773725194873123,-0.7466926713973127,-0.3570495258166493,-1.4905163329820863,-0.7759185107130318,-0.41018616087109283,-0.0991921320688447,0.5321881499132248,-0.0,-0.0,0.0,12-15,Father-Daughter,3.4153846153846152,3.4326923076923075,0.38461538461538464,0,1
F0031,9,C3,Central,57,0,Rural,2,Female,1,Male,48,20.4,4,2.86,3.34,3.02,2.26,3,4,3,4,4,5,3.83,1,2,2,2,1,1.6,6,4,4,4,4,4.4,3.37,4,4,4,4,4,4,4.0,2,4,4,4,3,3.4,3,3,3,2,4,3.0,3.4,3,4,4,5,4.0,0.3977239033484197,-1.9655288434813643,1.3995750729980339,-0.19823090707120175,0.9635376313775209,-0.3135883153982518,0.4798892861648304,0.3041522846539074,0.21553595711027312,-0.7995997226024986,-0.9368725392456222,-0.9608437548390317,-1.9983027705930074,-0.14704952581664932,0.2594836670179137,0.3840814892869684,-2.6101861608710926,1.5008078679311558,-0.038156950192149534,-0.0,0.0,-0.0,19-22,Mother-Son,3.637826086956522,3.869565217391304,0.5652173913043478,1,0
F0033,10,C4,Central,67,0,Rural,1,Male,2,Female,51,25.5,1,1.27,2.47,3.79,2.77,4,5,3,3,5,4,4.0,2,1,2,2,3,2.0,2,2,2,2,1,1.8,2.8,3,4,4,4,4,4,3.83,3,3,3,3,2,2.8,1,2,1,1,1,1.2,2.81,5,5,5,5,5.0,0.57376223233624,-1.6643198534183088,-1.0250492027335814,-0.9666224840115462,0.7753293102013137,-0.820756995916424,-1.3705551351145455,-0.39062926526478103,1.0461699603494574,-2.071848090732216,-2.3345802343572237,0.08235409320471876,-1.123890235538481,-0.7170495258166496,1.2594836670179137,0.5540814892869683,-2.2101861608710927,-1.0991921320688445,-0.90311216620901,-0.0,0.0,-0.0,23-25,Father-Daughter,3.5427999999999997,3.84,0.72,1,0
F0037,6,E6,Eastern,42,0,Rural,1,Male,2,Female,44,14.8,2,1.44,3.18,3.09,3.67,3,4,4,4,2,4,3.5,3,3,3,3,3,3.0,3,3,2,3,3,2.8,2.78,4,2,3,2,3,2,2.67,3,3,3,3,2,2.8,2,2,1,3,2,2.0,2.6,2,3,2,3,2.5,0.05600244119559184,-0.9112973782606704,-0.09250140437526819,-0.9935835919743653,-0.5089157048833953,-0.820756995916424,-0.5481353923237118,-0.6379243932019414,-1.0304150477485032,-1.9358215356491648,-1.193922230300629,-0.8660075868350546,0.4191907086753883,-0.7370495258166496,-1.2405163329820863,0.05408148928696832,-1.2101861608710927,-0.0991921320688447,0.9143219749922558,-0.0,-0.0,0.0,12-15,Father-Daughter,3.636060606060606,3.909090909090909,0.5757575757575758,0,0
F0038,16,W4,Western,112,0,Rural,2,Female,2,Female,41,18.0,2,3.23,3.61,3.08,3.45,3,3,3,2,2,2,2.5,4,5,4,4,4,4.2,2,2,2,3,3,2.4,3.02,3,2,3,2,4,2,2.67,4,4,4,5,4,4.2,2,4,3,2,2,2.6,2.97,5,5,5,5,5.0,-0.9795171410857045,-0.0076704080715039435,-0.4655205237185935,-0.6700502964205359,-0.5089157048833953,0.3626365919593113,0.06867941476941361,-0.20221392969361107,1.0461699603494574,-0.5035419262452685,-0.5031011855902974,-0.8795556108356225,0.04199314453422065,-0.4970495258166494,1.2594836670179137,-0.9459185107130317,-0.010186160871092476,-0.4991921320688446,-0.6260257594650688,-0.0,0.0,-0.0,16-18,Mother-Daughter,3.465,3.9166666666666665,0.3333333333333333,0,1
F0039,12,C6,Central,80,0,Rural,2,Female,2,Female,48,20.4,3,3.95,4.09,3.92,3.52,3,2,1,2,3,2,2.17,2,1,2,2,2,1.8,2,3,3,3,3,2.8,2.36,2,2,1,1,2,2,1.67,3,3,2,3,2,2.6,1,1,1,2,1,1.2,1.91,2,2,2,1,1.75,-1.3212386032385324,-1.8149243484498367,-0.09250140437526819,-1.559766859193566,-1.6160234765081443,-0.9898132227558145,-1.3705551351145455,-1.4504655278526113,-1.6533905501778914,0.07257054234177368,0.2680478875747245,0.2584784052121051,0.16201055130641023,-1.1570495258166495,-1.9905163329820863,-1.2759185107130318,-2.410186160871093,-0.0991921320688447,2.303125979207219,-0.0,-0.0,0.0,19-22,Mother-Daughter,3.4740625,3.40625,0.53125,1,0
F0040,3,E3,Eastern,19,0,Rural,2,Female,2,Female,48,17.4,2,4.25,4.25,3.44,3.17,3,4,3,3,3,3,3.17,2,3,4,3,2,2.8,1,2,2,1,1,1.4,2.73,3,2,3,2,3,3,2.67,3,4,2,3,2,2.8,1,1,2,2,1,1.4,2.34,3,3,3,4,3.25,-0.285719020957236,-1.061901873292198,-1.398068322076907,-1.0609863618814128,-0.5089157048833953,-0.820756995916424,-1.1649501994168372,-0.9440993135050926,-0.4074395453191151,0.3126174042530411,0.5250975786297319,-0.39182674681516794,-0.4380764825545392,-0.7870495258166494,-0.4905163329820863,-0.27591851071303175,-1.4101861608710928,-1.4991921320688446,0.38606064727887274,-0.0,-0.0,0.0,16-18,Mother-Daughter,3.5727272727272723,3.8295454545454546,0.5909090909090909,0,0
F0043,9,C3,Central,57,0,Rural,2,Female,1,Male,35,12.0,2,2.44,3.34,3.02,2.26,1,2,3,4,2,3,2.5,4,4,4,4,4,4.0,2,1,3,2,1,1.8,2.72,1,3,2,3,3,3,2.5,2,2,3,2,2,2.2,2,2,2,2,1,1.8,2.32,3,3,4,4,3.5,-0.9795171410857045,-0.15827490310303177,-1.0250492027335814,-1.074466915862822,-0.6971240260596026,-1.327925676434596,-0.7537403280214202,-0.9676512304514888,-0.199781044509319,-1.135665329278273,-0.9368725392456222,-0.9608437548390317,-1.9983027705930074,-0.7970495258166492,-0.2405163329820863,-0.9459185107130317,-0.21018616087109265,-1.0991921320688445,0.1917034291545312,-0.0,-0.0,0.0,12-15,Mother-Son,3.637826086956522,3.869565217391304,0.5652173913043478,1,0
F0046,11,C5,Central,71,0,Rural,2,Female,1,Male,46,18.4,4,2.12,3.96,2.82,4.02,5,4,5,5,5,5,4.83,3,3,3,3,4,3.2,3,3,2,3,3,2.8,3.22,2,3,3,3,3,2,2.67,3,3,3,1,2,2.4,1,2,2,1,1,1.4,2.41,2,2,3,3,2.5,1.433243485629716,-0.7606928832291425,-0.09250140437526819,-0.4004392167923448,-0.5089157048833953,-1.1588694495952054,-1.1649501994168372,-0.8616676041927054,-1.0304150477485032,-1.3917153153169581,0.05919501359253122,-1.2318042348503957,1.019277742536337,-0.29704952581664923,-1.2405163329820863,1.3840814892869684,-1.0101861608710925,-0.0991921320688447,0.3684947884801373,-0.0,-0.0,0.0,16-18,Mother-Son,3.4165217391304346,3.782608695652174,0.6086956521739131,1,0
F0047,13,W1,Western,88,0,Rural,2,Female,2,Female,49,22.6,2,2.9,3.73,3.09,2.48,4,3,3,4,2,3,3.17,5,5,6,5,6,5.4,3,3,3,3,3,3.0,3.84,3,3,3,2,3,3,2.83,4,3,4,4,3,3.6,2,3,2,3,2,2.4,3.1,5,4,5,5,4.75,-0.285719020957236,0.8959565621176624,0.09400815529639468,0.4353551300550465,-0.33177846142343526,-0.14453208855886093,-0.13692552092829502,-0.04912646954203574,0.8385114595396613,-0.7675934743476628,-0.31031391729904173,-0.8660075868350546,-1.621105206451839,0.32295047418335043,1.0094836670179137,-0.27591851071303175,1.1898138391289077,0.10080786793115548,0.32601322894378265,0.0,0.0,0.0,19-22,Mother-Daughter,3.3708333333333336,3.8229166666666665,0.5833333333333334,0,1
F0048,7,C1,Central,45,0,Rural,1,Male,2,Female,51,17.7,3,2.24,2.97,3.01,3.44,3,3,2,3,3,3,2.83,4,3,2,3,3,3.0,3,2,1,1,1,1.6,2.27,4,2,3,2,2,3,2.67,3,4,3,3,3,3.2,2,2,1,2,2,1.8,2.36,3,4,4,3,3.5,-0.6377956789328766,-0.9112973782606704,-1.2115587624052442,-1.6810918450262518,-0.5089157048833953,-0.4826445422376423,-0.7537403280214202,-0.9205473965586963,-0.199781044509319,-1.295696570552451,-1.531299949810326,-0.9743917788396002,0.024847800709621705,-1.2470495258166494,-0.2405163329820863,-0.6159185107130316,-1.2101861608710927,-1.2991921320688444,0.29993577899647006,-0.0,-0.0,0.0,16-18,Father-Daughter,3.4618181818181815,3.534090909090909,0.45454545454545453,1,0
F0053,17,W5,Western,116,0,Rural,2,Female,2,Female,48,22.3,2,2.77,4.08,3.25,3.6,5,5,4,3,5,3,4.17,4,4,5,6,4,4.6,2,2,1,1,2,1.6,3.42,2,3,4,3,3,3,3.0,3,3,1,3,3,2.6,1,2,1,1,2,1.4,2.09,1,2,1,1,1.25,0.7498005613240603,0.2935385819915511,-1.2115587624052442,-0.13082813716415428,-0.14357014024722803,-0.9898132227558145,-1.1649501994168372,-1.2384982753350453,-2.0687075517974836,-0.8716137811758786,0.25198228188378685,-0.6492392028259634,0.29917330190319874,-0.0970495258166495,-2.4905163329820863,0.7240814892869682,0.389813839128907,-1.2991921320688444,0.24170342915453222,-0.0,-0.0,0.0,19-22,Mother-Daughter,3.4620689655172416,4.017241379310345,0.5862068965517241,0,1
F0054,3,E3,Eastern,18,0,Rural,1,Male,2,Female,41,15.7,2,3.85,4.05,3.49,3.46,3,4,3,3,3,3,3.17,4,3,3,2,2,2.8,2,2,3,3,3,2.6,2.72,2,1,1,2,1,1,1.33,2,3,1,2,2,2.0,1,1,1,1,3,1.4,1.85,1,1,1,1,1.0,-0.285719020957236,-1.061901873292198,-0.27901096404693065,-1.074466915862822,-1.9924401188605587,-1.4969819032739868,-1.1649501994168372,-1.5211212786917998,-2.2763660526072798,-0.0074450782953155645,0.2037854648109726,-0.32408662681232664,0.05913848835881884,-0.7970495258166492,-2.7405163329820863,-0.27591851071303175,-1.4101861608710928,-0.29919213206884443,2.184327243696154,-0.0,-0.0,0.0,12-15,Father-Daughter,3.6612500000000003,3.71875,0.7083333333333334,0,0
F0055,7,C1,Central,47,0,Rural,2,Female,2,Female,40,14.7,3,3.87,3.72,2.24,3.12,3,2,3,2,3,3,2.67,3,5,4,3,4,3.8,2,2,2,1,1,1.6,2.91,3,4,4,3,3,4,3.5,5,4,4,4,4,4.2,3,2,2,2,3,2.4,3.64,4,4,5,5,4.5,-0.8034788120978842,-0.3088793981345596,-1.2115587624052442,-0.8183363902160408,0.40998374556514644,0.3626365919593113,-0.13692552092829502,0.5867752880106624,0.6308529587298652,0.008558045832102283,-0.32637952298997935,-2.01758962688335,-0.5238032016775316,-0.6070495258166493,0.7594836670179137,-0.7759185107130318,-0.41018616087109283,-1.2991921320688444,-0.4610441999287145,-0.0,0.0,-0.0,12-15,Mother-Daughter,3.5180000000000002,3.83,0.56,1,0
F0059,2,E2,Eastern,9,0,Rural,2,Female,2,Female,47,18.9,2,1.9,4.26,4.39,3.09,3,3,4,3,3,4,3.33,2,2,2,2,2,2.0,2,1,1,2,1,1.4,1.99,2,2,3,2,4,3,2.67,4,3,3,4,4,3.6,1,2,2,2,2,1.8,2.69,5,5,6,6,5.5,-0.12003588779222847,-1.6643198534183088,-1.398068322076907,-2.058547356505719,-0.5089157048833953,-0.14453208855886093,-0.7537403280214202,-0.5319407669431585,1.4614869619690496,-1.5677496807185545,0.5411631843206696,0.8952355332388096,-0.5752392331513277,-1.5270495258166494,1.7594836670179137,-0.11591851071303161,-2.2101861608710927,-1.4991921320688446,-2.6868186994018446,-0.0,0.0,-0.0,16-18,Mother-Daughter,3.2433333333333336,4.157407407407407,0.5925925925925926,0,0
F0062,7,C1,Central,46,0,Rural,1,Male,2,Female,44,12.6,3,3.08,3.01,2.63,2.93,4,3,3,3,3,3,3.17,6,5,5,5,5,5.2,2,3,3,2,2,2.4,3.45,2,3,2,3,3,3,2.67,4,3,4,4,3,3.6,1,1,2,2,2,1.6,2.82,3,3,4,3,3.25,-0.285719020957236,0.7453520670861346,-0.4655205237185935,-0.09038647521992531,-0.5089157048833953,-0.14453208855886093,-0.9593452637191285,-0.3788533067915832,-0.4074395453191151,-0.6235653572009022,-1.4670375270465748,-1.4892166908611912,-0.849564734344904,-0.06704952581664925,-0.4905163329820863,-0.27591851071303175,0.9898138391289075,-0.4991921320688446,0.032888887531770515,-0.0,-0.0,0.0,12-15,Father-Daughter,3.492,3.51,0.44,1,0
F0063,2,E2,Eastern,11,0,Rural,1,Male,2,Female,51,23.6,4,3.61,2.77,1.96,1.98,1,1,1,3,2,3,1.83,3,4,2,3,4,3.2,2,1,2,2,2,1.8,2.45,2,2,2,2,2,2,2.0,4,3,2,3,3,3.0,2,2,3,2,3,2.4,2.56,5,3,3,4,3.75,-1.673315261214173,-0.7606928832291425,-1.0250492027335814,-1.4384418733608797,-1.250677911871977,-0.6517007690770332,-0.13692552092829502,-0.6850282270947339,0.007877456300477073,-0.19948256782432974,-1.8526120636290855,-2.3969342988992595,-2.4783723976817664,-1.0670495258166492,0.0094836670179137,-1.6159185107130316,-1.0101861608710925,-1.0991921320688445,-0.01011954239446781,-0.0,0.0,-0.0,23-25,Father-Daughter,3.622,3.9375,0.5,0,0
F0064,18,W6,Western,121,0,Rural,1,Male,1,Male,46,18.5,3,2.83,3.74,2.85,2.64,3,2,3,3,3,4,3.0,3,3,4,3,3,3.2,2,1,3,2,2,2.0,2.57,2,2,2,2,1,2,1.83,1,3,2,1,2,1.8,1,1,1,2,1,1.2,1.3,1,1,1,1,1.0,-0.46175734994505635,-0.7606928832291425,-0.8385396430619187,-1.2766752255839657,-1.4388862330481842,-1.6660381301133775,-1.3705551351145455,-2.168798994717696,-2.2763660526072798,-0.8236044087936252,-0.2942483116081034,-1.1911601628486908,-1.346779705258262,-0.9470495258166496,-2.7405163329820863,-0.4459185107130317,-1.0101861608710925,-0.8991921320688445,2.5954046936434683,-0.0,-0.0,0.0,16-18,Father-Son,3.6463636363636365,3.7954545454545454,0.5909090909090909,0,1
F0065,12,C6,Central,84,0,Rural,1,Male,2,Female,45,14.9,2,3.39,3.46,2.93,3.01,2,2,3,2,3,3,2.5,2,3,3,4,4,3.2,4,4,4,4,3,3.8,3.47,3,3,1,3,2,2,2.33,3,3,1,2,2,2.2,1,1,1,1,1,1.0,1.8,2,3,2,1,2.0,-0.9795171410857045,-0.7606928832291425,0.8400463939830453,-0.0634253672571062,-0.8853323472358098,-1.327925676434596,-1.576160070812254,-1.5800010710577903,-1.4457320493680954,-0.3755169332259257,-0.7440852709543665,-1.0827759708441451,-0.7124019837481163,-0.04704952581664923,-1.7405163329820863,-0.9459185107130317,-1.0101861608710925,0.9008078679311553,0.08189046814294032,-0.0,-0.0,0.0,12-15,Father-Daughter,3.320909090909091,3.897727272727273,0.45454545454545453,1,0
F0068,8,C2,Central,52,0,Rural,1,Male,1,Male,50,24.9,3,3.94,3.34,2.96,2.87,2,2,2,3,2,4,2.5,6,5,5,5,6,5.4,6,4,4,5,4,4.6,3.93,3,1,2,2,1,1,1.67,4,4,3,4,3,3.6,2,1,2,1,1,1.4,2.26,1,3,2,4,2.5,-0.9795171410857045,0.8959565621176624,1.5860846326696958,0.5566801158877328,-1.6160234765081443,-0.14453208855886093,-1.1649501994168372,-1.0383069812906776,-1.0304150477485032,0.06456898027806457,-0.9368725392456222,-1.0421318988424408,-0.9524367972924954,0.41295047418335074,-1.2405163329820863,-0.9459185107130317,1.1898138391289077,1.7008078679311551,-0.512271807937144,0.0,-0.0,-0.0,23-25,Father-Son,3.4015,3.575,0.5,1,0
F0069,7,C1,Central,47,0,Rural,2,Female,1,Male,48,17.9,2,2.11,3.72,2.24,3.12,3,3,3,3,3,4,3.17,4,4,5,4,4,4.2,3,5,3,2,4,3.4,3.47,2,2,2,3,2,3,2.33,4,3,2,4,2,3.0,2,2,2,3,2,2.2,2.7,2,2,3,2,2.25,-0.285719020957236,-0.0076704080715039435,0.46702727463972,-0.0634253672571062,-0.8853323472358098,-0.6517007690770332,-0.3425304566260032,-0.5201648084699602,-1.2380735485582992,-1.3997168773806674,-0.32637952298997935,-2.01758962688335,-0.5238032016775316,-0.04704952581664923,-1.4905163329820863,-0.27591851071303175,-0.010186160871092476,0.5008078679311554,0.07012808668877801,-0.0,-0.0,0.0,16-18,Mother-Son,3.5180000000000002,3.83,0.56,1,0
F0070,18,W6,Western,120,0,Rural,1,Male,2,Female,48,21.6,3,3.25,3.14,3.45,2.92,2,1,3,3,3,1,2.17,4,3,3,4,4,3.6,2,2,1,1,3,1.8,2.84,2,1,2,1,1,1,1.33,3,3,3,3,2,2.8,2,1,2,2,1,1.6,1.76,2,1,2,2,1.75,-1.3212386032385324,-0.4594838931660871,-1.0250492027335814,-0.912700268085908,-1.9924401188605587,-0.820756995916424,-0.9593452637191285,-1.6271049049505828,-1.6533905501778914,-0.48753880211785067,-1.2581846530643808,-0.3782787228145994,-0.866710078169503,-0.6770495258166496,-1.9905163329820863,-1.2759185107130318,-0.6101861608710926,-1.0991921320688445,1.3476781393758177,-0.0,-0.0,0.0,19-22,Father-Daughter,3.4250000000000003,3.1354166666666665,0.4166666666666667,0,1
F0071,2,E2,Eastern,11,0,Rural,2,Female,2,Female,42,15.5,2,3.44,2.77,1.96,1.98,2,2,2,3,3,4,2.67,4,3,3,4,4,3.6,1,1,1,2,1,1.2,2.43,2,1,3,3,3,2,2.33,2,2,2,2,2,2.0,1,2,1,1,2,1.4,1.55,1,1,1,1,1.0,-0.8034788120978842,-0.4594838931660871,-1.5845778817485696,-1.4654029813236988,-0.8853323472358098,-1.4969819032739868,-1.1649501994168372,-1.8744000328877433,-2.2763660526072798,-0.3355091229073813,-1.8526120636290855,-2.3969342988992595,-2.4783723976817664,-1.0870495258166493,-2.7405163329820863,-0.7759185107130318,-0.6101861608710926,-1.6991921320688446,2.9790769802609596,-0.0,-0.0,0.0,12-15,Mother-Daughter,3.622,3.9375,0.5,0,0
F0073,15,W3,Western,99,0,Rural,1,Male,1,Male,39,18.4,2,2.63,4.43,3.47,4.21,2,4,3,3,3,3,3.0,2,3,4,3,2,2.8,2,2,2,2,2,2.0,2.63,2,3,1,3,3,2,2.33,3,3,3,4,4,3.4,1,2,2,1,2,1.6,2.34,4,4,4,3,3.75,-0.46175734994505635,-1.061901873292198,-0.8385396430619187,-1.1957919016955083,-0.8853323472358098,-0.3135883153982518,-0.9593452637191285,-0.9440993135050926,0.007877456300477073,-0.9836356500678036,0.8142784810666147,-0.35118267481346305,1.3450392752037101,-0.8870495258166495,0.0094836670179137,-0.4459185107130317,-1.4101861608710928,-0.8991921320688445,-0.008412482331243346,-0.0,0.0,-0.0,16-18,Father-Son,3.5144,3.74,0.44,0,1
F0077,8,C2,Central,50,0,Rural,1,Male,1,Male,41,12.5,2,3.27,4.16,2.96,2.84,3,4,3,4,4,3,3.5,2,1,1,2,2,1.6,2,2,2,3,3,2.4,2.5,4,3,3,3,3,4,3.33,5,5,4,4,3,4.2,3,4,3,3,3,3.2,3.2,5,5,6,6,5.5,0.05600244119559184,-1.9655288434813643,-0.4655205237185935,-1.3710391034538323,0.2217754243889392,0.3626365919593113,0.685494221862539,0.06863311518994548,1.4614869619690496,-0.47153567799043283,0.3805071274112906,-1.0421318988424408,-1.0038728287662915,-1.0170495258166494,1.7594836670179137,0.05408148928696832,-2.6101861608710926,-0.4991921320688446,-1.7894820292227087,-0.0,0.0,-0.0,12-15,Father-Son,3.4087878787878787,3.984848484848485,0.5454545454545454,1,0
F0079,3,E3,Eastern,17,0,Rural,1,Male,2,Female,45,18.8,2,2.7,3.02,2.54,2.78,3,3,3,2,2,3,2.67,3,2,3,3,2,2.6,3,2,3,3,3,2.8,2.48,2,3,3,3,2,3,2.67,4,4,3,4,3,3.6,3,3,2,1,2,2.2,2.93,4,4,4,4,4.0,-0.8034788120978842,-1.2125063683237256,-0.09250140437526819,-1.3980002114166514,-0.5089157048833953,-0.14453208855886093,-0.3425304566260032,-0.24931776358640356,0.21553595711027312,-0.927624715621841,-1.4509719213556365,-1.6111489068663047,-1.106744891713883,-1.0370495258166494,0.2594836670179137,-0.7759185107130318,-1.6101861608710926,-0.0991921320688447,-0.26909741383809277,-0.0,0.0,-0.0,16-18,Father-Daughter,3.84625,4.171875,0.6875,0,0
F0083,4,E4,Eastern,24,0,Rural,1,Male,1,Male,55,23.1,3,2.91,3.62,3.33,3.54,1,1,2,1,2,1,1.33,2,2,3,3,3,2.6,3,2,3,2,3,2.6,2.18,1,2,1,2,1,2,1.5,3,4,2,3,3,3.0,1,1,1,2,1,1.2,1.7,2,3,4,3,3.0,-2.191075052354821,-1.2125063683237256,-0.27901096404693065,-1.8024168308589374,-1.8042317976843516,-0.6517007690770332,-1.3705551351145455,-1.6977606557897715,-0.6150980461289112,-0.7595919122839537,-0.48703557989935903,-0.5408550108214178,0.19630123895560736,-1.3370495258166493,-0.7405163329820863,-2.1159185107130316,-1.6101861608710926,-0.29919213206884443,0.9901070118731824,-0.0,-0.0,0.0,23-25,Father-Son,3.5157692307692305,3.4615384615384617,0.4230769230769231,0,0
F0084,5,E5,Eastern,35,0,Rural,2,Female,1,Male,43,15.5,5,5.44,3.52,3.79,3.18,4,3,4,3,3,4,3.5,5,3,4,2,4,3.6,4,5,4,4,4,4.2,3.57,4,4,4,4,4,4,4.0,2,4,3,3,4,3.2,2,3,2,3,2,2.4,3.08,4,3,3,3,3.25,0.05600244119559184,-0.4594838931660871,1.213065513326371,0.07138017255698878,0.9635376313775209,-0.4826445422376423,-0.13692552092829502,-0.07267838648843199,-0.4074395453191151,1.2648032898344026,-0.6476916368087388,0.08235409320471876,-0.42093113872994026,0.052950474183350416,-0.4905163329820863,0.05408148928696832,-0.6101861608710926,1.3008078679311557,-0.02597307242607968,0.0,-0.0,-0.0,12-15,Mother-Son,3.447777777777778,3.6944444444444446,0.4444444444444444,0,0
F0085,4,E4,Eastern,26,0,Rural,1,Male,1,Male,48,20.1,4,2.54,4.8,3.85,3.5,5,4,3,4,4,4,4.0,2,2,2,2,2,2.0,3,4,3,3,2,3.0,2.94,3,3,4,3,3,3,3.17,4,4,4,4,4,4.0,4,4,3,3,3,3.4,3.28,4,4,5,5,4.5,0.57376223233624,-1.6643198534183088,0.09400815529639468,-0.7778947282718124,0.04463818092897921,0.1935803651199204,0.8910991575602472,0.16284078297552995,0.6308529587298652,-1.0556497086411838,1.4087058916313193,0.16364223720812796,0.1277198636572131,-0.5770495258166495,0.7594836670179137,0.5540814892869683,-2.2101861608710927,0.10080786793115548,-0.4382596899181772,-0.0,0.0,-0.0,19-22,Father-Son,3.4605882352941175,3.7205882352941178,0.6470588235294118,0,0
F0087,13,W1,Western,85,0,Rural,1,Male,2,Female,48,18.6,2,3.41,3.69,3.93,3.15,4,4,4,4,5,5,4.33,4,4,3,3,4,3.6,3,4,4,2,4,3.4,3.58,3,3,2,2,2,3,2.5,4,3,1,2,3,2.6,1,1,2,1,2,1.4,2.31,2,3,4,3,3.0,0.9154836944890679,-0.4594838931660871,0.46702727463972,0.08486072653839863,-0.6971240260596026,-0.9898132227558145,-1.1649501994168372,-0.9794271889246866,-0.6150980461289112,-0.3595138090985079,-0.3745763400627936,0.27202642921267356,-0.4723671702037363,0.06295047418335065,-0.7405163329820863,0.8840814892869684,-0.6101861608710926,0.5008078679311554,-0.04661585430173831,0.0,-0.0,-0.0,16-18,Father-Daughter,3.5095652173913043,4.032608695652174,0.5217391304347826,0,1
F0089,15,W3,Western,99,0,Rural,2,Female,1,Male,51,20.6,4,1.27,4.43,3.47,4.21,4,4,5,4,4,4,4.17,5,4,4,4,4,4.2,2,2,3,3,2,2.4,3.52,3,3,3,4,3,3,3.17,3,2,3,2,2,2.4,1,1,1,1,2,1.2,2.25,4,4,4,5,4.25,0.7498005613240603,-0.0076704080715039435,-0.4655205237185935,0.003977402649941291,0.04463818092897921,-1.1588694495952054,-1.3705551351145455,-1.0500829397638753,0.4231944579200692,-2.071848090732216,0.8142784810666147,-0.35118267481346305,1.3450392752037101,0.002950474183350593,0.5094836670179137,0.7240814892869682,-0.010186160871092476,-0.4991921320688446,0.0015032184063751444,0.0,0.0,0.0,19-22,Mother-Son,3.5144,3.74,0.44,0,1
F0091,10,C4,Central,68,0,Rural,1,Male,1,Male,43,21.0,3,1.35,3.38,2.99,4.1,2,3,3,3,3,2,2.67,6,7,5,7,7,6.4,4,4,5,4,3,4.0,4.33,2,2,2,3,2,3,2.33,2,3,3,3,3,2.8,2,2,2,3,2,2.2,2.1,3,4,2,3,3.0,-0.8034788120978842,1.648979037275301,1.0265559536547082,1.0959022751441145,-0.8853323472358098,-0.820756995916424,-0.3425304566260032,-1.2267223168618469,-0.6150980461289112,-2.007835594222545,-0.8726101164818703,-1.001487826840736,1.1564404931331256,0.8129504741833506,-0.7405163329820863,-0.7759185107130318,2.1898138391289077,1.1008078679311555,-0.602003104038303,0.0,-0.0,-0.0,19-22,Father-Son,3.5727999999999995,4.04,0.56,1,0
F0092,18,W6,Western,122,0,Rural,1,Male,2,Female,43,18.5,1,1.9,3.71,3.85,3.1,4,5,4,4,4,5,4.33,4,4,4,4,4,4.0,3,2,3,2,2,2.4,3.61,4,4,5,5,4,3,4.17,5,5,5,6,5,5.2,2,2,3,4,2,2.6,4.03,6,6,7,6,6.25,0.9154836944890679,-0.15827490310303177,-0.4655205237185935,0.125302388482627,1.1517459525537281,1.2079177261562648,0.06867941476941361,1.046037668465389,2.0844624643984377,-1.5677496807185545,-0.34244512868091764,0.16364223720812796,-0.5580938893267288,0.09295047418335045,2.5094836670179137,0.8840814892869684,-0.21018616087109265,-0.4991921320688446,0.23325769680468822,0.0,0.0,0.0,16-18,Father-Daughter,3.7910526315789475,4.631578947368421,0.6842105263157895,0,1
F0094,8,C2,Central,54,0,Rural,1,Male,2,Female,48,21.6,3,3.29,3.71,3.01,2.51,4,3,3,4,4,4,3.67,1,1,1,1,2,1.2,3,2,3,3,3,2.8,2.4,3,4,2,3,3,3,3.0,1,3,4,3,2,2.6,3,4,2,3,3,3.0,2.89,3,4,4,5,4.0,0.23204077018341215,-2.2667378335444197,-0.09250140437526819,-1.5058446432679278,-0.14357014024722803,-0.9898132227558145,0.4798892861648304,-0.29642159747919605,0.21553595711027312,-0.45553255386301494,-0.34244512868091764,-0.9743917788396002,-1.5696691749780438,-1.1170495258166495,0.2594836670179137,0.22408148928696825,-3.0101861608710925,-0.0991921320688447,-0.28985610719952587,-0.0,0.0,-0.0,19-22,Father-Daughter,3.5553846153846154,4.134615384615385,0.6153846153846154,1,0
F0095,2,E2,Eastern,8,0,Rural,1,Male,2,Female,47,17.2,2,5.8,3.18,2.95,2.37,3,3,4,5,4,3,3.67,3,4,4,4,3,3.6,4,4,5,5,4,4.4,3.84,3,2,2,3,3,2,2.5,3,3,3,1,3,2.6,2,1,2,2,2,1.8,2.02,2,2,2,2,2.0,0.23204077018341215,-0.4594838931660871,1.3995750729980339,0.4353551300550465,-0.6971240260596026,-0.9898132227558145,-0.7537403280214202,-1.3209299846474318,-1.4457320493680954,1.552859524127923,-1.193922230300629,-1.0556799228430087,-1.8097039885224229,0.32295047418335043,-1.7405163329820863,0.22408148928696825,-0.6101861608710926,1.5008078679311558,-0.562100575060431,0.0,-0.0,-0.0,16-18,Father-Daughter,3.7734615384615386,3.7211538461538463,0.6538461538461539,0,0
F0096,11,C5,Central,75,0,Rural,2,Female,2,Female,43,12.8,4,2.24,3.62,2.71,3.05,4,3,3,4,3,3,3.33,4,3,4,3,4,3.6,3,3,4,4,4,3.6,3.84,2,3,2,2,3,3,2.5,2,3,2,2,2,2.2,1,1,1,1,1,1.0,1.84,1,1,1,1,1.0,-0.12003588779222847,-0.4594838931660871,0.6535368343113829,0.4353551300550465,-0.6971240260596026,-1.327925676434596,-1.576160070812254,-1.5328972371649978,-2.2763660526072798,-1.295696570552451,-0.48703557989935903,-1.3808324988566456,-0.643820608449722,0.32295047418335043,-2.7405163329820863,-0.11591851071303161,-0.6101861608710926,0.7008078679311556,-0.8850510492437814,0.0,-0.0,-0.0,12-15,Mother-Daughter,3.659473684210526,3.8421052631578947,0.7368421052631579,1,0
F0098,5,E5,Eastern,30,0,Rural,2,Female,1,Male,46,21.5,2,3.64,3.56,3.62,2.82,3,5,4,4,3,5,4.0,2,2,3,3,3,2.6,2,2,3,3,2,2.4,3.06,2,2,3,3,2,2,2.33,2,3,2,1,2,2.0,1,1,1,1,1,1.0,1.52,1,2,1,2,1.5,0.57376223233624,-1.2125063683237256,-0.4655205237185935,-0.6161280804948978,-0.8853323472358098,-1.4969819032739868,-1.576160070812254,-1.9097279083073375,-1.8610490509876876,-0.1754778816332028,-0.5834292140449868,-0.14796231480494032,-1.0381635164154885,-0.45704952581664937,-2.2405163329820863,0.5540814892869683,-1.6101861608710926,-0.4991921320688446,1.0240269275739207,-0.0,-0.0,0.0,19-22,Mother-Son,3.4215999999999998,3.83,0.76,0,0
F0099,7,C1,Central,46,0,Rural,2,Female,2,Female,47,17.9,2,3.65,3.01,2.63,2.93,4,3,3,4,4,3,3.5,3,2,3,2,2,2.4,4,4,4,3,2,3.4,3.21,2,2,1,2,2,2,1.83,4,3,2,2,5,3.2,1,1,1,1,1,1.0,2.11,2,2,2,2,2.0,0.05600244119559184,-1.3631108633552536,0.46702727463972,-0.41391977077375464,-1.4388862330481842,-0.4826445422376423,-1.576160070812254,-1.214946358388649,-1.4457320493680954,-0.16747631956949405,-1.4670375270465748,-1.4892166908611912,-0.849564734344904,-0.30704952581664946,-1.7405163329820863,0.05408148928696832,-1.8101861608710927,0.5008078679311554,0.5344247147182831,-0.0,-0.0,0.0,16-18,Mother-Daughter,3.492,3.51,0.44,1,0
F0100,14,W2,Western,93,0,Rural,1,Male,2,Female,48,18.4,3,2.07,3.89,2.72,2.47,1,2,2,2,2,1,1.67,4,3,3,2,3,3.0,4,4,4,3,3,3.6,2.92,3,2,3,2,3,2,2.5,4,4,3,3,4,3.6,2,1,3,1,2,1.8,2.39,3,4,4,2,3.25,-1.8389983943791806,-0.9112973782606704,0.6535368343113829,-0.8048558362346315,-0.6971240260596026,-0.14453208855886093,-0.7537403280214202,-0.8852195211391016,-0.4074395453191151,-1.431723125635503,-0.053264226244034214,-1.367284474856077,-1.6382505502764373,-0.5970495258166495,-0.4905163329820863,-1.7759185107130318,-1.2101861608710927,0.7008078679311556,0.29286254401227635,-0.0,-0.0,0.0,16-18,Father-Daughter,3.3927272727272726,3.772727272727273,0.4090909090909091,0,1
F0101,16,W4,Western,106,0,Rural,2,Female,1,Male,41,18.8,2,1.99,3.0,3.41,2.91,4,4,4,4,3,3,3.67,5,4,4,4,4,4.2,4,3,3,3,2,3.0,3.7,4,3,3,3,3,2,3.0,2,3,2,3,2,2.4,1,3,2,2,2,2.0,2.57,3,3,4,4,3.5,0.23204077018341215,-0.0076704080715039435,0.09400815529639468,0.2466273743153133,-0.14357014024722803,-1.1588694495952054,-0.5481353923237118,-0.673252268621536,-0.199781044509319,-1.4957356221451743,-1.4831031327375124,-0.4324708188168722,-0.8838554219941012,0.18295047418335075,-0.2405163329820863,0.22408148928696825,-0.010186160871092476,0.10080786793115548,-0.04400257716791337,0.0,-0.0,-0.0,16-18,Mother-Son,3.50375,3.625,0.5416666666666666,0,1
F0103,4,E4,Eastern,25,0,Rural,1,Male,2,Female,48,18.2,3,3.72,4.55,4.22,4.46,4,4,4,3,4,4,3.83,2,4,4,3,4,3.4,2,3,3,3,3,2.8,3.75,3,4,3,2,2,3,2.83,3,2,2,3,3,2.6,3,3,2,3,3,2.8,2.73,4,3,4,4,3.75,0.3977239033484197,-0.610088388197615,-0.09250140437526819,0.3140301442223608,-0.33177846142343526,-0.9898132227558145,0.2742843504671218,-0.484836933050366,0.007877456300477073,-0.11146538512353141,1.0070657493578703,0.6649191252291504,1.773672870818674,0.23295047418335058,0.0094836670179137,0.3840814892869684,-0.8101861608710927,-0.0991921320688447,0.002209224728819999,0.0,0.0,0.0,16-18,Father-Daughter,3.2065217391304346,3.641304347826087,0.2608695652173913,0,0
F0110,10,C4,Central,65,0,Rural,2,Female,2,Female,50,23.5,3,3.17,3.33,2.3,2.29,2,3,2,4,2,2,2.5,3,2,3,3,3,2.8,1,2,2,2,2,1.8,2.45,2,3,2,3,2,3,2.5,5,4,4,4,4,4.2,2,2,2,1,2,1.8,2.84,4,4,4,3,3.75,-0.9795171410857045,-1.061901873292198,-1.0250492027335814,-1.4384418733608797,-0.6971240260596026,0.3626365919593113,-0.7537403280214202,-0.35530138984518694,0.007877456300477073,-0.5515512986275221,-0.9529381449365598,-1.9363014828799414,-1.9468667391192114,-1.0670495258166492,0.0094836670179137,-0.9459185107130317,-1.4101861608710928,-1.0991921320688445,-0.01011954239446781,-0.0,0.0,-0.0,23-25,Mother-Daughter,3.693157894736842,4.078947368421052,0.6842105263157895,1,0
F0114,8,C2,Central,50,0,Rural,1,Male,2,Female,47,23.0,3,3.56,4.16,2.96,2.84,2,3,3,2,3,3,2.67,4,4,4,3,4,3.8,1,1,1,1,1,1.0,2.55,2,4,3,3,3,4,3.17,4,3,4,4,3,3.6,3,3,4,3,2,3.0,3.4,4,3,3,4,3.5,-0.8034788120978842,-0.3088793981345596,-1.7710874414202322,-1.3036363335467849,0.04463818092897921,-0.14453208855886093,0.4798892861648304,0.3041522846539074,-0.199781044509319,-0.2394903781428742,0.3805071274112906,-1.0421318988424408,-1.0038728287662915,-0.9670495258166496,-0.2405163329820863,-0.7759185107130318,-0.41018616087109283,-1.8991921320688445,0.23259120576148595,-0.0,-0.0,0.0,23-25,Father-Daughter,3.4087878787878787,3.984848484848485,0.5454545454545454,1,0
F0115,18,W6,Western,123,0,Rural,1,Male,2,Female,42,16.1,4,2.88,3.53,3.49,3.33,3,3,3,4,3,4,3.33,3,4,4,3,4,3.6,3,3,3,4,3,3.2,3.3,3,3,4,2,2,2,2.67,2,4,4,3,4,3.4,4,4,4,4,4,4.0,3.59,4,4,5,5,4.5,-0.12003588779222847,-0.4594838931660871,0.28051771496805755,-0.29259478494106894,-0.5089157048833953,-0.3135883153982518,1.5079139646533726,0.5278954956446714,0.6308529587298652,-0.7835965984750807,-0.6316260311178011,-0.32408662681232664,-0.16375098136096214,-0.2170495258166496,0.7594836670179137,-0.11591851071303161,-0.6101861608710926,0.30080786793115566,-0.16484556979172837,-0.0,0.0,-0.0,16-18,Father-Daughter,3.376923076923077,4.019230769230769,0.46153846153846156,0,1
F0117,16,W4,Western,107,0,Rural,1,Male,2,Female,49,17.2,3,3.72,3.59,2.9,2.83,2,1,2,2,2,1,1.67,6,6,6,5,5,5.6,1,3,3,1,3,2.2,3.48,2,2,3,3,2,2,2.33,2,3,2,3,3,2.6,2,2,2,1,1,1.6,2.18,2,2,3,2,2.25,-1.8389983943791806,1.0465610571491897,-0.6520300833902559,-0.049944813275696935,-0.8853323472358098,-0.9898132227558145,-0.9593452637191285,-1.1325146490762619,-1.2380735485582992,-0.11146538512353141,-0.5352323969721733,-1.12342004284585,-1.0210181725908896,-0.03704952581664944,-1.4905163329820863,-1.7759185107130318,1.389813839128907,-0.6991921320688443,0.05522292335895746,-0.0,-0.0,0.0,16-18,Father-Daughter,3.7623809523809526,4.142857142857143,0.5238095238095238,0,1
F0118,2,E2,Eastern,9,0,Rural,2,Female,2,Female,43,19.7,2,3.08,4.26,4.39,3.09,5,4,5,5,4,4,4.5,7,7,6,7,7,6.8,2,3,3,2,3,2.6,4.7,5,6,5,5,6,5,5.33,6,6,6,6,6,6.0,4,3,4,5,4,4.0,5.01,6,4,6,5,5.25,1.091522023476888,1.950188027338356,-0.27901096404693065,1.5946827724562678,2.4359909676384373,1.8841426335138276,1.5079139646533726,2.2000815988388034,1.2538284611592534,-0.6235653572009022,0.5411631843206696,0.8952355332388096,-0.5752392331513277,1.1829504741833508,1.5094836670179137,1.0540814892869683,2.589813839128907,-0.29919213206884443,1.785644419670864,0.0,0.0,0.0,19-22,Mother-Daughter,3.2433333333333336,4.157407407407407,0.5925925925925926,0,0
F0120,7,C1,Central,47,0,Rural,2,Female,1,Male,55,22.4,2,4.27,3.72,2.24,3.12,5,3,5,3,4,4,4.0,2,2,3,2,3,2.4,3,2,3,3,3,2.8,3.02,3,3,4,4,4,2,3.33,2,3,2,2,3,2.4,1,2,2,2,2,1.8,2.45,3,5,4,3,3.75,0.57376223233624,-1.3631108633552536,-0.09250140437526819,-0.6700502964205359,0.2217754243889392,-1.1588694495952054,-0.7537403280214202,-0.8145637702999129,0.007877456300477073,0.3286205283804585,-0.32637952298997935,-2.01758962688335,-0.5238032016775316,-0.4970495258166494,0.0094836670179137,0.5540814892869683,-1.8101861608710927,-0.0991921320688447,-0.004713852194257002,-0.0,0.0,-0.0,19-22,Mother-Son,3.5180000000000002,3.83,0.56,1,0
F0122,14,W2,Western,93,0,Rural,2,Female,1,Male,45,14.6,2,1.5,3.89,2.72,2.47,4,4,5,4,4,4,4.17,3,3,4,4,3,3.4,3,3,2,3,2,2.6,3.37,2,3,2,2,3,2,2.33,3,2,2,2,2,2.2,2,2,1,1,1,1.4,1.93,3,1,1,1,1.5,0.7498005613240603,-0.610088388197615,-0.27901096404693065,-0.19823090707120175,-0.8853323472358098,-1.327925676434596,-1.1649501994168372,-1.426913610906215,-1.8610490509876876,-1.8878121632669111,-0.053264226244034214,-1.367284474856077,-1.6382505502764373,-0.14704952581664932,-2.2405163329820863,0.7240814892869682,-0.8101861608710927,-0.29919213206884443,0.32946686434947375,-0.0,-0.0,0.0,12-15,Mother-Son,3.3927272727272726,3.772727272727273,0.4090909090909091,0,1
F0125,13,W1,Western,85,0,Rural,2,Female,1,Male,43,15.3,3,4.39,3.69,3.93,3.15,3,3,3,3,3,4,3.17,4,3,2,3,3,3.0,1,2,1,1,2,1.4,2.75,3,4,4,4,2,3,3.33,4,5,4,4,3,4.0,4,2,2,2,2,2.4,3.1,4,5,3,4,4.0,-0.285719020957236,-0.9112973782606704,-1.398068322076907,-1.0340252539185937,0.2217754243889392,0.1935803651199204,-0.13692552092829502,-0.04912646954203574,0.21553595711027312,0.42463927314496563,-0.3745763400627936,0.27202642921267356,-0.4723671702037363,-0.7670495258166494,0.2594836670179137,-0.27591851071303175,-1.2101861608710927,-1.4991921320688446,-0.19903682374325607,-0.0,0.0,-0.0,12-15,Mother-Son,3.5095652173913043,4.032608695652174,0.5217391304347826,0,1
F0127,5,E5,Eastern,32,0,Rural,1,Male,1,Male,48,21.9,3,4.71,3.47,4.33,4.2,3,3,3,2,3,3,2.83,6,6,6,5,6,5.8,2,2,2,2,2,2.0,3.36,3,2,3,3,3,3,2.83,4,4,4,5,4,4.2,3,2,3,4,3,3.0,3.43,6,5,5,5,5.25,-0.6377956789328766,1.1971655521807174,-0.8385396430619187,-0.21171146105261163,-0.33177846142343526,0.3626365919593113,0.4798892861648304,0.339480160073502,1.2538284611592534,0.6806892591836512,-0.7280196652634282,0.8139473892354009,1.3278939313791118,-0.15704952581664955,1.5094836670179137,-0.6159185107130316,1.5898138391289072,-0.8991921320688445,-0.23706369413314066,-0.0,0.0,-0.0,19-22,Father-Son,3.5572000000000004,3.65,0.56,0,0
F0130,7,C1,Central,47,0,Rural,2,Female,2,Female,44,17.3,2,2.35,3.72,2.24,3.12,4,4,3,5,3,4,3.83,7,6,6,6,7,6.4,2,3,4,3,3,3.0,4.38,3,4,4,4,4,3,3.67,5,4,4,4,5,4.4,4,3,4,3,2,3.2,3.71,3,4,4,3,3.5,0.3977239033484197,1.648979037275301,0.09400815529639468,1.163305045051162,0.5981920667413537,0.5316928187987021,0.685494221862539,0.6692069973230489,-0.199781044509319,-1.2076793878516532,-0.32637952298997935,-2.01758962688335,-0.5238032016775316,0.8629504741833505,-0.2405163329820863,0.3840814892869684,2.1898138391289077,0.10080786793115548,-0.20755368359573198,0.0,-0.0,-0.0,16-18,Mother-Daughter,3.5180000000000002,3.83,0.56,1,0
F0133,13,W1,Western,87,0,Rural,2,Female,1,Male,55,24.2,4,3.75,3.74,3.03,3.07,4,2,2,2,4,3,2.83,3,2,3,3,2,2.6,2,1,1,2,2,1.6,2.49,1,3,3,2,2,3,2.33,4,4,4,3,4,3.8,1,2,1,2,1,1.4,2.26,3,4,4,4,3.75,-0.6377956789328766,-1.2125063683237256,-1.2115587624052442,-1.3845196574352416,-0.8853323472358098,0.02452413828052955,-1.1649501994168372,-1.0383069812906776,0.007877456300477073,-0.08746069893240481,-0.2942483116081034,-0.9472957308384639,-0.6095299208005248,-1.0270495258166492,0.0094836670179137,-0.6159185107130316,-1.6101861608710926,-1.2991921320688444,-0.009740195713751261,-0.0,0.0,-0.0,23-25,Mother-Son,3.35,3.0357142857142856,0.42857142857142855,0,1
F0136,13,W1,Western,90,0,Rural,1,Male,1,Male,46,15.0,2,5.91,3.02,2.42,2.99,2,2,2,2,1,1,1.67,2,2,1,3,2,2.0,3,2,2,3,1,2.2,1.97,2,2,2,3,2,2,2.17,2,3,1,2,3,2.2,4,3,2,3,3,3.0,2.48,4,4,5,5,4.5,-1.8389983943791806,-1.6643198534183088,-0.6520300833902559,-2.085508464468538,-1.0624695906957697,-1.327925676434596,0.4798892861648304,-0.7792358948803189,0.6308529587298652,1.6408767068287213,-1.4509719213556365,-1.773725194873123,-0.7466926713973127,-1.5470495258166495,0.7594836670179137,-1.7759185107130318,-2.2101861608710927,-0.6991921320688443,-1.1749588469255534,-0.0,0.0,-0.0,12-15,Father-Son,3.4153846153846152,3.4326923076923075,0.38461538461538464,0,1
F0137,6,E6,Eastern,42,0,Rural,1,Male,1,Male,50,20.3,2,2.32,3.18,3.09,3.67,2,2,2,3,2,1,2.0,2,2,2,1,2,1.8,1,2,1,2,2,1.6,1.54,1,2,1,2,2,2,1.67,3,3,3,2,3,2.8,2,3,2,2,2,2.2,2.19,4,6,6,5,5.25,-1.4972769322263526,-1.8149243484498367,-1.2115587624052442,-2.6651722856691484,-1.6160234765081443,-0.820756995916424,-0.3425304566260032,-1.120738690603064,1.2538284611592534,-1.2316840740427801,-1.193922230300629,-0.8660075868350546,0.4191907086753883,-1.9770495258166494,1.5094836670179137,-1.4459185107130317,-2.410186160871093,-1.2991921320688444,-2.9843239681057434,-0.0,0.0,-0.0,19-22,Father-Son,3.636060606060606,3.909090909090909,0.5757575757575758,0,0
F0139,9,C3,Central,58,0,Rural,1,Male,2,Female,40,20.7,3,3.71,3.04,2.73,3.17,3,3,3,3,3,4,3.17,1,1,3,2,3,2.0,3,2,2,2,2,2.2,2.39,2,3,2,2,2,3,2.33,1,1,1,2,1,1.2,3,3,2,1,2,2.2,2.08,5,4,3,3,3.75,-0.285719020957236,-1.6643198534183088,-0.6520300833902559,-1.5193251972493371,-0.8853323472358098,-2.1732068106315494,-0.3425304566260032,-1.250274233808243,0.007877456300477073,-0.1194669471872405,-1.4188407099737605,-1.3537364508555092,-0.4380764825545392,-1.1270495258166493,0.0094836670179137,-0.27591851071303175,-2.2101861608710927,-0.6991921320688443,-0.010688562415542632,-0.0,0.0,-0.0,19-22,Father-Daughter,3.3766666666666665,3.475,0.43333333333333335,1,0
F0141,3,E3,Eastern,16,0,Rural,2,Female,1,Male,43,18.0,3,3.65,2.85,2.85,2.75,1,2,1,1,1,1,1.17,3,2,2,1,2,2.0,2,3,3,3,2,2.6,1.92,2,2,2,2,3,1,2.0,4,2,5,3,4,3.6,2,2,3,3,4,2.8,2.66,4,4,5,5,4.5,-2.3567581855198285,-1.6643198534183088,-0.27901096404693065,-2.152911234375586,-1.250677911871977,-0.14453208855886093,0.2742843504671218,-0.5672686423627527,0.6308529587298652,-0.16747631956949405,-1.7240872181015816,-1.1911601628486908,-1.1581809231876783,-1.5970495258166495,0.7594836670179137,-2.2759185107130318,-2.2101861608710927,-0.29919213206884443,-1.2129330302764492,-0.0,0.0,-0.0,16-18,Mother-Son,3.6174074074074074,3.6666666666666665,0.48148148148148145,0,0
F0142,14,W2,Western,96,0,Rural,1,Male,1,Male,37,12.0,3,3.9,2.82,2.41,2.58,5,6,5,5,6,6,5.5,3,2,2,2,3,2.4,1,2,2,1,2,1.6,3.1,2,3,3,4,2,2,2.67,3,3,2,3,3,2.8,1,1,2,1,1,1.2,2.06,1,1,1,2,1.25,2.1270416057581847,-1.3631108633552536,-1.2115587624052442,-0.5622058645692595,-0.5089157048833953,-0.820756995916424,-1.3705551351145455,-1.2738261507546393,-2.0687075517974836,0.03256273202322888,-1.7722840351743958,-1.787273218873691,-1.4496517682058534,-0.41704952581664934,-2.4905163329820863,2.0540814892869683,-1.8101861608710927,-1.2991921320688444,1.0386686557087994,-0.0,-0.0,0.0,12-15,Father-Son,3.5119999999999996,3.7375,0.5,0,1
F0143,10,C4,Central,66,0,Rural,1,Male,2,Female,44,23.4,1,3.24,4.29,4.3,3.24,4,4,4,3,4,4,3.83,2,3,2,1,2,2.0,3,2,3,3,3,2.8,2.62,3,2,2,2,2,3,2.33,2,3,2,1,3,2.2,2,1,1,2,1,1.4,1.84,1,1,1,2,1.25,0.3977239033484197,-1.6643198534183088,-0.09250140437526819,-1.2092724556769177,-0.8853323472358098,-1.327925676434596,-1.1649501994168372,-1.5328972371649978,-2.0687075517974836,-0.4955403641815594,0.5893600013934839,0.773303317233696,-0.3180590757823488,-0.8970495258166493,-2.4905163329820863,0.3840814892869684,-2.2101861608710927,-0.0991921320688447,2.2341164955402006,-0.0,-0.0,0.0,23-25,Father-Daughter,3.546666666666667,3.425925925925926,0.4444444444444444,1,0
F0145,10,C4,Central,70,0,Rural,2,Female,2,Female,42,14.6,2,2.64,3.76,4.15,2.89,5,3,5,4,3,3,3.83,4,5,5,5,5,4.8,1,3,2,2,2,2.0,3.63,5,4,3,4,4,4,4.0,2,1,1,2,2,1.6,1,2,2,2,1,1.6,2.44,2,2,2,2,2.0,0.3977239033484197,0.4441430770230789,-0.8385396430619187,0.15226349644544612,0.9635376313775209,-1.8350943569527682,-0.9593452637191285,-0.8263397287731113,-1.4457320493680954,-0.9756340880040945,-0.2621171002262282,0.570082957225174,-0.9181461096432982,0.11295047418335047,-1.7405163329820863,0.3840814892869684,0.5898138391289072,-0.8991921320688445,-0.19659214513419296,0.0,-0.0,-0.0,12-15,Mother-Daughter,3.5570833333333334,3.75,0.5416666666666666,1,0
F0149,17,W5,Western,114,0,Rural,2,Female,2,Female,49,21.9,1,3.91,4.42,3.87,3.41,4,4,5,6,4,5,4.67,2,2,2,2,2,2.0,1,1,1,1,2,1.2,2.37,2,3,3,3,3,4,3.0,1,1,2,1,2,1.4,1,2,1,1,3,1.6,1.79,2,2,2,2,2.0,1.2675603524647086,-1.6643198534183088,-1.5845778817485696,-1.5462863052121563,-0.14357014024722803,-2.004150583792159,-0.9593452637191285,-1.5917770295309885,-1.4457320493680954,0.04056429408693798,0.7982128753756771,0.19073828520926436,-0.02658823076417361,-1.1470495258166493,-1.7405163329820863,1.2240814892869682,-2.2101861608710927,-1.6991921320688446,1.9964584344232355,-0.0,-0.0,0.0,19-22,Mother-Daughter,3.439090909090909,3.522727272727273,0.5909090909090909,0,1
F0152,11,C5,Central,77,0,Rural,2,Female,1,Male,46,15.2,2,4.25,3.8,3.11,3.25,3,3,3,4,4,4,3.5,4,2,2,3,3,2.8,1,4,3,4,2,2.8,3.02,2,3,3,4,3,2,2.83,4,4,5,4,5,4.4,2,2,1,3,2,2.0,3.07,4,4,3,4,3.75,0.05600244119559184,-1.061901873292198,-0.09250140437526819,-0.6700502964205359,-0.33177846142343526,0.5316928187987021,-0.5481353923237118,-0.08445434496163037,0.007877456300477073,0.3126174042530411,-0.19785467746247629,-0.8389115388339182,-0.3009137319577507,-0.4970495258166494,0.0094836670179137,0.05408148928696832,-1.4101861608710928,-0.0991921320688447,-0.004713852194257002,-0.0,0.0,-0.0,12-15,Mother-Son,3.7358333333333333,4.03125,0.75,1,0
F0155,15,W3,Western,105,0,Rural,1,Male,1,Male,44,14.7,3,5.06,3.95,4.18,3.72,4,3,4,3,3,3,3.33,4,4,4,4,3,3.8,1,1,1,1,1,1.0,2.5,2,2,1,1,3,2,1.83,2,3,2,2,2,2.2,1,1,1,1,1,1.0,1.71,2,1,1,1,1.25,-0.12003588779222847,-0.3088793981345596,-1.7710874414202322,-1.3710391034538323,-1.4388862330481842,-1.327925676434596,-1.576160070812254,-1.6859846973165735,-2.0687075517974836,0.960743931413463,0.04312940790159361,0.6107270292268776,0.5049174277983816,-1.0170495258166494,-2.4905163329820863,-0.11591851071303161,-0.41018616087109283,-1.8991921320688445,2.5329784554980512,-0.0,-0.0,0.0,12-15,Father-Son,3.337037037037037,3.1203703703703702,0.5555555555555556,0,1
F0168,15,W3,Western,103,0,Rural,1,Male,2,Female,53,21.6,3,2.83,4.29,3.35,3.23,4,4,3,4,3,3,3.5,4,5,5,4,5,4.6,4,3,3,5,5,4.0,3.9,1,1,2,2,2,2,1.67,3,4,3,3,4,3.4,2,2,2,2,2,2.0,2.29,2,1,3,2,2.0,0.05600244119559184,0.2935385819915511,1.0265559536547082,0.5162384539435039,-1.6160234765081443,-0.3135883153982518,-0.5481353923237118,-1.0029791058710829,-1.4457320493680954,-0.8236044087936252,0.5893600013934839,-0.5137589628202814,-0.3352044196069478,0.3829504741833505,-1.7405163329820863,0.05408148928696832,0.389813839128907,1.1008078679311555,-0.6665315550393563,0.0,-0.0,-0.0,19-22,Father-Daughter,3.6488888888888886,3.537037037037037,0.6666666666666666,0,1
F0169,8,C2,Central,56,0,Rural,1,Male,2,Female,49,19.3,2,3.4,3.71,3.28,4.03,2,3,2,2,2,2,2.17,4,4,4,3,4,3.8,3,3,2,3,3,2.8,2.77,3,2,3,3,2,2,2.5,2,3,3,2,3,2.6,2,1,3,3,1,2.0,2.31,3,3,3,2,2.75,-1.3212386032385324,-0.3088793981345596,-0.09250140437526819,-1.0070641459557745,-0.6971240260596026,-0.9898132227558145,-0.5481353923237118,-0.9794271889246866,-0.8227565469387071,-0.367515371162217,-0.34244512868091764,-0.6085951308242591,1.0364230863609367,-0.7470495258166494,-0.9905163329820863,-1.2759185107130318,-0.41018616087109283,-0.0991921320688447,0.739964756867914,-0.0,-0.0,0.0,19-22,Father-Daughter,3.631,4.083333333333333,0.4666666666666667,1,0
F0170,5,E5,Eastern,32,0,Rural,2,Female,1,Male,40,13.5,2,3.85,3.47,4.33,4.2,3,1,2,3,3,1,2.17,2,3,3,3,2,2.6,1,2,2,1,1,1.4,2.1,2,2,2,3,2,3,2.33,4,3,4,5,3,3.8,2,2,2,3,2,2.2,2.79,4,4,4,5,4.25,-1.3212386032385324,-1.2125063683237256,-1.398068322076907,-1.910261262710214,-0.8853323472358098,0.02452413828052955,-0.3425304566260032,-0.4141811822111773,0.4231944579200692,-0.0074450782953155645,-0.7280196652634282,0.8139473892354009,1.3278939313791118,-1.4170495258166493,0.5094836670179137,-1.2759185107130318,-1.6101861608710926,-1.4991921320688446,-0.7219635887590623,-0.0,0.0,-0.0,12-15,Mother-Son,3.5572000000000004,3.65,0.56,0,0
F0172,14,W2,Western,92,0,Rural,1,Male,2,Female,40,12.5,2,3.12,4.35,3.7,3.77,3,3,4,3,4,2,3.17,5,4,4,5,4,4.4,3,4,3,3,3,3.2,3.66,3,4,3,4,4,3,3.5,4,4,3,4,4,3.8,3,2,3,3,3,2.8,3.58,5,5,5,5,5.0,-0.285719020957236,0.1429340869600239,0.28051771496805755,0.19270515838967509,0.40998374556514644,0.02452413828052955,0.2742843504671218,0.5161195371714736,1.0461699603494574,-0.5915591089460664,0.685753635539111,-0.03957812280039473,0.590644146921374,0.14295047418335072,1.2594836670179137,-0.27591851071303175,0.1898138391289077,0.30080786793115566,0.18004378742639615,0.0,0.0,0.0,12-15,Father-Daughter,3.7422222222222223,3.8055555555555554,0.5555555555555556,0,1
F0173,13,W1,Western,88,0,Rural,2,Female,2,Female,52,22.1,3,2.88,3.73,3.09,2.48,2,4,4,3,4,4,3.5,4,4,4,3,4,3.8,1,1,1,1,1,1.0,2.7,3,3,4,4,3,4,3.5,5,5,5,6,5,5.2,2,2,1,2,3,2.0,3.59,6,6,6,6,6.0,0.05600244119559184,-0.3088793981345596,-1.7710874414202322,-1.101428023825641,0.40998374556514644,1.2079177261562648,-0.5481353923237118,0.5278954956446714,1.8768039635886415,-0.7835965984750807,-0.31031391729904173,-0.8660075868350546,-1.621105206451839,-0.8170495258166492,2.2594836670179137,0.05408148928696832,-0.41018616087109283,-1.8991921320688445,-1.8461100587274502,-0.0,0.0,-0.0,19-22,Mother-Daughter,3.3708333333333336,3.8229166666666665,0.5833333333333334,0,1
F0174,4,E4,Eastern,28,0,Rural,2,Female,1,Male,44,20.1,2,3.25,4.63,3.85,2.57,3,4,4,3,3,4,3.5,2,2,2,2,1,1.8,2,3,2,3,2,2.4,2.84,3,2,4,4,4,3,3.33,3,2,3,3,2,2.6,1,1,1,2,2,1.4,2.35,4,3,3,4,3.5,0.05600244119559184,-1.8149243484498367,-0.4655205237185935,-0.912700268085908,0.2217754243889392,-0.9898132227558145,-1.1649501994168372,-0.9323233550318941,-0.199781044509319,-0.48753880211785067,1.1355905948853742,0.16364223720812796,-1.4667971120304524,-0.6770495258166496,-0.2405163329820863,0.05408148928696832,-2.410186160871093,-0.4991921320688446,0.1628414691966809,-0.0,-0.0,0.0,19-22,Mother-Son,3.8549999999999995,3.6,0.7,0,0
F0176,5,E5,Eastern,30,0,Rural,2,Female,1,Male,45,22.7,5,1.62,3.56,3.62,2.82,4,4,4,5,4,3,4.0,1,2,2,1,2,1.6,1,1,2,1,1,1.2,2.31,1,2,2,1,2,1,1.5,2,2,3,4,3,2.8,2,1,2,2,3,2.0,2.39,3,3,4,4,3.5,0.57376223233624,-1.9655288434813643,-1.5845778817485696,-1.6271696291006135,-1.8042317976843516,-0.820756995916424,-0.5481353923237118,-0.8852195211391016,-0.199781044509319,-1.791793418502404,-0.5834292140449868,-0.14796231480494032,-1.0381635164154885,-1.2070495258166494,-0.2405163329820863,0.5540814892869683,-2.6101861608710926,-1.6991921320688446,0.2903151256771866,-0.0,-0.0,0.0,19-22,Mother-Son,3.4215999999999998,3.83,0.76,0,0
F0178,9,C3,Central,61,0,Rural,2,Female,2,Female,46,17.5,3,4.49,3.55,2.98,3.67,3,3,2,3,3,3,2.83,6,5,4,4,5,4.8,3,2,2,3,2,2.4,3.15,2,2,2,2,2,1,1.83,3,3,3,3,3,3.0,2,1,2,1,2,1.6,2.0,3,3,2,2,2.5,-0.6377956789328766,0.4441430770230789,-0.4655205237185935,-0.494803094662212,-1.4388862330481842,-0.6517007690770332,-0.9593452637191285,-1.344481901593828,-1.0304150477485032,0.5046548937820552,-0.5994948197359252,-1.0150358508413044,0.4191907086753883,-0.3670495258166495,-1.2405163329820863,-0.6159185107130316,0.5898138391289072,-0.4991921320688446,0.4553309317888837,-0.0,-0.0,0.0,16-18,Mother-Daughter,3.3058333333333336,3.7083333333333335,0.375,1,0
F0181,15,W3,Western,102,0,Rural,2,Female,1,Male,52,18.7,3,4.03,3.12,1.74,2.85,4,3,4,3,4,4,3.67,5,5,6,6,5,5.4,5,5,4,5,4,4.6,4.5,2,1,2,2,1,2,1.67,3,2,3,3,3,2.8,2,2,2,3,3,2.4,2.23,1,2,1,1,1.25,0.23204077018341215,0.8959565621176624,1.5860846326696958,1.3250716928280766,-1.6160234765081443,-0.820756995916424,-0.13692552092829502,-1.0736348567102716,-2.0687075517974836,0.13658303885144507,-1.290315864446257,-2.6949908269117597,-0.9867274849416925,0.9829504741833506,-2.4905163329820863,0.22408148928696825,1.1898138391289077,1.7008078679311551,-2.4480542104661214,0.0,-0.0,-0.0,16-18,Mother-Son,3.3176923076923077,3.826923076923077,0.46153846153846156,0,1
F0183,17,W5,Western,114,0,Rural,1,Male,1,Male,47,18.6,4,2.72,4.42,3.87,3.41,2,3,2,3,3,2,2.5,2,2,3,2,3,2.4,4,5,4,4,3,4.0,3.07,2,3,3,2,2,2,2.33,3,3,4,3,3,3.2,3,2,4,3,3,3.0,2.74,4,3,4,3,3.5,-0.9795171410857045,-1.3631108633552536,1.0265559536547082,-0.6026475265134884,-0.8853323472358098,-0.4826445422376423,0.4798892861648304,-0.4730609745771676,-0.199781044509319,-0.9116215914944231,0.7982128753756771,0.19073828520926436,-0.02658823076417361,-0.4470495258166496,-0.2405163329820863,-0.9459185107130317,-1.8101861608710927,1.1008078679311555,0.10752271261080108,-0.0,-0.0,0.0,16-18,Father-Son,3.439090909090909,3.522727272727273,0.5909090909090909,0,1
F0184,3,E3,Eastern,15,0,Rural,1,Male,2,Female,45,18.8,2,2.34,4.68,4.44,3.04,4,4,3,4,5,3,3.83,4,4,5,4,4,4.2,4,4,2,3,4,3.4,3.96,3,4,3,3,3,3,3.17,4,3,4,4,4,3.8,3,3,2,2,2,2.4,3.01,5,4,4,4,4.25,0.3977239033484197,-0.0076704080715039435,0.46702727463972,0.5971217778319612,0.04463818092897921,0.02452413828052955,-0.13692552092829502,-0.1551100958008191,0.4231944579200692,-1.2156809499153622,1.2159186233400636,0.9629756532416515,-0.6609659522743202,0.44295047418335054,0.5094836670179137,0.3840814892869684,-0.010186160871092476,0.5008078679311554,0.22567603189425714,0.0,0.0,0.0,16-18,Father-Daughter,3.4895833333333335,3.5416666666666665,0.4166666666666667,0,0
F0185,9,C3,Central,57,0,Rural,1,Male,1,Male,50,25.4,2,1.77,3.34,3.02,2.26,2,3,3,2,2,3,2.5,6,6,5,6,5,5.6,4,3,4,4,3,3.6,3.6,2,3,2,3,2,2,2.33,4,4,3,3,4,3.6,2,2,2,3,2,2.2,2.7,2,2,2,3,2.25,-0.9795171410857045,1.0465610571491897,0.6535368343113829,0.11182183450121774,-0.8853323472358098,-0.14453208855886093,-0.3425304566260032,-0.5201648084699602,-1.2380735485582992,-1.6717699875467704,-0.9368725392456222,-0.9608437548390317,-1.9983027705930074,0.08295047418335066,-1.4905163329820863,-0.9459185107130317,1.389813839128907,0.7008078679311556,-0.12363903659889305,0.0,-0.0,-0.0,23-25,Father-Son,3.637826086956522,3.869565217391304,0.5652173913043478,1,0
F0190,3,E3,Eastern,21,0,Rural,2,Female,2,Female,51,20.5,3,3.19,4.0,4.15,3.16,3,2,4,3,3,3,3.0,3,2,1,2,3,2.2,2,1,1,1,2,1.4,1.95,2,3,2,2,2,3,2.33,2,2,2,3,2,2.2,2,1,2,2,2,1.8,2.27,1,1,2,2,1.5,-0.46175734994505635,-1.513715358386781,-1.398068322076907,-2.1124695724313574,-0.8853323472358098,-1.327925676434596,-0.7537403280214202,-1.026531022817479,-1.8610490509876876,-0.5355481745001042,0.1234574363562831,0.570082957225174,-0.4552218263791374,-1.5670495258166495,-2.2405163329820863,-0.4459185107130317,-2.0101861608710925,-1.4991921320688446,3.5110000571840367,-0.0,-0.0,0.0,19-22,Mother-Daughter,3.367142857142857,3.4107142857142856,0.6071428571428571,0,0
F0191,18,W6,Western,124,0,Rural,1,Male,1,Male,40,14.3,3,4.57,4.32,2.48,3.18,4,4,4,4,4,4,4.0,3,5,3,4,3,3.6,4,3,5,3,3,3.6,3.76,2,2,3,3,2,3,2.5,3,3,4,3,3,3.2,2,3,2,2,2,2.2,2.67,3,3,4,3,3.25,0.57376223233624,-0.4594838931660871,0.6535368343113829,0.32751069820377005,-0.6971240260596026,-0.4826445422376423,-0.3425304566260032,-0.5554926838895548,-0.4074395453191151,0.5686673902917266,0.6375568184662981,-1.692437050869714,-0.42093113872994026,0.24295047418335036,-0.4905163329820863,0.5540814892869683,-0.6101861608710926,0.7008078679311556,-0.11917117569267605,0.0,-0.0,-0.0,12-15,Father-Son,3.6216666666666666,3.513888888888889,0.5,0,1
F0196,12,C6,Central,83,0,Rural,2,Female,2,Female,44,13.1,5,1.98,3.81,3.97,3.46,1,2,3,2,2,3,2.17,5,6,5,5,5,5.2,1,1,2,1,1,1.2,2.85,1,2,1,2,2,1,1.5,3,3,3,2,4,3.0,1,1,1,1,1,1.0,2.11,3,2,2,2,2.25,-1.3212386032385324,0.7453520670861346,-1.5845778817485696,-0.8992197141044981,-1.8042317976843516,-0.6517007690770332,-1.576160070812254,-1.214946358388649,-1.2380735485582992,-1.5037371842088831,-0.18178907177153797,0.3262185252149464,0.05913848835881884,-0.6670495258166493,-1.4905163329820863,-1.2759185107130318,0.9898138391289075,-1.6991921320688446,0.9942482131376716,-0.0,-0.0,0.0,12-15,Mother-Daughter,3.5046666666666666,3.9916666666666667,0.6666666666666666,1,0
F0199,7,C1,Central,47,0,Rural,2,Female,2,Female,51,21.4,2,1.93,3.72,2.24,3.12,3,3,3,4,3,4,3.33,2,2,3,3,3,2.6,3,3,3,2,3,2.8,2.83,2,4,2,3,3,2,2.67,3,3,3,2,2,2.6,2,2,2,3,3,2.4,2.66,4,2,3,2,2.75,-0.12003588779222847,-1.2125063683237256,-0.09250140437526819,-0.9261808220673172,-0.5089157048833953,-0.9898132227558145,-0.13692552092829502,-0.5672686423627527,-0.8227565469387071,-1.5437449945274277,-0.32637952298997935,-2.01758962688335,-0.5238032016775316,-0.6870495258166494,-0.9905163329820863,-0.11591851071303161,-1.6101861608710926,-0.0991921320688447,0.6805337768889888,-0.0,-0.0,0.0,19-22,Mother-Daughter,3.5180000000000002,3.83,0.56,1,0
F0203,1,E1,Eastern,4,0,Rural,1,Male,1,Male,43,16.0,1,1.47,3.37,2.16,3.35,3,3,3,3,3,3,3.0,5,6,6,5,6,5.6,1,2,1,2,1,1.4,3.3,2,1,1,1,2,2,1.5,1,2,1,1,2,1.4,2,1,1,1,1,1.2,1.48,1,1,1,1,1.0,-0.46175734994505635,1.0465610571491897,-1.398068322076907,-0.29259478494106894,-1.8042317976843516,-2.004150583792159,-1.3705551351145455,-1.95683174220013,-2.2763660526072798,-1.911816849458038,-0.8886757221728079,-2.125973818887896,-0.129460293711765,-0.2170495258166496,-2.7405163329820863,-0.4459185107130317,1.389813839128907,-1.4991921320688446,0.5948277705665452,-0.0,-0.0,0.0,16-18,Father-Son,3.3230434782608693,3.5760869565217392,0.391304347826087,0,0
F0206,11,C5,Central,77,0,Rural,1,Male,1,Male,48,18.4,3,3.44,3.8,3.11,3.25,2,2,2,3,2,2,2.17,5,3,3,4,4,3.8,3,3,2,3,2,2.6,2.77,2,1,2,2,2,1,1.67,2,3,3,1,4,2.6,3,2,2,3,2,2.4,2.51,4,4,4,4,4.0,-1.3212386032385324,-0.3088793981345596,-0.27901096404693065,-1.0070641459557745,-1.6160234765081443,-0.9898132227558145,-0.13692552092829502,-0.7439080194607247,0.21553595711027312,-0.3355091229073813,-0.19785467746247629,-0.8389115388339182,-0.3009137319577507,-0.7470495258166494,0.2594836670179137,-1.2759185107130318,-0.41018616087109283,-0.29919213206884443,-0.19384715040289777,-0.0,0.0,-0.0,16-18,Father-Son,3.7358333333333333,4.03125,0.75,1,0
F0207,2,E2,Eastern,13,0,Rural,2,Female,1,Male,42,14.2,4,3.16,4.03,2.56,3.11,3,2,3,3,3,3,2.83,5,5,5,7,6,5.6,1,2,2,1,1,1.4,3.46,3,2,3,3,2,3,2.67,5,5,4,4,3,4.2,1,2,1,2,1,1.4,2.54,3,2,2,3,2.5,-0.6377956789328766,1.0465610571491897,-1.398068322076907,-0.07690592123851604,-0.5089157048833953,0.3626365919593113,-1.1649501994168372,-0.7085801440411301,-1.0304150477485032,-0.5595528606912308,0.17165425342909738,-1.5840528588651683,-0.5409485455021306,-0.05704952581664946,-1.2405163329820863,-0.6159185107130316,1.389813839128907,-1.4991921320688446,0.07077086856443685,-0.0,-0.0,0.0,12-15,Mother-Son,3.4699999999999998,3.673076923076923,0.23076923076923078,0,0
F0209,4,E4,Eastern,24,0,Rural,1,Male,2,Female,52,21.5,4,3.37,3.62,3.33,3.54,3,3,5,4,3,3,3.5,6,4,4,4,4,4.4,2,2,3,1,2,2.0,3.45,2,3,2,2,3,2,2.33,1,3,3,2,2,2.2,1,1,2,1,1,1.2,2.3,3,4,3,3,3.25,0.05600244119559184,0.1429340869600239,-0.8385396430619187,-0.09038647521992531,-0.8853323472358098,-1.327925676434596,-1.3705551351145455,-0.9912031473978851,-0.4074395453191151,-0.39152005735334355,-0.48703557989935903,-0.5408550108214178,0.19630123895560736,-0.06704952581664925,-0.4905163329820863,0.05408148928696832,0.1898138391289077,-0.8991921320688445,0.032888887531770515,-0.0,-0.0,0.0,19-22,Father-Daughter,3.5157692307692305,3.4615384615384617,0.4230769230769231,0,0
F0213,5,E5,Eastern,29,0,Rural,2,Female,2,Female,40,17.5,3,2.11,3.32,2.76,2.84,3,3,3,4,3,3,3.17,3,4,3,3,5,3.6,4,3,4,3,3,3.4,3.56,2,3,3,3,3,2,2.67,3,3,2,4,3,3.0,2,3,2,3,4,2.8,2.91,3,4,4,3,3.5,-0.285719020957236,-0.4594838931660871,0.46702727463972,0.057899618575579515,-0.5089157048833953,-0.6517007690770332,0.2742843504671218,-0.2728696805327998,-0.199781044509319,-1.3997168773806674,-0.9690037506274981,-1.313092378853805,-1.0038728287662915,0.04295047418335063,-0.2405163329820863,-0.27591851071303175,-0.6101861608710926,0.5008078679311554,-0.010330290550421261,0.0,-0.0,-0.0,16-18,Mother-Daughter,3.325,3.775,0.4,0,0
F0215,9,C3,Central,58,0,Rural,2,Female,1,Male,43,15.4,3,3.59,3.04,2.73,3.17,3,4,3,4,3,4,3.5,5,5,6,5,5,5.2,2,4,4,2,3,3.0,3.8,2,3,2,3,3,3,2.67,4,5,4,5,4,4.4,3,2,2,4,3,2.8,3.26,4,4,4,4,4.0,0.05600244119559184,0.7453520670861346,0.09400815529639468,0.3814329141294083,-0.5089157048833953,0.5316928187987021,0.2742843504671218,0.1392888660291337,0.21553595711027312,-0.2154856919517476,-1.4188407099737605,-1.3537364508555092,-0.4380764825545392,0.2829504741833504,0.2594836670179137,0.05408148928696832,0.9898138391289075,0.10080786793115548,0.07342102662555328,0.0,0.0,0.0,12-15,Mother-Son,3.3766666666666665,3.475,0.43333333333333335,1,0
F0217,2,E2,Eastern,14,0,Rural,2,Female,2,Female,46,18.8,3,2.24,4.0,2.67,2.74,1,1,1,1,1,1,1.0,5,4,3,3,4,3.8,3,4,3,2,3,3.0,2.58,3,3,3,3,3,3,3.0,1,2,2,3,2,2.0,2,3,3,1,3,2.4,2.36,4,3,3,2,3.0,-2.532796514507649,-0.3088793981345596,0.09400815529639468,-1.2631946716025557,-0.14357014024722803,-1.4969819032739868,-0.13692552092829502,-0.9205473965586963,-0.6150980461289112,-1.295696570552451,0.1234574363562831,-1.4350245948589184,-1.1753262670122764,-0.9370495258166494,-0.7405163329820863,-2.4459185107130317,-0.41018616087109283,0.10080786793115548,0.693900478680348,-0.0,-0.0,0.0,16-18,Mother-Daughter,3.43,3.8684210526315788,0.5263157894736842,0,0
F0220,9,C3,Central,57,0,Rural,1,Male,2,Female,40,17.3,2,3.52,3.34,3.02,2.26,4,5,5,5,5,5,4.83,4,4,4,4,3,3.8,4,5,5,4,4,4.4,4.3,4,3,4,4,4,3,3.67,5,5,5,5,4,4.8,4,4,5,3,4,4.0,4.21,6,5,6,6,5.75,1.433243485629716,-0.3088793981345596,1.3995750729980339,1.0554606131998856,0.5981920667413537,0.8698052724774832,1.5079139646533726,1.2580049209829545,1.6691454627788456,-0.2714966263977099,-0.9368725392456222,-0.9608437548390317,-1.9983027705930074,0.7829504741833504,2.0094836670179137,1.3840814892869684,-0.41018616087109283,1.5008078679311558,1.5733261899553734,0.0,0.0,0.0,16-18,Father-Daughter,3.637826086956522,3.869565217391304,0.5652173913043478,1,0
F0221,17,W5,Western,117,0,Rural,2,Female,2,Female,45,16.9,2,1.87,3.66,2.8,2.69,3,3,3,2,3,3,2.83,5,4,5,4,4,4.4,3,5,4,4,5,4.2,3.75,3,3,2,3,3,3,2.83,2,1,2,2,2,1.8,2,1,2,1,2,1.6,1.94,2,1,1,1,1.25,-0.6377956789328766,0.1429340869600239,1.213065513326371,0.3140301442223608,-0.33177846142343526,-1.6660381301133775,-0.9593452637191285,-1.4151376524330168,-2.0687075517974836,-1.5917543669096812,-0.42277315713560715,-1.258900282851532,-1.2610529861352695,0.23295047418335058,-2.4905163329820863,-0.6159185107130316,0.1898138391289077,1.3008078679311557,-0.5801669607295564,0.0,-0.0,-0.0,16-18,Mother-Daughter,3.5182352941176473,3.676470588235294,0.6470588235294118,0,1
F0223,1,E1,Eastern,7,0,Rural,2,Female,1,Male,38,12.7,2,1.72,3.56,4.48,3.65,2,1,2,2,1,2,1.67,2,3,3,1,3,2.4,3,3,2,2,2,2.4,2.36,1,2,2,1,2,3,1.83,1,1,1,1,1,1.0,1,1,1,2,1,1.2,1.38,1,2,1,1,1.25,-1.8389983943791806,-1.3631108633552536,-0.4655205237185935,-1.559766859193566,-1.4388862330481842,-2.3422630374709406,-1.3705551351145455,-2.074591326932111,-2.0687075517974836,-1.7117777978653153,-0.5834292140449868,1.0171677492439242,0.3849000210261912,-1.1570495258166495,-2.4905163329820863,-1.7759185107130318,-1.8101861608710927,-0.4991921320688446,2.8816507421155437,-0.0,-0.0,0.0,12-15,Mother-Son,3.5557575757575757,3.537878787878788,0.5757575757575758,0,0
F0225,18,W6,Western,121,0,Rural,1,Male,1,Male,51,24.5,4,2.69,3.74,2.85,2.64,3,2,3,3,3,4,3.0,3,3,3,4,4,3.4,2,1,1,2,1,1.4,2.79,2,2,2,2,2,2,2.0,3,2,3,3,2,2.6,1,1,1,1,2,1.2,1.85,2,3,2,2,2.25,-0.46175734994505635,-0.610088388197615,-1.398068322076907,-0.9801030379929554,-1.250677911871977,-0.9898132227558145,-1.3705551351145455,-1.5211212786917998,-1.2380735485582992,-0.9356262776855501,-0.2942483116081034,-1.1911601628486908,-1.346779705258262,-0.7270495258166494,-1.4905163329820863,-0.4459185107130317,-0.8101861608710927,-1.4991921320688446,1.083679193116597,-0.0,-0.0,0.0,23-25,Father-Son,3.6463636363636365,3.7954545454545454,0.5909090909090909,0,1
F0226,11,C5,Central,73,0,Rural,2,Female,1,Male,37,12.0,3,1.15,3.04,3.51,3.37,4,4,3,3,3,3,3.33,5,4,5,5,5,4.8,3,3,2,3,3,2.8,3.49,3,5,4,4,4,4,4.0,4,4,4,4,4,4.0,4,4,3,4,4,3.8,3.98,5,5,6,5,5.25,-0.12003588779222847,0.4441430770230789,-0.09250140437526819,-0.03646425929428708,0.9635376313775209,0.1935803651199204,1.302309028955664,0.987157876099398,1.2538284611592534,-2.1678668354967234,-1.4188407099737605,-0.29699057881119084,-0.09516960606256787,-0.02704952581664921,1.5094836670179137,-0.11591851071303161,0.5898138391289072,-0.0991921320688447,-0.04083081742081138,-0.0,0.0,-0.0,12-15,Mother-Son,3.2838461538461536,3.8365384615384617,0.5384615384615384,1,0
F0227,6,E6,Eastern,38,0,Rural,2,Female,1,Male,48,15.8,3,1.46,3.36,3.5,2.51,3,3,4,3,3,3,3.17,3,3,2,2,3,2.6,2,2,2,4,4,2.8,2.93,3,2,2,2,1,1,1.83,2,3,4,3,4,3.2,2,2,2,2,2,2.0,2.34,2,2,2,2,2.0,-0.285719020957236,-1.2125063683237256,-0.09250140437526819,-0.7913752822532216,-1.4388862330481842,-0.4826445422376423,-0.5481353923237118,-0.9440993135050926,-1.4457320493680954,-1.919818411521747,-0.9047413278637463,-0.3105386028117587,-1.5696691749780438,-0.5870495258166493,-1.7405163329820863,-0.27591851071303175,-1.6101861608710926,-0.0991921320688447,1.021769287953267,-0.0,-0.0,0.0,12-15,Mother-Son,3.5205263157894735,3.8026315789473686,0.42105263157894735,0,0
F0228,9,C3,Central,60,0,Rural,2,Female,2,Female,48,17.8,2,3.31,3.55,2.66,3.38,1,1,2,1,1,2,1.33,2,2,3,3,2,2.4,2,3,2,2,2,2.2,1.89,3,2,2,2,1,2,2.0,4,4,4,4,3,3.8,4,3,3,3,2,3.0,2.78,3,3,4,3,3.25,-2.191075052354821,-1.3631108633552536,-0.6520300833902559,-2.193352896319815,-1.250677911871977,0.02452413828052955,0.4798892861648304,-0.4259571406843757,-0.4074395453191151,-0.4395294297355971,-0.5994948197359252,-1.4485726188594863,-0.07802426223796968,-1.6270495258166495,-0.4905163329820863,-2.1159185107130316,-1.8101861608710927,-0.6991921320688443,0.7980943669838253,-0.0,-0.0,0.0,16-18,Mother-Daughter,3.2008333333333336,3.5104166666666665,0.2916666666666667,1,0
F0232,9,C3,Central,57,0,Rural,2,Female,2,Female,46,15.8,3,4.0,3.34,3.02,2.26,3,3,4,3,4,3,3.33,5,5,5,5,5,5.0,4,4,4,4,4,4.0,4.23,3,3,3,3,3,2,2.83,1,1,1,2,2,1.4,3,2,2,2,2,2.2,2.46,2,1,2,3,2.0,-0.12003588779222847,0.5947475720546067,1.0265559536547082,0.9610967353300195,-0.33177846142343526,-2.004150583792159,-0.3425304566260032,-0.8027878118267151,-1.4457320493680954,0.11257835266031813,-0.9368725392456222,-0.9608437548390317,-1.9983027705930074,0.712950474183351,-1.7405163329820863,-0.11591851071303161,0.7898138391289073,1.1008078679311555,-1.2409019449234457,0.0,-0.0,-0.0,12-15,Mother-Daughter,3.637826086956522,3.869565217391304,0.5652173913043478,1,0
F0233,12,C6,Central,81,0,Rural,2,Female,1,Male,44,13.6,2,2.31,2.58,3.33,2.75,4,4,4,4,5,4,4.17,3,4,4,3,4,3.6,2,2,3,1,2,2.0,3.32,2,2,2,3,1,3,2.17,2,4,4,4,3,3.4,1,2,3,2,3,2.2,2.79,2,3,2,2,2.25,0.7498005613240603,-0.4594838931660871,-0.8385396430619187,-0.26563367697824986,-1.0624695906957697,-0.3135883153982518,-0.3425304566260032,-0.4141811822111773,-1.2380735485582992,-1.2396856361064887,-2.1578585717569063,-0.5408550108214178,-1.1581809231876783,-0.19704952581664958,-1.4905163329820863,0.7240814892869682,-0.6101861608710926,-0.8991921320688445,0.2937055366360915,-0.0,-0.0,0.0,12-15,Mother-Son,3.0680952380952378,3.857142857142857,0.23809523809523808,1,0
F0238,5,E5,Eastern,29,0,Rural,1,Male,1,Male,45,16.1,3,3.77,3.32,2.76,2.84,3,3,2,3,3,3,2.83,2,3,2,3,2,2.4,3,2,2,3,2,2.4,2.43,2,1,3,2,2,3,2.17,4,3,4,4,3,3.6,1,2,2,2,3,2.0,2.63,3,4,5,4,4.0,-0.6377956789328766,-1.3631108633552536,-0.4655205237185935,-1.4654029813236988,-1.0624695906957697,-0.14453208855886093,-0.5481353923237118,-0.6025965177823472,0.21553595711027312,-0.07145757480498696,-0.9690037506274981,-1.313092378853805,-1.0038728287662915,-1.0870495258166493,0.2594836670179137,-0.6159185107130316,-1.8101861608710927,-0.4991921320688446,-0.2820715971889884,-0.0,0.0,-0.0,16-18,Father-Son,3.325,3.775,0.4,0,0
F0240,18,W6,Western,125,0,Rural,2,Female,1,Male,41,18.9,2,1.93,3.34,2.29,2.97,4,4,4,5,5,4,4.33,2,2,3,3,3,2.6,3,2,3,2,3,2.6,2.98,1,3,1,3,3,4,2.5,1,2,2,2,1,1.6,1,1,2,1,2,1.4,1.69,1,1,1,1,1.0,0.9154836944890679,-1.2125063683237256,-0.27901096404693065,-0.7239725123461742,-0.6971240260596026,-1.8350943569527682,-1.1649501994168372,-1.7095366142629698,-2.2763660526072798,-1.5437449945274277,-0.9368725392456222,-1.9498495068805093,-0.7809833590465097,-0.5370495258166494,-2.7405163329820863,0.8840814892869684,-1.6101861608710926,-0.29919213206884443,1.4717929971208124,-0.0,-0.0,0.0,16-18,Mother-Son,3.3248,3.98,0.4,0,1
F0243,18,W6,Western,121,0,Rural,1,Male,2,Female,37,13.4,2,5.91,3.74,2.85,2.64,3,3,2,3,4,3,3.0,4,5,4,4,4,4.2,1,1,1,2,1,1.2,3.05,2,2,1,3,2,1,1.83,2,3,2,2,2,2.2,1,1,1,2,2,1.4,2.0,2,3,3,2,2.5,-0.46175734994505635,-0.0076704080715039435,-1.5845778817485696,-0.6296086344763075,-1.4388862330481842,-1.327925676434596,-1.1649501994168372,-1.344481901593828,-1.0304150477485032,1.6408767068287213,-0.2942483116081034,-1.1911601628486908,-1.346779705258262,-0.4670495258166496,-1.2405163329820863,-0.4459185107130317,-0.010186160871092476,-1.6991921320688446,0.5793825650870924,-0.0,-0.0,0.0,12-15,Father-Daughter,3.6463636363636365,3.7954545454545454,0.5909090909090909,0,1
F0244,15,W3,Western,105,0,Rural,1,Male,2,Female,50,21.4,1,3.58,3.95,4.18,3.72,5,4,5,4,4,4,4.33,2,2,2,1,2,1.8,1,1,1,2,1,1.2,2.33,2,1,2,1,2,3,1.83,3,4,2,2,2,2.6,1,1,1,1,1,1.0,1.87,2,2,1,2,1.75,0.9154836944890679,-1.8149243484498367,-1.5845778817485696,-1.6002085211377945,-1.4388862330481842,-0.9898132227558145,-1.576160070812254,-1.4975693617454036,-1.6533905501778914,-0.22348725401545635,0.04312940790159361,0.6107270292268776,0.5049174277983816,-1.1870495258166494,-1.9905163329820863,0.8840814892869684,-2.410186160871093,-1.6991921320688446,2.362841469196681,-0.0,-0.0,0.0,19-22,Father-Daughter,3.337037037037037,3.1203703703703702,0.5555555555555556,0,1
F0245,10,C4,Central,70,0,Rural,2,Female,2,Female,42,17.0,3,3.76,3.76,4.15,2.89,4,3,4,4,4,3,3.67,3,2,3,3,2,2.6,2,2,3,2,2,2.2,2.9,3,4,3,4,4,3,3.5,2,2,2,3,2,2.2,2,1,2,1,1,1.4,2.15,2,2,3,3,2.5,0.23204077018341215,-1.2125063683237256,-0.6520300833902559,-0.8318169441974507,0.40998374556514644,-1.327925676434596,-1.1649501994168372,-1.1678425244958566,-1.0304150477485032,-0.07945913686869606,-0.2621171002262282,0.570082957225174,-0.9181461096432982,-0.6170495258166495,-1.2405163329820863,0.22408148928696825,-1.6101861608710926,-0.6991921320688443,0.7654600150344052,-0.0,-0.0,0.0,16-18,Mother-Daughter,3.5570833333333334,3.75,0.5416666666666666,1,0
F0249,15,W3,Western,101,0,Rural,2,Female,2,Female,50,21.7,2,2.72,4.09,3.37,3.1,4,3,3,3,4,4,3.5,4,4,4,3,3,3.6,3,3,3,2,2,2.6,3.39,2,2,2,3,2,2,2.17,4,4,3,3,4,3.6,2,2,2,2,1,1.8,2.53,2,2,2,3,2.25,0.05600244119559184,-0.4594838931660871,-0.27901096404693065,-0.17126979910838264,-1.0624695906957697,-0.14453208855886093,-0.7537403280214202,-0.7203561025143285,-1.2380735485582992,-0.9116215914944231,0.2680478875747245,-0.48666291481914503,-0.5580938893267288,-0.1270495258166493,-1.4905163329820863,0.05408148928696832,-0.6101861608710926,-0.29919213206884443,0.189369393327345,-0.0,-0.0,0.0,19-22,Mother-Daughter,3.8754166666666667,3.6354166666666665,0.5416666666666666,0,1
F0250,1,E1,Eastern,4,0,Rural,2,Female,1,Male,44,18.6,4,3.62,3.37,2.16,3.35,3,3,2,2,3,2,2.5,4,4,4,5,4,4.2,3,3,3,4,3,3.2,3.3,2,1,2,1,3,2,1.83,3,3,2,3,2,2.6,3,2,3,3,3,2.8,2.29,5,4,4,4,4.25,-0.9795171410857045,-0.0076704080715039435,0.28051771496805755,-0.29259478494106894,-1.4388862330481842,-0.9898132227558145,0.2742843504671218,-1.0029791058710829,0.4231944579200692,-0.19148100576062063,-0.8886757221728079,-2.125973818887896,-0.129460293711765,-0.2170495258166496,0.5094836670179137,-0.9459185107130317,-0.010186160871092476,0.30080786793115566,-0.11058318833756597,-0.0,0.0,-0.0,16-18,Mother-Son,3.3230434782608693,3.5760869565217392,0.391304347826087,0,0
F0251,5,E5,Eastern,35,0,Rural,2,Female,2,Female,47,21.3,4,2.99,3.52,3.79,3.18,2,1,1,1,1,1,1.17,3,1,1,2,2,1.8,1,1,1,1,1,1.0,1.4,3,1,2,2,1,3,2.0,2,2,2,2,2,2.0,2,1,1,1,1,1.2,1.97,5,5,4,5,4.75,-2.3567581855198285,-1.8149243484498367,-1.7710874414202322,-2.8539000414088824,-1.250677911871977,-1.4969819032739868,-1.3705551351145455,-1.3798097770134226,0.8385114595396613,-0.6955794157742824,-0.6476916368087388,0.08235409320471876,-0.42093113872994026,-2.1170495258166495,1.0094836670179137,-2.2759185107130318,-2.410186160871093,-1.8991921320688445,-2.1371269185799266,-0.0,0.0,-0.0,19-22,Mother-Daughter,3.447777777777778,3.6944444444444446,0.4444444444444444,0,0
F0255,9,C3,Central,60,0,Rural,2,Female,1,Male,47,17.3,2,4.0,3.55,2.66,3.38,6,4,5,5,5,5,5.0,2,1,2,1,2,1.6,3,3,3,1,2,2.4,3.08,1,3,2,3,2,3,2.33,3,3,3,4,3,3.2,3,3,2,2,2,2.4,2.64,4,3,4,3,3.5,1.6092818146175363,-1.9655288434813643,-0.4655205237185935,-0.5891669725320786,-0.8853323472358098,-0.4826445422376423,-0.13692552092829502,-0.5908205593091489,-0.199781044509319,0.11257835266031813,-0.5994948197359252,-1.4485726188594863,-0.07802426223796968,-0.43704952581664935,-0.2405163329820863,1.5540814892869683,-2.6101861608710926,-0.4991921320688446,0.10511754928098016,-0.0,-0.0,0.0,16-18,Mother-Son,3.2008333333333336,3.5104166666666665,0.2916666666666667,1,0
F0257,12,C6,Central,81,0,Rural,2,Female,1,Male,42,17.0,3,2.39,2.58,3.33,2.75,4,5,4,4,5,3,4.17,3,3,3,3,3,3.0,2,2,1,1,1,1.4,2.61,4,4,3,4,3,3,3.5,3,2,3,3,3,2.8,2,3,2,1,3,2.2,2.93,3,4,3,3,3.25,0.7498005613240603,-0.9112973782606704,-1.398068322076907,-1.2227530096583274,0.40998374556514644,-0.820756995916424,-0.3425304566260032,-0.24931776358640356,-0.4074395453191151,-1.1756731395968174,-2.1578585717569063,-0.5408550108214178,-1.1581809231876783,-0.9070495258166495,-0.4905163329820863,0.7240814892869682,-1.2101861608710927,-1.4991921320688446,0.44492260723672317,-0.0,-0.0,0.0,16-18,Mother-Son,3.0680952380952378,3.857142857142857,0.23809523809523808,1,0
F0258,14,W2,Western,98,0,Rural,2,Female,1,Male,47,16.9,2,4.31,3.58,3.19,3.23,4,4,4,4,5,5,4.33,1,1,1,1,1,1.0,2,4,3,3,4,3.2,2.65,4,2,3,3,3,3,3.0,2,1,2,1,2,1.6,4,3,4,3,3,3.4,2.75,4,4,4,5,4.25,0.9154836944890679,-2.4173423285759474,0.28051771496805755,-1.1688307937326892,-0.14357014024722803,-1.8350943569527682,0.8910991575602472,-0.46128501610396977,0.4231944579200692,0.36062677663529424,-0.5512980026631109,-0.7305273468293726,-0.3352044196069478,-0.8670495258166495,0.5094836670179137,0.8840814892869684,-3.2101861608710927,0.30080786793115566,-0.4417475718992098,-0.0,0.0,-0.0,16-18,Mother-Son,3.403461538461538,3.8173076923076925,0.46153846153846156,0,1
F0259,15,W3,Western,101,0,Rural,2,Female,1,Male,41,16.4,2,3.93,4.09,3.37,3.1,4,4,3,3,4,5,3.83,1,3,3,1,2,2.0,5,4,6,6,5,5.2,3.73,2,3,2,3,2,3,2.5,3,2,3,2,3,2.6,3,3,3,2,3,2.8,2.64,3,3,3,4,3.25,0.3977239033484197,-1.6643198534183088,2.1456133116846843,0.28706903625954167,-0.6971240260596026,-0.9898132227558145,0.2742843504671218,-0.5908205593091489,-0.4074395453191151,0.056567418214355826,0.2680478875747245,-0.48666291481914503,-0.5580938893267288,0.21295047418335056,-0.4905163329820863,0.3840814892869684,-2.2101861608710927,2.3008078679311557,-0.10445568570321355,0.0,-0.0,-0.0,16-18,Mother-Son,3.8754166666666667,3.6354166666666665,0.5416666666666666,0,1
F0262,15,W3,Western,100,0,Rural,2,Female,2,Female,42,13.6,1,3.2,3.4,3.73,3.01,2,2,2,2,1,2,1.83,6,4,5,4,5,4.8,3,2,3,4,4,3.2,3.16,2,1,1,2,2,2,1.67,3,3,3,3,4,3.2,3,2,2,2,3,2.4,2.52,3,3,4,3,3.25,-1.673315261214173,0.4441430770230789,0.28051771496805755,-0.48132254068080216,-1.6160234765081443,-0.4826445422376423,-0.13692552092829502,-0.7321320609875264,-0.4074395453191151,-0.5275466124363951,-0.8404789050999943,0.0010659492013095657,-0.7124019837481163,-0.3570495258166493,-0.4905163329820863,-1.6159185107130316,0.5898138391289072,0.30080786793115566,0.17513862409657555,-0.0,-0.0,0.0,12-15,Mother-Daughter,3.563333333333333,3.5925925925925926,0.6296296296296297,0,1
F0264,3,E3,Eastern,15,0,Rural,2,Female,2,Female,46,15.4,4,3.04,4.68,4.44,3.04,1,1,2,1,1,1,1.17,1,2,1,2,3,1.8,2,3,2,1,3,2.2,1.99,1,1,3,2,1,2,1.67,1,3,2,3,2,2.2,1,2,1,2,2,1.6,1.75,1,1,1,2,1.25,-2.3567581855198285,-1.8149243484498367,-0.6520300833902559,-2.058547356505719,-1.6160234765081443,-1.327925676434596,-0.9593452637191285,-1.638880863423781,-2.0687075517974836,-0.6555716054557379,1.2159186233400636,0.9629756532416515,-0.6609659522743202,-1.5270495258166494,-2.4905163329820863,-2.2759185107130318,-2.410186160871093,-0.6991921320688443,3.8031417853189153,-0.0,-0.0,0.0,12-15,Mother-Daughter,3.4895833333333335,3.5416666666666665,0.4166666666666667,0,0
F0265,2,E2,Eastern,12,0,Rural,2,Female,1,Male,42,16.0,2,4.53,3.05,2.8,2.59,4,3,4,4,4,5,4.0,2,2,3,3,3,2.6,2,2,3,2,3,2.4,2.9,3,3,3,3,3,3,3.0,3,4,4,3,3,3.4,3,3,2,2,2,2.4,3.06,4,4,5,4,4.25,0.57376223233624,-1.2125063683237256,-0.4655205237185935,-0.8318169441974507,-0.14357014024722803,-0.3135883153982518,-0.13692552092829502,-0.09623030343482823,0.4231944579200692,0.536661142036891,-1.402775104282823,-1.258900282851532,-1.4325064243812553,-0.6170495258166495,0.5094836670179137,0.5540814892869683,-1.6101861608710926,-0.4991921320688446,-0.3143766551447314,-0.0,0.0,-0.0,16-18,Mother-Son,3.502,3.24,0.6,0,0
F0269,16,W4,Western,112,0,Rural,1,Male,1,Male,51,18.5,1,2.55,3.61,3.08,3.45,5,3,4,5,4,5,4.33,3,3,3,3,3,3.0,4,5,4,4,4,4.2,3.73,3,4,4,3,4,4,3.67,3,3,2,3,3,2.8,1,1,2,2,1,1.4,2.69,3,3,3,4,3.25,0.9154836944890679,-0.9112973782606704,1.213065513326371,0.28706903625954167,0.5981920667413537,-0.820756995916424,-1.1649501994168372,-0.5319407669431585,-0.4074395453191151,-1.047648146577475,-0.5031011855902974,-0.8795556108356225,0.04199314453422065,0.21295047418335056,-0.4905163329820863,0.8840814892869684,-1.2101861608710927,1.3008078679311557,-0.10445568570321355,0.0,-0.0,-0.0,16-18,Father-Son,3.465,3.9166666666666665,0.3333333333333333,0,1
F0274,13,W1,Western,86,0,Rural,2,Female,2,Female,47,17.5,1,5.52,2.68,3.14,3.64,3,4,4,4,5,3,3.83,1,1,1,2,1,1.2,4,2,3,3,2,2.8,2.57,3,2,3,3,3,3,2.83,3,2,2,3,2,2.4,1,2,1,2,2,1.6,2.4,3,4,4,3,3.5,0.3977239033484197,-2.2667378335444197,-0.09250140437526819,-1.2766752255839657,-0.33177846142343526,-1.1588694495952054,-0.9593452637191285,-0.8734435626659038,-0.199781044509319,1.3288157863440733,-1.9972025148475268,-0.7982674668322133,0.367754677201593,-0.9470495258166496,-0.2405163329820863,0.3840814892869684,-3.0101861608710925,-0.0991921320688447,0.22778087910184422,-0.0,-0.0,0.0,16-18,Mother-Daughter,3.28962962962963,3.6481481481481484,0.4444444444444444,0,1
F0275,6,E6,Eastern,39,0,Rural,1,Male,2,Female,49,19.0,3,1.73,3.2,3.65,2.76,4,5,4,5,5,4,4.5,3,4,5,4,4,4.0,2,1,2,2,1,1.6,3.67,3,4,3,3,4,4,3.5,3,3,3,3,4,3.2,2,2,1,1,1,1.4,2.7,3,3,3,3,3.0,1.091522023476888,-0.15827490310303177,-1.2115587624052442,0.20618571237108435,0.40998374556514644,-0.4826445422376423,-1.1649501994168372,-0.5201648084699602,-0.6150980461289112,-1.703776235801606,-1.161791018918753,-0.10731824280323603,-1.14103557936308,0.1529504741833505,-0.7405163329820863,1.0540814892869683,-0.21018616087109265,-1.2991921320688444,-0.11326232427012597,0.0,-0.0,-0.0,19-22,Father-Daughter,3.795625,3.875,0.5625,0,0
F0279,11,C5,Central,76,0,Rural,2,Female,2,Female,46,14.1,3,2.46,3.68,3.43,3.19,3,4,3,4,3,4,3.5,4,3,4,3,3,3.4,3,3,4,3,4,3.4,3.3,3,4,4,3,2,3,3.17,2,2,2,3,2,2.2,2,1,2,1,2,1.6,2.29,1,1,2,1,1.25,0.05600244119559184,-0.610088388197615,0.46702727463972,-0.29259478494106894,0.04463818092897921,-1.327925676434596,-0.9593452637191285,-1.0029791058710829,-2.0687075517974836,-1.1196622051508551,-0.39064194575373123,-0.4053747708157358,-0.40378579490534205,-0.2170495258166496,-2.4905163329820863,0.05408148928696832,-0.8101861608710927,0.5008078679311554,0.5405653891123828,-0.0,-0.0,0.0,12-15,Mother-Daughter,3.7304000000000004,3.26,0.64,1,0
F0280,7,C1,Central,43,0,Rural,1,Male,2,Female,44,17.5,3,4.44,3.86,3.81,2.49,2,4,4,3,3,3,3.17,1,2,2,1,1,1.4,3,4,3,4,3,3.4,2.81,4,4,3,3,4,3,3.5,2,3,4,3,4,3.2,3,2,2,3,3,2.6,2.96,4,5,4,4,4.25,-0.285719020957236,-2.116133338512892,0.46702727463972,-0.9531419300301364,0.40998374556514644,-0.4826445422376423,0.06867941476941361,-0.21398988816680944,0.4231944579200692,0.4646470834635108,-0.10146104331684848,0.10945014120585517,-1.6039598626272402,-0.7070495258166494,0.5094836670179137,-0.27591851071303175,-2.8101861608710927,0.5008078679311554,-0.3602301851763436,-0.0,0.0,-0.0,16-18,Father-Daughter,3.569130434782609,3.510869565217391,0.43478260869565216,1,0
F0281,12,C6,Central,80,0,Rural,2,Female,1,Male,40,13.0,2,1.6,4.09,3.92,3.52,4,4,4,3,4,3,3.67,1,1,1,2,1,1.2,4,3,5,5,4,4.2,2.96,2,3,3,3,3,3,2.83,2,2,3,2,2,2.2,4,3,4,4,3,3.6,2.94,5,5,4,4,4.5,0.23204077018341215,-2.2667378335444197,1.213065513326371,-0.7509336203089932,-0.33177846142343526,-1.327925676434596,1.0967040932579557,-0.2375418051132057,0.6308529587298652,-1.807796542629822,0.2680478875747245,0.2584784052121051,0.16201055130641023,-0.5570495258166495,0.7594836670179137,0.22408148928696825,-3.0101861608710925,1.3008078679311557,-0.4230700165778189,-0.0,0.0,-0.0,12-15,Mother-Son,3.4740625,3.40625,0.53125,1,0
F0282,1,E1,Eastern,1,0,Rural,2,Female,1,Male,49,19.2,1,5.3,2.48,2.61,2.17,4,3,3,3,2,3,3.0,4,4,4,4,4,4.0,2,2,2,2,2,2.0,3.31,4,3,3,2,3,3,3.0,5,4,5,3,3,4.0,2,3,3,3,2,2.6,3.21,4,5,4,4,4.25,-0.46175734994505635,-0.15827490310303177,-0.8385396430619187,-0.2791142309596591,-0.14357014024722803,0.1935803651199204,0.06867941476941361,0.08040907366314334,0.4231944579200692,1.1527814209424772,-2.318514628666286,-1.5163127388623276,-2.152610865014394,-0.20704952581664937,0.5094836670179137,-0.4459185107130317,-0.21018616087109265,-0.8991921320688445,-0.10548835166738671,-0.0,0.0,-0.0,19-22,Mother-Son,3.475909090909091,3.6363636363636362,0.4090909090909091,0,0
F0287,5,E5,Eastern,29,0,Rural,2,Female,1,Male,36,12.6,4,2.65,3.32,2.76,2.84,4,5,5,4,5,4,4.5,3,4,5,4,4,4.0,4,4,4,4,4,4.0,4.08,4,4,3,3,3,4,3.5,3,3,4,3,4,3.4,3,2,2,2,3,2.4,3.15,2,4,3,3,3.0,1.091522023476888,-0.15827490310303177,1.0265559536547082,0.7588884256088758,0.40998374556514644,-0.3135883153982518,-0.13692552092829502,0.009753322823954608,-0.6150980461289112,-0.9676325259403857,-0.9690037506274981,-1.313092378853805,-1.0038728287662915,0.5629504741833506,-0.7405163329820863,1.0540814892869683,-0.21018616087109265,1.1008078679311555,-0.41687402079278146,0.0,-0.0,-0.0,12-15,Mother-Son,3.325,3.775,0.4,0,0
F0292,16,W4,Western,110,0,Rural,2,Female,2,Female,44,15.7,2,3.19,3.88,3.51,2.65,3,2,4,4,3,3,3.17,1,1,1,1,1,1.0,2,1,1,2,2,1.6,2.03,2,3,3,3,2,2,2.5,2,3,2,1,1,1.8,2,1,2,2,1,1.6,1.93,2,2,3,2,2.25,-0.285719020957236,-2.4173423285759474,-1.2115587624052442,-2.0046251405800812,-0.6971240260596026,-1.6660381301133775,-0.9593452637191285,-1.426913610906215,-1.2380735485582992,-0.5355481745001042,-0.06932983193497254,-0.29699057881119084,-1.3296343614336639,-1.4870495258166496,-1.4905163329820863,-0.27591851071303175,-3.2101861608710927,-1.2991921320688444,2.216471606182983,-0.0,-0.0,0.0,12-15,Mother-Daughter,3.667333333333333,3.941666666666667,0.5333333333333333,0,1
F0294,14,W2,Western,95,0,Rural,2,Female,2,Female,37,16.1,2,3.38,4.22,3.12,4.17,1,1,2,2,2,2,1.67,2,2,2,2,2,2.0,3,3,3,3,2,2.8,2.15,1,3,2,2,2,1,1.83,4,2,3,4,4,3.4,4,3,4,3,3,3.4,2.82,2,4,3,3,3.0,-1.8389983943791806,-1.6643198534183088,-0.09250140437526819,-1.8428584928031664,-1.4388862330481842,-0.3135883153982518,0.8910991575602472,-0.3788533067915832,-0.6150980461289112,-0.38351849528963483,0.47690076155691774,-0.8253635148333497,1.2764578999053158,-1.3670495258166495,-0.7405163329820863,-1.7759185107130318,-2.2101861608710927,-0.0991921320688447,1.0123225018626452,-0.0,-0.0,0.0,16-18,Mother-Daughter,3.0213636363636365,3.159090909090909,0.45454545454545453,0,1
F0297,2,E2,Eastern,12,0,Rural,2,Female,1,Male,48,18.5,4,2.95,3.05,2.8,2.59,3,3,3,3,4,4,3.33,1,1,2,1,1,1.2,1,1,2,2,2,1.6,2.06,2,2,3,2,2,3,2.33,2,2,3,2,3,2.4,2,1,1,2,1,1.4,2.13,1,2,1,1,1.25,-0.12003588779222847,-2.2667378335444197,-1.2115587624052442,-1.964183478635852,-0.8853323472358098,-1.1588694495952054,-1.1649501994168372,-1.1913944414422528,-2.0687075517974836,-0.7275856640291181,-1.402775104282823,-1.258900282851532,-1.4325064243812553,-1.4570495258166494,-2.4905163329820863,-0.11591851071303161,-3.0101861608710925,-1.2991921320688444,3.6288056420101693,-0.0,-0.0,0.0,16-18,Mother-Son,3.502,3.24,0.6,0,0
F0300,2,E2,Eastern,14,0,Rural,1,Male,2,Female,49,17.7,2,2.01,4.0,2.67,2.74,2,2,3,2,3,2,2.33,4,4,5,4,5,4.4,4,3,3,3,4,3.4,3.47,3,3,2,2,2,1,2.17,3,3,3,5,4,3.6,3,4,3,3,4,3.4,2.95,4,4,4,5,4.25,-1.1555554700735249,0.1429340869600239,0.46702727463972,-0.0634253672571062,-1.0624695906957697,-0.14453208855886093,0.8910991575602472,-0.22576584664000732,0.4231944579200692,-1.4797324980177566,0.1234574363562831,-1.4350245948589184,-1.1753262670122764,-0.04704952581664923,0.5094836670179137,-1.1159185107130316,0.1898138391289077,0.5008078679311554,-0.02397096494452045,-0.0,0.0,-0.0,16-18,Father-Daughter,3.43,3.8684210526315788,0.5263157894736842,0,0
F0303,3,E3,Eastern,16,0,Rural,2,Female,1,Male,37,13.9,3,4.93,2.85,2.85,2.75,2,1,1,1,2,2,1.5,6,5,6,6,5,5.6,1,1,1,1,2,1.2,2.81,3,3,3,3,3,3,3.0,4,3,4,4,3,3.6,1,2,1,1,1,1.2,2.59,4,4,3,3,3.5,-2.015036723367001,1.0465610571491897,-1.5845778817485696,-0.9531419300301364,-0.14357014024722803,-0.14453208855886093,-1.3705551351145455,-0.6497003516751397,-0.199781044509319,0.8567236245852472,-1.7240872181015816,-1.1911601628486908,-1.1581809231876783,-0.7070495258166494,-0.2405163329820863,-1.9459185107130317,1.389813839128907,-1.6991921320688446,0.17005695918614347,-0.0,-0.0,0.0,12-15,Mother-Son,3.6174074074074074,3.6666666666666665,0.48148148148148145,0,0
F0306,9,C3,Central,61,0,Rural,2,Female,2,Female,36,17.5,3,3.28,3.55,2.98,3.67,2,2,4,3,3,3,2.83,2,2,2,1,2,1.8,1,1,2,1,1,1.2,1.82,3,3,4,4,3,3,3.33,2,2,3,1,2,2.0,3,2,3,3,2,2.6,2.78,5,4,6,5,5.0,-0.6377956789328766,-1.8149243484498367,-1.5845778817485696,-2.2877167741896813,0.2217754243889392,-1.4969819032739868,0.06867941476941361,-0.4259571406843757,1.0461699603494574,-0.46353411592672406,-0.5994948197359252,-1.0150358508413044,0.4191907086753883,-1.6970495258166494,1.2594836670179137,-0.6159185107130316,-2.410186160871093,-1.6991921320688446,-2.1374061598865652,-0.0,0.0,-0.0,16-18,Mother-Daughter,3.3058333333333336,3.7083333333333335,0.375,1,0
F0309,7,C1,Central,43,0,Rural,2,Female,2,Female,50,18.9,2,2.75,3.86,3.81,2.49,2,3,2,2,3,2,2.33,7,6,7,6,7,6.6,3,2,2,2,2,2.2,3.86,3,3,3,1,4,3,2.83,4,4,3,4,4,3.8,2,1,2,1,1,1.4,2.64,3,3,4,3,3.25,-1.1555554700735249,1.799583532306828,-0.6520300833902559,0.46231623801786564,-0.33177846142343526,0.02452413828052955,-1.1649501994168372,-0.5908205593091489,-0.4074395453191151,-0.8876169053032965,-0.10146104331684848,0.10945014120585517,-1.6039598626272402,0.34295047418335045,-0.4905163329820863,-1.1159185107130316,2.389813839128907,-0.6991921320688443,-0.1682228089908847,0.0,-0.0,-0.0,16-18,Mother-Daughter,3.569130434782609,3.510869565217391,0.43478260869565216,1,0
F0312,14,W2,Western,94,0,Rural,2,Female,2,Female,44,14.5,4,1.0,3.01,2.74,3.29,1,3,1,3,3,3,2.33,3,3,3,3,4,3.2,2,1,2,2,2,1.8,2.49,1,2,2,1,2,1,1.5,2,3,3,3,3,2.8,1,2,2,1,3,1.8,1.88,3,2,2,3,2.5,-1.1555554700735249,-0.7606928832291425,-1.0250492027335814,-1.3845196574352416,-1.8042317976843516,-0.820756995916424,-0.7537403280214202,-1.4857934032722055,-1.0304150477485032,-2.287890266452357,-1.4670375270465748,-1.3401884268549407,-0.2323323566593564,-1.0270495258166492,-1.2405163329820863,-1.1159185107130316,-1.0101861608710925,-1.0991921320688445,1.2740717115570603,-0.0,-0.0,0.0,12-15,Mother-Daughter,3.718125,3.8125,0.8125,0,1
F0313,1,E1,Eastern,4,0,Rural,2,Female,2,Female,47,18.4,5,2.71,3.37,2.16,3.35,3,4,3,4,3,4,3.5,4,3,4,4,3,3.6,1,1,1,2,3,1.6,2.86,3,4,4,3,4,4,3.67,4,4,4,4,3,3.8,4,3,3,3,3,3.2,3.49,5,5,3,4,4.25,0.05600244119559184,-0.4594838931660871,-1.2115587624052442,-0.8857391601230888,0.5981920667413537,0.02452413828052955,0.685494221862539,0.41013591091269075,0.4231944579200692,-0.9196231535581322,-0.8886757221728079,-2.125973818887896,-0.129460293711765,-0.6570495258166495,0.5094836670179137,0.05408148928696832,-0.6101861608710926,-1.2991921320688444,-0.33475600182544796,-0.0,0.0,-0.0,16-18,Mother-Daughter,3.3230434782608693,3.5760869565217392,0.391304347826087,0,0
F0317,13,W1,Western,91,0,Rural,1,Male,1,Male,36,13.7,2,4.35,2.71,3.17,3.01,3,4,2,2,3,2,2.67,3,2,3,3,3,2.8,1,1,1,1,1,1.0,2.13,2,1,2,1,1,2,1.5,2,3,3,3,3,2.8,1,1,1,1,2,1.2,1.83,3,1,1,2,1.75,-0.8034788120978842,-1.061901873292198,-1.7710874414202322,-1.8698196007659855,-1.8042317976843516,-0.820756995916424,-1.3705551351145455,-1.544673195638196,-1.6533905501778914,0.3926330248901299,-1.9490056977747132,-0.757623394830509,-0.7124019837481163,-1.3870495258166495,-1.9905163329820863,-0.7759185107130318,-1.4101861608710928,-1.8991921320688445,2.7609447357930987,-0.0,-0.0,0.0,12-15,Father-Son,3.4524,3.26,0.64,0,1
F0318,13,W1,Western,90,0,Rural,1,Male,2,Female,37,14.1,4,3.69,3.02,2.42,2.99,3,3,4,2,3,3,3.0,3,4,4,4,4,3.8,5,5,5,6,6,5.4,3.99,3,2,3,3,3,2,2.67,3,4,3,4,3,3.4,4,2,2,3,3,2.8,3.19,3,4,3,2,3.0,-0.46175734994505635,-0.3088793981345596,2.3321228713563475,0.6375634397761901,-0.5089157048833953,-0.3135883153982518,0.2742843504671218,0.0568571567167471,-0.6150980461289112,-0.13547007131465835,-1.4509719213556365,-1.773725194873123,-0.7466926713973127,0.4729504741833508,-0.7405163329820863,-0.4459185107130317,-0.41018616087109283,2.500807867931156,-0.35022755082439383,0.0,-0.0,-0.0,12-15,Father-Daughter,3.4153846153846152,3.4326923076923075,0.38461538461538464,0,1
F0320,15,W3,Western,105,0,Rural,1,Male,1,Male,54,24.3,2,3.78,3.95,4.18,3.72,3,3,4,3,3,3,3.17,2,1,2,3,1,1.8,1,2,1,1,1,1.2,2.22,2,2,2,2,2,3,2.17,3,3,3,3,3,3.0,2,2,1,2,1,1.6,2.35,3,4,3,4,3.5,-0.285719020957236,-1.8149243484498367,-1.5845778817485696,-1.7484946149332992,-1.0624695906957697,-0.6517007690770332,-0.9593452637191285,-0.9323233550318941,-0.199781044509319,-0.06345601274127821,0.04312940790159361,0.6107270292268776,0.5049174277983816,-1.2970495258166492,-0.2405163329820863,-0.27591851071303175,-2.410186160871093,-1.6991921320688446,0.31196159564557435,-0.0,-0.0,0.0,23-25,Father-Son,3.337037037037037,3.1203703703703702,0.5555555555555556,0,1
F0321,17,W5,Western,118,0,Rural,1,Male,1,Male,45,17.1,4,1.0,3.02,3.22,2.88,4,4,3,4,3,3,3.5,5,5,4,5,5,4.8,1,1,1,1,1,1.0,3.09,2,3,2,2,2,2,2.17,3,4,4,4,4,3.8,2,2,2,2,2,2.0,2.86,5,5,4,4,4.5,0.05600244119559184,0.4441430770230789,-1.7710874414202322,-0.5756864185506694,-1.0624695906957697,0.02452413828052955,-0.5481353923237118,-0.3317494728987907,0.6308529587298652,-2.287890266452357,-1.4509719213556365,-0.6898832748276678,-0.9352914534678972,-0.42704952581664957,0.7594836670179137,0.05408148928696832,0.5898138391289072,-1.8991921320688445,-0.32433713986549023,-0.0,0.0,-0.0,16-18,Father-Son,3.4221428571428567,3.6607142857142856,0.35714285714285715,0,1
F0322,1,E1,Eastern,1,0,Rural,2,Female,1,Male,42,15.0,4,2.77,2.48,2.61,2.17,3,2,3,3,3,2,2.67,4,4,4,4,6,4.4,4,4,3,4,3,3.6,3.27,2,2,3,2,3,3,2.5,2,3,3,2,3,2.6,3,3,3,3,3,3.0,2.75,4,4,4,4,4.0,-0.8034788120978842,0.1429340869600239,0.6535368343113829,-0.3330364468852973,-0.6971240260596026,-0.9898132227558145,0.4798892861648304,-0.46128501610396977,0.21553595711027312,-0.8716137811758786,-2.318514628666286,-1.5163127388623276,-2.152610865014394,-0.2470495258166494,0.2594836670179137,-0.7759185107130318,0.1898138391289077,0.7008078679311556,-0.06410531689394093,-0.0,0.0,-0.0,12-15,Mother-Son,3.475909090909091,3.6363636363636362,0.4090909090909091,0,0
F0323,15,W3,Western,103,0,Rural,2,Female,2,Female,50,12.0,3,2.79,4.29,3.35,3.23,3,4,4,3,4,3,3.5,5,4,4,4,4,4.2,1,1,1,1,2,1.2,2.88,3,4,3,4,4,3,3.5,5,5,6,5,5,5.2,3,3,3,3,2,2.8,3.63,5,5,4,4,4.5,0.05600244119559184,-0.0076704080715039435,-1.5845778817485696,-0.8587780521602697,0.40998374556514644,1.2079177261562648,0.2742843504671218,0.5749993295374639,0.6308529587298652,-0.8556106570484608,0.5893600013934839,-0.5137589628202814,-0.3352044196069478,-0.6370495258166495,0.7594836670179137,0.05408148928696832,-0.010186160871092476,-1.6991921320688446,-0.4838287099392521,-0.0,0.0,-0.0,12-15,Mother-Daughter,3.6488888888888886,3.537037037037037,0.6666666666666666,0,1
F0326,16,W4,Western,106,0,Rural,2,Female,2,Female,49,16.9,2,3.03,3.0,3.41,2.91,5,4,5,4,5,5,4.67,4,4,3,3,3,3.4,5,4,5,4,5,4.6,4.18,3,4,2,3,3,3,3.0,3,3,4,3,3,3.2,1,1,1,1,1,1.0,2.17,1,1,1,2,1.25,1.2675603524647086,-0.610088388197615,1.5860846326696958,0.8936939654229709,-0.14357014024722803,-0.4826445422376423,-1.576160070812254,-1.1442906075494603,-2.0687075517974836,-0.663573167519447,-1.4831031327375124,-0.4324708188168722,-0.8838554219941012,0.6629504741833503,-2.4905163329820863,1.2240814892869682,-0.8101861608710927,1.7008078679311551,-1.6510889839118528,0.0,-0.0,-0.0,16-18,Mother-Daughter,3.50375,3.625,0.5416666666666666,0,1
F0327,4,E4,Eastern,26,0,Rural,1,Male,1,Male,46,13.0,3,1.0,4.8,3.85,3.5,4,3,4,3,4,4,3.67,1,3,1,2,1,1.6,3,2,2,1,3,2.2,2.48,2,2,2,1,1,2,1.67,3,3,3,4,4,3.4,1,2,1,1,1,1.2,2.21,3,4,4,4,3.75,0.23204077018341215,-1.9655288434813643,-0.6520300833902559,-1.3980002114166514,-1.6160234765081443,-0.3135883153982518,-1.3705551351145455,-1.0971867736566678,0.007877456300477073,-2.287890266452357,1.4087058916313193,0.16364223720812796,0.1277198636572131,-1.0370495258166494,0.0094836670179137,0.22408148928696825,-2.6101861608710926,-0.6991921320688443,-0.0098350323839304,-0.0,0.0,-0.0,12-15,Father-Son,3.4605882352941175,3.7205882352941178,0.6470588235294118,0,0
F0328,7,C1,Central,49,0,Rural,2,Female,2,Female,38,13.1,1,2.91,3.27,4.07,3.75,3,4,2,3,3,3,3.0,2,4,3,2,3,2.8,3,3,3,3,3,3.0,3.19,3,3,3,3,3,3,3.0,4,4,4,4,3,3.8,3,2,1,3,3,2.4,3.28,4,4,4,4,4.0,-0.46175734994505635,-1.061901873292198,0.09400815529639468,-0.4408808787365738,-0.14357014024722803,0.02452413828052955,-0.13692552092829502,0.16284078297552995,0.21553595711027312,-0.7595919122839537,-1.0493317790821877,0.46169876522062836,0.5563534592721768,-0.3270495258166495,0.2594836670179137,-0.4459185107130317,-1.4101861608710928,0.10080786793115548,-0.08486401025537404,-0.0,0.0,-0.0,12-15,Mother-Daughter,3.39,3.4711538461538463,0.4230769230769231,1,0
F0330,17,W5,Western,116,0,Rural,2,Female,1,Male,58,23.1,3,3.7,4.08,3.25,3.6,4,3,4,4,4,4,3.83,5,5,4,4,5,4.6,1,2,1,1,2,1.4,3.05,4,2,3,2,2,2,2.5,4,4,5,3,4,4.0,1,1,2,1,2,1.4,2.78,4,4,5,5,4.5,0.3977239033484197,0.2935385819915511,-1.398068322076907,-0.6296086344763075,-0.6971240260596026,0.1935803651199204,-1.1649501994168372,-0.4259571406843757,0.6308529587298652,-0.12746850925094924,0.25198228188378685,-0.6492392028259634,0.29917330190319874,-0.4670495258166496,0.7594836670179137,0.3840814892869684,0.389813839128907,-1.4991921320688446,-0.3547164865462068,-0.0,0.0,-0.0,23-25,Mother-Son,3.4620689655172416,4.017241379310345,0.5862068965517241,0,1
F0332,4,E4,Eastern,25,0,Rural,2,Female,1,Male,45,20.4,3,1.21,4.55,4.22,4.46,3,3,2,2,3,3,2.67,4,4,4,4,2,3.6,2,2,2,3,3,2.4,2.85,3,4,2,2,2,2,2.5,2,3,3,3,3,2.8,2,2,2,2,2,2.0,2.39,3,3,3,4,3.25,-0.8034788120978842,-0.4594838931660871,-0.4655205237185935,-0.8992197141044981,-0.6971240260596026,-0.820756995916424,-0.5481353923237118,-0.8852195211391016,-0.4074395453191151,-2.11985746311447,1.0070657493578703,0.6649191252291504,1.773672870818674,-0.6670495258166493,-0.4905163329820863,-0.7759185107130318,-0.6101861608710926,-0.4991921320688446,0.32719868732102236,-0.0,-0.0,0.0,19-22,Mother-Son,3.2065217391304346,3.641304347826087,0.2608695652173913,0,0
F0333,6,E6,Eastern,41,0,Rural,1,Male,2,Female,41,13.3,4,3.91,3.21,4.31,2.5,4,4,4,4,5,5,4.33,4,4,4,4,3,3.8,3,2,3,2,3,2.6,3.56,4,4,4,4,3,4,3.83,3,3,3,3,4,3.2,2,4,1,3,3,2.6,3.0,3,3,3,4,3.25,0.9154836944890679,-0.3088793981345596,-0.27901096404693065,0.057899618575579515,0.7753293102013137,-0.4826445422376423,0.06867941476941361,-0.16688605427401695,-0.4074395453191151,0.04056429408693798,-1.1457254132278154,0.7868513412342639,-1.586814518802642,0.04295047418335063,-0.4905163329820863,0.8840814892869684,-0.41018616087109283,-0.29919213206884443,-0.021067909096258917,0.0,-0.0,-0.0,12-15,Father-Daughter,3.464090909090909,3.465909090909091,0.5454545454545454,0,0
F0336,6,E6,Eastern,40,0,Rural,1,Male,1,Male,44,15.7,3,3.85,3.83,3.11,3.21,2,1,2,3,2,2,2.0,4,4,3,4,4,3.8,2,1,2,2,2,1.8,2.54,3,2,1,3,2,2,2.17,4,3,4,4,3,3.6,2,3,2,2,2,2.2,2.54,4,4,4,4,4.0,-1.4972769322263526,-0.3088793981345596,-1.0250492027335814,-1.317116887528194,-1.0624695906957697,-0.14453208855886093,-0.3425304566260032,-0.7085801440411301,0.21553595711027312,-0.0074450782953155645,-0.14965786038966203,-0.8389115388339182,-0.36949510725614493,-0.9770495258166494,0.2594836670179137,-1.4459185107130317,-0.41018616087109283,-1.0991921320688445,-0.2535283938170179,-0.0,0.0,-0.0,12-15,Father-Son,3.296190476190476,3.5714285714285716,0.3333333333333333,0,0
F0337,16,W4,Western,106,0,Rural,1,Male,1,Male,44,16.4,2,3.31,3.0,3.41,2.91,3,2,2,3,3,2,2.5,2,3,2,2,1,2.0,1,2,2,2,2,1.8,2.05,2,2,3,2,1,2,2.0,2,3,2,3,3,2.6,1,3,2,2,2,2.0,2.33,3,4,4,3,3.5,-0.9795171410857045,-1.6643198534183088,-1.0250492027335814,-1.977664032617262,-1.250677911871977,-0.9898132227558145,-0.5481353923237118,-0.9558752719782904,-0.199781044509319,-0.4395294297355971,-1.4831031327375124,-0.4324708188168722,-0.8838554219941012,-1.4670495258166496,-0.2405163329820863,-0.9459185107130317,-2.2101861608710927,-1.0991921320688445,0.3528493722525291,-0.0,-0.0,0.0,16-18,Father-Son,3.50375,3.625,0.5416666666666666,0,1
F0339,18,W6,Western,122,0,Rural,2,Female,1,Male,47,17.9,2,4.42,3.71,3.85,3.1,2,2,2,2,4,2,2.33,2,1,2,1,1,1.4,1,1,2,1,1,1.2,1.5,1,2,3,2,2,2,2.0,2,2,1,2,2,1.8,1,2,1,2,2,1.6,1.7,3,2,4,3,3.0,-1.1555554700735249,-2.116133338512892,-1.5845778817485696,-2.7190945015947867,-1.250677911871977,-1.6660381301133775,-0.9593452637191285,-1.6977606557897715,-0.6150980461289112,0.4486439593360926,-0.34244512868091764,0.16364223720812796,-0.5580938893267288,-2.0170495258166494,-0.7405163329820863,-1.1159185107130316,-2.8101861608710927,-1.6991921320688446,1.4936581183010011,-0.0,-0.0,0.0,16-18,Mother-Son,3.7910526315789475,4.631578947368421,0.6842105263157895,0,1
F0340,1,E1,Eastern,4,0,Rural,2,Female,1,Male,45,19.5,2,3.21,3.37,2.16,3.35,3,4,2,5,4,4,3.67,3,2,3,3,3,2.8,3,1,2,2,1,1.8,2.97,1,1,2,1,1,2,1.33,1,1,1,2,2,1.4,1,1,1,1,2,1.2,1.47,1,1,2,1,1.25,0.23204077018341215,-1.061901873292198,-1.0250492027335814,-0.7374530663275835,-1.9924401188605587,-2.004150583792159,-1.3705551351145455,-1.968607700673328,-2.0687075517974836,-0.5195450503726864,-0.8886757221728079,-2.125973818887896,-0.129460293711765,-0.5470495258166492,-2.4905163329820863,0.22408148928696825,-1.4101861608710928,-1.0991921320688445,1.3624357789964703,-0.0,-0.0,0.0,19-22,Mother-Son,3.3230434782608693,3.5760869565217392,0.391304347826087,0,0
F0345,10,C4,Central,70,0,Rural,2,Female,1,Male,39,13.1,2,3.69,3.76,4.15,2.89,4,4,5,5,5,4,4.5,4,4,5,4,4,4.2,3,4,5,3,4,3.8,3.93,3,3,3,3,3,3,3.0,1,2,1,3,1,1.6,2,2,1,2,1,1.6,1.94,2,1,1,1,1.25,1.091522023476888,-0.0076704080715039435,0.8400463939830453,0.5566801158877328,-0.14357014024722803,-1.8350943569527682,-0.9593452637191285,-1.4151376524330168,-2.0687075517974836,-0.13547007131465835,-0.2621171002262282,0.570082957225174,-0.9181461096432982,0.41295047418335074,-2.4905163329820863,1.0540814892869683,-0.010186160871092476,0.9008078679311553,-1.0284599006663324,0.0,-0.0,-0.0,12-15,Mother-Son,3.5570833333333334,3.75,0.5416666666666666,1,0
F0347,11,C5,Central,71,0,Rural,1,Male,2,Female,47,18.8,2,4.05,3.96,2.82,4.02,1,2,2,2,3,2,2.0,5,3,4,5,5,4.4,2,3,3,3,3,2.8,3.09,2,2,2,1,1,1,1.5,2,1,1,2,1,1.4,1,3,2,2,3,2.2,2.01,3,3,2,2,2.5,-1.4972769322263526,0.1429340869600239,-0.09250140437526819,-0.5756864185506694,-1.8042317976843516,-2.004150583792159,-0.3425304566260032,-1.3327059431206303,-1.0304150477485032,0.15258616297886257,0.05919501359253122,-1.2318042348503957,1.019277742536337,-0.42704952581664957,-1.2405163329820863,-1.4459185107130317,0.1898138391289077,-0.0991921320688447,0.529761911767809,-0.0,-0.0,0.0,16-18,Father-Daughter,3.4165217391304346,3.782608695652174,0.6086956521739131,1,0
F0349,10,C4,Central,70,0,Rural,2,Female,1,Male,43,16.2,2,4.79,3.76,4.15,2.89,4,4,4,3,4,3,3.67,3,2,2,2,2,2.2,5,5,5,5,4,4.8,3.07,4,3,3,2,3,3,3.0,2,3,3,3,2,2.6,3,3,2,2,3,2.6,3.01,4,5,3,4,4.0,0.23204077018341215,-1.513715358386781,1.7725941923413588,-0.6026475265134884,-0.14357014024722803,-0.9898132227558145,0.06867941476941361,-0.1551100958008191,0.21553595711027312,0.7447017556933226,-0.2621171002262282,0.570082957225174,-0.9181461096432982,-0.4470495258166496,0.2594836670179137,0.22408148928696825,-2.0101861608710925,1.9008078679311553,-0.11600205029752371,-0.0,0.0,-0.0,16-18,Mother-Son,3.5570833333333334,3.75,0.5416666666666666,1,0
F0354,17,W5,Western,114,0,Rural,2,Female,2,Female,41,17.1,3,2.96,4.42,3.87,3.41,2,3,3,2,2,2,2.33,2,1,3,3,3,2.4,1,2,2,3,2,2.0,2.26,3,2,4,3,4,4,3.33,2,3,3,4,2,2.8,1,2,2,1,2,1.6,2.56,2,3,4,4,3.25,-1.1555554700735249,-1.3631108633552536,-0.8385396430619187,-1.6945723990076615,0.2217754243889392,-0.820756995916424,-0.9593452637191285,-0.6850282270947339,-0.4074395453191151,-0.7195841019654093,0.7982128753756771,0.19073828520926436,-0.02658823076417361,-1.2570495258166496,-0.4905163329820863,-1.1159185107130316,-1.8101861608710927,-0.8991921320688445,0.6166033237804533,-0.0,-0.0,0.0,16-18,Mother-Daughter,3.439090909090909,3.522727272727273,0.5909090909090909,0,1
F0355,3,E3,Eastern,16,0,Rural,2,Female,2,Female,43,17.7,2,2.49,2.85,2.85,2.75,3,3,4,4,4,4,3.67,4,3,5,5,4,4.2,3,3,2,3,3,2.8,3.57,2,3,2,3,2,1,2.17,5,4,4,4,4,4.2,4,4,4,3,4,3.8,3.31,4,5,4,5,4.5,0.23204077018341215,-0.0076704080715039435,-0.09250140437526819,0.07138017255698878,-1.0624695906957697,0.3626365919593113,1.302309028955664,0.19816865839512457,0.6308529587298652,-1.0956575189597282,-1.7240872181015816,-1.1911601628486908,-1.1581809231876783,0.052950474183350416,0.7594836670179137,0.22408148928696825,-0.010186160871092476,-0.0991921320688447,0.04021502030310834,0.0,0.0,0.0,16-18,Mother-Daughter,3.6174074074074074,3.6666666666666665,0.48148148148148145,0,0
F0356,9,C3,Central,59,0,Rural,2,Female,2,Female,54,22.9,5,2.53,3.16,2.94,2.79,1,1,1,1,1,1,1.0,3,3,3,3,2,2.8,1,1,2,1,1,1.2,1.77,2,2,3,2,3,3,2.5,2,2,1,2,2,1.8,3,1,2,1,1,1.6,2.17,5,5,2,4,4.0,-2.532796514507649,-1.061901873292198,-1.5845778817485696,-2.355119544096729,-0.6971240260596026,-1.6660381301133775,-0.9593452637191285,-1.1442906075494603,0.21553595711027312,-1.0636512707048928,-1.2260534416825049,-1.0692279468435772,-1.089599547889284,-1.7470495258166494,0.2594836670179137,-2.4459185107130317,-1.4101861608710928,-1.6991921320688446,-0.4533308174208115,-0.0,0.0,-0.0,19-22,Mother-Daughter,3.4848000000000003,3.6,0.56,1,0
F0359,1,E1,Eastern,4,0,Rural,2,Female,2,Female,44,15.7,2,4.53,3.37,2.16,3.35,2,3,2,2,2,2,2.17,2,4,3,4,3,3.2,3,3,3,2,3,2.8,2.65,2,3,2,3,4,3,2.83,4,4,4,4,4,4.0,2,2,2,2,1,1.8,2.75,5,3,3,4,3.75,-1.3212386032385324,-0.7606928832291425,-0.09250140437526819,-1.1688307937326892,-0.33177846142343526,0.1935803651199204,-0.7537403280214202,-0.46128501610396977,0.007877456300477073,0.536661142036891,-0.8886757221728079,-2.125973818887896,-0.129460293711765,-0.8670495258166495,0.0094836670179137,-1.2759185107130318,-1.0101861608710925,-0.0991921320688447,-0.008222808990885072,-0.0,0.0,-0.0,12-15,Mother-Daughter,3.3230434782608693,3.5760869565217392,0.391304347826087,0,0
F0361,18,W6,Western,122,0,Rural,1,Male,1,Male,43,20.4,2,4.11,3.71,3.85,3.1,3,3,4,3,4,4,3.5,5,5,5,4,4,4.6,4,4,3,3,3,3.4,3.81,3,3,3,3,2,2,2.67,4,4,4,3,4,3.8,2,2,3,3,2,2.4,2.99,4,4,4,4,4.0,0.05600244119559184,0.2935385819915511,0.46702727463972,0.3949134681108181,-0.5089157048833953,0.02452413828052955,-0.13692552092829502,-0.17866201274721483,0.21553595711027312,0.20059553536111646,-0.34244512868091764,0.16364223720812796,-0.5580938893267288,0.29295047418335063,0.2594836670179137,0.05408148928696832,0.389813839128907,0.5008078679311554,0.07601586329573248,0.0,0.0,0.0,19-22,Father-Son,3.7910526315789475,4.631578947368421,0.6842105263157895,0,1
F0363,3,E3,Eastern,16,0,Rural,2,Female,2,Female,43,15.5,3,4.14,2.85,2.85,2.75,2,3,2,2,2,2,2.17,3,3,3,4,4,3.4,1,1,1,2,1,1.2,2.0,3,3,2,3,2,3,2.67,4,3,3,3,3,3.2,3,2,2,2,3,2.4,2.61,5,4,5,4,4.5,-1.3212386032385324,-0.610088388197615,-1.5845778817485696,-2.0450668025243095,-0.5089157048833953,-0.4826445422376423,-0.13692552092829502,-0.6261484347287435,0.6308529587298652,0.2246002215522427,-1.7240872181015816,-1.1911601628486908,-1.1581809231876783,-1.5170495258166494,0.7594836670179137,-1.2759185107130318,-0.8101861608710927,-1.6991921320688446,-1.1521743369150161,-0.0,0.0,-0.0,12-15,Mother-Daughter,3.6174074074074074,3.6666666666666665,0.48148148148148145,0,0
F0365,15,W3,Western,100,0,Rural,1,Male,1,Male,47,13.5,4,2.27,3.4,3.73,3.01,1,1,2,1,2,1,1.33,4,3,3,3,3,3.2,2,3,4,4,4,3.4,2.49,1,1,1,2,2,1,1.33,2,2,3,3,3,2.6,2,2,1,2,2,1.8,1.8,2,3,2,1,2.0,-2.191075052354821,-0.7606928832291425,0.46702727463972,-1.3845196574352416,-1.9924401188605587,-0.9898132227558145,-0.7537403280214202,-1.5800010710577903,-1.4457320493680954,-1.2716918843613245,-0.8404789050999943,0.0010659492013095657,-0.7124019837481163,-1.0270495258166492,-1.7405163329820863,-2.1159185107130316,-1.0101861608710925,0.5008078679311554,1.787596474465385,-0.0,-0.0,0.0,12-15,Father-Son,3.563333333333333,3.5925925925925926,0.6296296296296297,0,1
F0366,12,C6,Central,81,0,Rural,2,Female,2,Female,51,22.5,4,4.9,2.58,3.33,2.75,2,2,2,3,3,2,2.33,2,3,3,3,3,2.8,3,4,3,4,3,3.4,2.91,3,2,3,3,3,3,2.83,4,4,4,5,4,4.2,3,3,4,4,3,3.4,3.48,4,5,5,5,4.75,-1.1555554700735249,-1.061901873292198,0.46702727463972,-0.8183363902160408,-0.33177846142343526,0.3626365919593113,0.8910991575602472,0.3983599524394924,0.8385114595396613,0.8327189383941209,-2.1578585717569063,-0.5408550108214178,-1.1581809231876783,-0.6070495258166493,1.0094836670179137,-1.1159185107130316,-1.4101861608710928,0.5008078679311554,-0.6128065813828768,-0.0,0.0,-0.0,19-22,Mother-Daughter,3.0680952380952378,3.857142857142857,0.23809523809523808,1,0
F0368,11,C5,Central,76,0,Rural,2,Female,1,Male,39,12.9,2,6.21,3.68,3.43,3.19,4,2,3,3,2,2,2.67,3,4,3,2,4,3.2,4,3,3,2,3,3.0,2.85,3,3,3,3,2,2,2.67,3,3,2,3,4,3.0,3,2,2,1,1,1.8,2.6,3,3,3,3,3.0,-0.8034788120978842,-0.7606928832291425,0.09400815529639468,-0.8992197141044981,-0.5089157048833953,-0.6517007690770332,-0.7537403280214202,-0.6379243932019414,-0.6150980461289112,1.8809235687399888,-0.39064194575373123,-0.4053747708157358,-0.40378579490534205,-0.6670495258166493,-0.7405163329820863,-0.7759185107130318,-1.0101861608710925,0.10080786793115548,0.4939610687751847,-0.0,-0.0,0.0,12-15,Mother-Son,3.7304000000000004,3.26,0.64,1,0
F0369,9,C3,Central,62,0,Rural,2,Female,1,Male,43,17.3,2,2.96,3.76,3.41,3.26,3,2,3,4,3,3,3.0,5,5,5,6,6,5.4,2,3,3,3,3,2.8,3.64,2,2,3,3,3,3,2.67,2,4,3,3,3,3.0,1,1,2,2,2,1.6,2.47,4,2,3,3,3.0,-0.46175734994505635,0.8959565621176624,-0.09250140437526819,0.16574405042685597,-0.5089157048833953,-0.6517007690770332,-0.9593452637191285,-0.7910118533535166,-0.6150980461289112,-0.7195841019654093,-0.2621171002262282,-0.4324708188168722,-0.28376838813315247,0.1229504741833507,-0.7405163329820863,-0.4459185107130317,1.1898138391289077,-0.0991921320688447,-0.09104683428066353,0.0,-0.0,-0.0,16-18,Mother-Son,3.4633333333333334,3.6944444444444446,0.5,1,0
F0371,8,C2,Central,50,0,Rural,2,Female,2,Female,43,18.8,3,4.34,4.16,2.96,2.84,4,4,3,4,4,4,3.83,5,5,6,5,5,5.2,5,5,5,5,5,5.0,4.69,4,5,4,5,5,5,4.67,5,5,5,4,5,4.8,3,3,3,4,4,3.4,4.26,5,4,5,4,4.5,0.3977239033484197,0.7453520670861346,1.9591037520130217,1.5812022184748584,1.7052998383661027,0.8698052724774832,0.8910991575602472,1.316884713348945,0.6308529587298652,0.3846314628264212,0.3805071274112906,-1.0421318988424408,-1.0038728287662915,1.172950474183351,0.7594836670179137,0.3840814892869684,0.9898138391289075,2.1008078679311555,0.8908367273631721,0.0,0.0,0.0,16-18,Mother-Daughter,3.4087878787878787,3.984848484848485,0.5454545454545454,1,0
F0373,3,E3,Eastern,16,0,Rural,1,Male,2,Female,45,20.0,2,1.0,2.85,2.85,2.75,4,3,4,4,4,4,3.83,5,4,3,4,4,4.0,5,4,4,4,4,4.2,3.9,2,2,2,3,1,1,1.83,1,3,2,2,2,2.0,2,2,2,1,1,1.6,1.83,2,2,3,3,2.5,0.3977239033484197,-0.15827490310303177,1.213065513326371,0.5162384539435039,-1.4388862330481842,-1.4969819032739868,-0.9593452637191285,-1.544673195638196,-1.0304150477485032,-2.287890266452357,-1.7240872181015816,-1.1911601628486908,-1.1581809231876783,0.3829504741833505,-1.2405163329820863,0.3840814892869684,-0.21018616087109265,1.3008078679311557,-0.47505631794768105,0.0,-0.0,-0.0,19-22,Father-Daughter,3.6174074074074074,3.6666666666666665,0.48148148148148145,0,0
F0375,17,W5,Western,113,0,Rural,1,Male,1,Male,46,18.4,2,2.72,3.5,3.33,3.99,3,2,3,3,3,3,2.83,4,3,5,2,4,3.6,2,2,2,2,2,2.0,2.7,3,2,2,3,2,3,2.5,3,2,2,3,2,2.4,1,2,2,2,3,2.0,2.36,3,4,3,3,3.25,-0.6377956789328766,-0.4594838931660871,-0.8385396430619187,-1.101428023825641,-0.6971240260596026,-1.1588694495952054,-0.5481353923237118,-0.9205473965586963,-0.4074395453191151,-0.9116215914944231,-0.6798228481906147,-0.5408550108214178,0.9678417110625425,-0.8170495258166492,-0.4905163329820863,-0.6159185107130316,-0.6101861608710926,-0.8991921320688445,0.4007761372683352,-0.0,-0.0,0.0,16-18,Father-Son,3.815909090909091,3.8863636363636362,0.6818181818181818,0,1
F0376,18,W6,Western,126,0,Rural,1,Male,1,Male,41,14.5,4,2.39,4.33,3.87,2.65,2,3,2,2,2,3,2.33,4,4,4,4,3,3.8,1,2,1,1,2,1.4,2.58,3,3,3,3,3,3,3.0,5,4,5,5,4,4.6,1,2,3,2,3,2.2,3.08,4,5,4,4,4.25,-1.1555554700735249,-0.3088793981345596,-1.398068322076907,-1.2631946716025557,-0.14357014024722803,0.7007490456380923,-0.3425304566260032,-0.07267838648843199,0.4231944579200692,-1.1756731395968174,0.6536224241572357,0.19073828520926436,-1.3296343614336639,-0.9370495258166494,0.5094836670179137,-1.1159185107130316,-0.41018616087109283,-1.4991921320688446,-0.4774114285904637,-0.0,0.0,-0.0,12-15,Father-Son,3.7065217391304346,3.989130434782609,0.5652173913043478,0,1
F0378,6,E6,Eastern,41,0,Rural,1,Male,2,Female,38,12.0,3,3.16,3.21,4.31,2.5,1,3,2,2,1,2,1.83,2,1,3,1,2,1.8,1,1,1,1,1,1.0,1.58,2,3,3,3,3,4,3.0,2,2,1,2,1,1.6,2,3,2,2,2,2.2,2.17,3,3,2,3,2.75,-1.673315261214173,-1.8149243484498367,-1.7710874414202322,-2.61125006974351,-0.14357014024722803,-1.8350943569527682,-0.3425304566260032,-1.1442906075494603,-0.8227565469387071,-0.5595528606912308,-1.1457254132278154,0.7868513412342639,-1.586814518802642,-1.9370495258166494,-0.9905163329820863,-1.6159185107130316,-2.410186160871093,-1.8991921320688445,1.9186791931165965,-0.0,-0.0,0.0,12-15,Father-Daughter,3.464090909090909,3.465909090909091,0.5454545454545454,0,0
F0379,1,E1,Eastern,2,0,Rural,1,Male,1,Male,49,22.4,2,1.24,3.75,2.82,2.58,4,3,3,3,3,4,3.33,2,1,1,2,2,1.6,4,4,3,5,5,4.2,2.92,4,3,3,4,3,3,3.33,3,2,3,3,3,2.8,1,1,2,2,1,1.4,2.39,1,3,1,2,1.75,-0.12003588779222847,-1.9655288434813643,1.213065513326371,-0.8048558362346315,0.2217754243889392,-0.820756995916424,-1.1649501994168372,-0.8852195211391016,-1.6533905501778914,-2.095852776923343,-0.27818270591716576,-1.2318042348503957,-1.4496517682058534,-0.5970495258166495,-1.9905163329820863,-0.11591851071303161,-2.6101861608710926,1.3008078679311557,1.1884368327372505,-0.0,-0.0,0.0,19-22,Father-Son,3.7009999999999996,3.75,0.55,0,0
F0380,3,E3,Eastern,18,0,Rural,2,Female,1,Male,49,21.8,2,2.68,4.05,3.49,3.46,3,2,2,3,2,1,2.17,5,4,5,5,5,4.8,3,3,4,3,4,3.4,3.25,1,2,1,1,1,1,1.17,4,2,3,2,3,2.8,2,1,2,2,1,1.6,2.02,3,3,2,3,2.75,-1.3212386032385324,0.4441430770230789,0.46702727463972,-0.35999755484811646,-2.169577362320519,-0.820756995916424,-0.9593452637191285,-1.3209299846474318,-0.8227565469387071,-0.9436278397492588,0.2037854648109726,-0.32408662681232664,0.05913848835881884,-0.2670495258166494,-0.9905163329820863,-1.2759185107130318,0.5898138391289072,0.5008078679311554,0.2645169170365126,-0.0,-0.0,0.0,19-22,Mother-Son,3.6612500000000003,3.71875,0.7083333333333334,0,0
F0381,9,C3,Central,62,0,Rural,2,Female,1,Male,51,17.4,3,2.82,3.76,3.41,3.26,1,1,1,3,2,2,1.67,1,1,2,2,2,1.6,1,1,1,1,1,1.0,1.5,2,1,1,1,2,3,1.67,3,3,3,4,3,3.2,1,1,2,2,1,1.4,2.28,4,4,4,4,4.0,-1.8389983943791806,-1.9655288434813643,-1.7710874414202322,-2.7190945015947867,-1.6160234765081443,-0.4826445422376423,-1.1649501994168372,-1.0147550643442813,0.21553595711027312,-0.8316059708573342,-0.2621171002262282,-0.4324708188168722,-0.28376838813315247,-2.0170495258166494,0.2594836670179137,-1.7759185107130318,-2.6101861608710926,-1.8991921320688445,-0.5233914075156482,-0.0,0.0,-0.0,16-18,Mother-Son,3.4633333333333334,3.6944444444444446,0.5,1,0
F0383,15,W3,Western,103,0,Rural,1,Male,1,Male,39,14.7,2,2.45,4.29,3.35,3.23,2,2,2,3,2,2,2.17,3,3,3,3,3,3.0,4,3,2,4,4,3.4,2.81,3,2,2,3,2,1,2.17,3,2,3,2,3,2.6,2,2,2,2,2,2.0,2.18,2,2,2,2,2.0,-1.3212386032385324,-0.9112973782606704,0.46702727463972,-0.9531419300301364,-1.0624695906957697,-0.9898132227558145,-0.5481353923237118,-1.1325146490762619,-1.4457320493680954,-1.127663767214564,0.5893600013934839,-0.5137589628202814,-0.3352044196069478,-0.7070495258166494,-1.7405163329820863,-1.2759185107130318,-1.2101861608710927,0.5008078679311554,1.2306312479111174,-0.0,-0.0,0.0,12-15,Father-Son,3.6488888888888886,3.537037037037037,0.6666666666666666,0,1
F0384,12,C6,Central,80,0,Rural,2,Female,2,Female,52,21.7,2,2.59,4.09,3.92,3.52,3,4,3,2,2,3,2.83,2,4,3,4,3,3.2,1,2,2,2,2,1.8,2.55,2,2,2,2,2,3,2.17,2,4,3,4,3,3.2,2,3,2,2,2,2.2,2.6,6,5,5,4,5.0,-0.6377956789328766,-0.7606928832291425,-1.0250492027335814,-1.3036363335467849,-1.0624695906957697,-0.4826445422376423,-0.3425304566260032,-0.6379243932019414,1.0461699603494574,-1.0156418983226394,0.2680478875747245,0.2584784052121051,0.16201055130641023,-0.9670495258166496,1.2594836670179137,-0.6159185107130316,-1.0101861608710925,-1.0991921320688445,-1.2179830829634883,-0.0,0.0,-0.0,19-22,Mother-Daughter,3.4740625,3.40625,0.53125,1,0
F0385,2,E2,Eastern,13,0,Rural,2,Female,2,Female,42,12.6,2,1.42,4.03,2.56,3.11,3,3,2,3,2,1,2.33,5,5,4,5,5,4.8,4,4,3,4,3,3.6,3.49,2,3,2,2,4,3,2.67,5,5,5,5,6,5.2,2,2,3,2,3,2.4,3.37,4,4,4,6,4.5,-1.1555554700735249,0.4441430770230789,0.6535368343113829,-0.03646425929428708,-0.5089157048833953,1.2079177261562648,-0.13692552092829502,0.2688244092343133,0.6308529587298652,-1.9518246597765825,0.17165425342909738,-1.5840528588651683,-0.5409485455021306,-0.02704952581664921,0.7594836670179137,-1.1159185107130316,0.5898138391289072,0.7008078679311556,-0.02054367305832447,-0.0,0.0,-0.0,12-15,Mother-Daughter,3.4699999999999998,3.673076923076923,0.23076923076923078,0,0
F0387,13,W1,Western,91,0,Rural,1,Male,2,Female,51,25.6,3,2.12,2.71,3.17,3.01,4,4,4,4,4,4,4.0,3,4,4,4,2,3.4,1,2,2,1,1,1.4,3.07,2,2,2,2,3,2,2.17,2,2,1,1,2,1.6,1,2,1,2,1,1.4,1.73,2,2,1,2,1.75,0.57376223233624,-0.610088388197615,-1.398068322076907,-0.6026475265134884,-1.0624695906957697,-1.8350943569527682,-1.1649501994168372,-1.6624327803701773,-1.6533905501778914,-1.3917153153169581,-1.9490056977747132,-0.757623394830509,-0.7124019837481163,-0.4470495258166496,-1.9905163329820863,0.5540814892869683,-0.8101861608710927,-1.4991921320688446,0.8898593827899378,-0.0,-0.0,0.0,23-25,Father-Daughter,3.4524,3.26,0.64,0,1
F0388,3,E3,Eastern,21,0,Rural,1,Male,2,Female,48,17.1,2,2.15,4.0,4.15,3.16,3,3,2,4,2,2,2.67,5,5,4,4,4,4.4,5,5,3,5,4,4.4,3.64,2,2,2,3,2,2,2.17,2,2,3,2,2,2.2,3,3,2,2,3,2.6,2.34,3,2,3,1,2.25,-0.8034788120978842,0.1429340869600239,1.3995750729980339,0.16574405042685597,-1.0624695906957697,-1.327925676434596,0.06867941476941361,-0.9440993135050926,-1.2380735485582992,-1.3677106291258316,0.1234574363562831,0.570082957225174,-0.4552218263791374,0.1229504741833507,-1.4905163329820863,-0.7759185107130318,0.1898138391289077,1.5008078679311558,-0.18325968991817657,0.0,-0.0,-0.0,16-18,Father-Daughter,3.367142857142857,3.4107142857142856,0.6071428571428571,0,0
F0390,6,E6,Eastern,36,0,Rural,2,Female,2,Female,47,18.5,3,4.82,3.73,2.59,3.07,4,4,4,4,3,3,3.67,4,3,4,3,4,3.6,1,1,2,1,2,1.4,2.85,4,3,2,3,3,4,3.17,3,4,3,4,3,3.4,3,4,2,2,2,2.6,2.98,3,3,4,4,3.5,0.23204077018341215,-0.4594838931660871,-1.398068322076907,-0.8992197141044981,0.04463818092897921,-0.3135883153982518,0.06867941476941361,-0.1904379712204132,-0.199781044509319,0.7687064418844496,-0.31031391729904173,-1.543408786863464,-0.6095299208005248,-0.6670495258166493,-0.2405163329820863,0.22408148928696825,-0.6101861608710926,-1.4991921320688446,0.16043630586686,-0.0,-0.0,0.0,16-18,Mother-Daughter,3.4104347826086956,3.967391304347826,0.4782608695652174,0,0
F0391,5,E5,Eastern,35,0,Rural,1,Male,2,Female,47,17.7,1,5.46,3.52,3.79,3.18,3,3,3,3,4,4,3.33,4,4,3,4,4,3.8,6,6,6,5,5,5.6,4.06,4,4,3,2,3,4,3.33,5,5,5,6,5,5.2,4,3,3,4,4,3.6,4.06,5,5,4,6,5.0,-0.12003588779222847,-0.3088793981345596,2.5186324310280095,0.7319273176460561,0.2217754243889392,1.2079177261562648,1.0967040932579557,1.0813655438849825,1.0461699603494574,1.28080641396182,-0.6476916368087388,0.08235409320471876,-0.42093113872994026,0.5429504741833502,1.2594836670179137,-0.11591851071303161,-0.41018616087109283,2.700807867931155,0.683837254233561,0.0,0.0,0.0,16-18,Father-Daughter,3.447777777777778,3.6944444444444446,0.4444444444444444,0,0
F0392,1,E1,Eastern,7,0,Rural,2,Female,1,Male,50,16.8,3,2.7,3.56,4.48,3.65,3,3,4,4,3,4,3.5,4,4,3,3,3,3.4,3,3,3,3,3,3.0,3.37,3,4,3,3,3,4,3.33,3,3,3,3,4,3.2,3,3,2,3,3,2.8,3.1,4,4,4,4,4.0,0.05600244119559184,-0.610088388197615,0.09400815529639468,-0.19823090707120175,0.2217754243889392,-0.4826445422376423,0.2742843504671218,-0.04912646954203574,0.21553595711027312,-0.927624715621841,-0.5834292140449868,1.0171677492439242,0.3849000210261912,-0.14704952581664932,0.2594836670179137,0.05408148928696832,-0.8101861608710927,0.10080786793115548,-0.038156950192149534,-0.0,0.0,-0.0,16-18,Mother-Son,3.5557575757575757,3.537878787878788,0.5757575757575758,0,0
F0394,16,W4,Western,111,0,Rural,2,Female,2,Female,46,19.5,4,2.79,3.08,2.11,2.9,4,4,4,4,4,3,3.83,3,3,3,3,3,3.0,1,1,2,1,1,1.2,2.69,3,4,3,4,3,3,3.33,4,5,5,4,4,4.4,3,3,3,3,3,3.0,3.67,6,5,5,5,5.25,0.3977239033484197,-0.9112973782606704,-1.5845778817485696,-1.114908577807051,0.2217754243889392,0.5316928187987021,0.4798892861648304,0.6221031634302564,1.2538284611592534,-0.8556106570484608,-1.3545782872100087,-2.193713938890737,-0.9010007658187,-0.8270495258166495,1.5094836670179137,0.3840814892869684,-1.2101861608710927,-1.6991921320688446,-1.2484177510351426,-0.0,0.0,-0.0,19-22,Mother-Daughter,3.7265384615384614,4.144230769230769,0.7692307692307693,0,1
F0395,13,W1,Western,86,0,Rural,2,Female,1,Male,42,16.1,3,2.96,2.68,3.14,3.64,4,3,4,4,3,3,3.5,3,3,3,4,4,3.4,1,3,3,2,1,2.0,2.9,3,2,1,2,2,3,2.17,1,1,2,2,1,1.4,1,2,1,1,2,1.4,1.46,1,1,1,2,1.25,0.05600244119559184,-0.610088388197615,-0.8385396430619187,-0.8318169441974507,-1.0624695906957697,-2.004150583792159,-1.1649501994168372,-1.9803836591465263,-2.0687075517974836,-0.7195841019654093,-1.9972025148475268,-0.7982674668322133,0.367754677201593,-0.6170495258166495,-2.4905163329820863,0.05408148928696832,-0.8101861608710927,-0.8991921320688445,1.5367719223052172,-0.0,-0.0,0.0,16-18,Mother-Son,3.28962962962963,3.6481481481481484,0.4444444444444444,0,1
F0403,5,E5,Eastern,35,0,Rural,2,Female,2,Female,41,12.9,2,2.67,3.52,3.79,3.18,4,3,4,4,5,5,4.17,3,2,3,3,3,2.8,1,2,2,2,1,1.6,2.67,3,3,2,3,3,3,2.83,1,2,2,1,2,1.6,2,2,2,2,2,2.0,2.39,1,2,3,3,2.25,0.7498005613240603,-1.061901873292198,-1.2115587624052442,-1.14186968576987,-0.33177846142343526,-1.8350943569527682,-0.5481353923237118,-0.8852195211391016,-1.2380735485582992,-0.951629401812968,-0.6476916368087388,0.08235409320471876,-0.42093113872994026,-0.8470495258166495,-1.4905163329820863,0.7240814892869682,-1.4101861608710928,-1.2991921320688444,1.2625411530744475,-0.0,-0.0,0.0,12-15,Mother-Daughter,3.447777777777778,3.6944444444444446,0.4444444444444444,0,0
F0404,13,W1,Western,86,0,Rural,2,Female,2,Female,48,21.7,3,1.55,2.68,3.14,3.64,2,3,4,2,3,2,2.67,2,1,2,2,3,2.0,2,2,3,3,2,2.4,2.18,3,4,4,4,3,3,3.5,3,4,4,3,3,3.4,3,2,3,3,3,2.8,3.31,6,5,5,5,5.25,-0.8034788120978842,-1.6643198534183088,-0.4655205237185935,-1.8024168308589374,0.40998374556514644,-0.3135883153982518,0.2742843504671218,0.19816865839512457,1.2538284611592534,-1.8478043529483668,-1.9972025148475268,-0.7982674668322133,0.367754677201593,-1.3370495258166493,1.5094836670179137,-0.7759185107130318,-2.2101861608710927,-0.4991921320688446,-2.0182544212142783,-0.0,0.0,-0.0,19-22,Mother-Daughter,3.28962962962963,3.6481481481481484,0.4444444444444444,0,1
F0405,13,W1,Western,90,0,Rural,1,Male,1,Male,44,18.2,4,3.52,3.02,2.42,2.99,2,2,3,2,2,1,2.0,4,5,5,5,5,4.8,3,2,2,3,2,2.4,3.08,2,1,1,2,1,1,1.33,3,3,1,2,2,2.2,1,2,1,1,2,1.4,1.62,2,2,2,2,2.0,-1.4972769322263526,0.4441430770230789,-0.4655205237185935,-0.5891669725320786,-1.9924401188605587,-1.327925676434596,-1.1649501994168372,-1.7919683235753563,-1.4457320493680954,-0.2714966263977099,-1.4509719213556365,-1.773725194873123,-0.7466926713973127,-0.43704952581664935,-1.7405163329820863,-1.4459185107130317,0.5898138391289072,-0.4991921320688446,0.7606918380059542,-0.0,-0.0,0.0,16-18,Father-Son,3.4153846153846152,3.4326923076923075,0.38461538461538464,0,1
F0406,8,C2,Central,51,0,Rural,1,Male,2,Female,44,14.4,3,2.77,3.39,2.03,3.12,2,2,3,3,3,3,2.67,4,3,3,3,3,3.2,3,3,3,2,3,2.8,3.13,3,2,3,3,1,2,2.33,4,4,4,5,5,4.4,3,2,4,3,3,3.0,3.12,5,4,4,5,4.5,-0.8034788120978842,-0.7606928832291425,-0.09250140437526819,-0.5217642026250311,-0.8853323472358098,0.5316928187987021,0.4798892861648304,-0.025574552595639496,0.6308529587298652,-0.8716137811758786,-0.856544510790932,-2.3020981308952826,-0.5238032016775316,-0.38704952581664953,0.7594836670179137,-0.7759185107130318,-1.0101861608710925,-0.0991921320688447,-0.29395779318477366,-0.0,0.0,-0.0,12-15,Father-Daughter,3.409047619047619,3.5,0.42857142857142855,1,0
F0412,17,W5,Western,118,0,Rural,2,Female,2,Female,45,19.1,2,1.84,3.02,3.22,2.88,1,1,2,1,1,2,1.33,4,4,5,4,4,4.2,4,4,4,3,4,3.8,3.02,3,2,2,1,1,3,2.0,4,5,4,5,6,4.8,3,3,3,2,2,2.6,3.09,4,4,4,4,4.0,-2.191075052354821,-0.0076704080715039435,0.8400463939830453,-0.6700502964205359,-1.250677911871977,0.8698052724774832,0.06867941476941361,-0.06090242801523413,0.21553595711027312,-1.6157590531008081,-1.4509719213556365,-0.6898832748276678,-0.9352914534678972,-0.4970495258166494,0.2594836670179137,-2.1159185107130316,-0.010186160871092476,0.9008078679311553,-0.12897623364841934,-0.0,0.0,-0.0,19-22,Mother-Daughter,3.4221428571428567,3.6607142857142856,0.35714285714285715,0,1
F0416,18,W6,Western,126,0,Rural,2,Female,2,Female,46,17.7,5,3.83,4.33,3.87,2.65,3,3,3,2,2,4,2.83,4,3,4,4,4,3.8,3,3,4,2,4,3.2,3.34,2,3,2,2,3,2,2.33,3,3,4,2,3,3.0,1,1,2,1,1,1.2,2.26,2,2,2,3,2.25,-0.6377956789328766,-0.3088793981345596,0.28051771496805755,-0.2386725690154307,-0.8853323472358098,-0.6517007690770332,-1.3705551351145455,-1.0383069812906776,-1.2380735485582992,-0.023448202422733412,0.6536224241572357,0.19073828520926436,-1.3296343614336639,-0.17704952581664957,-1.4905163329820863,-0.6159185107130316,-0.41018616087109283,0.30080786793115566,0.2638952099764497,-0.0,-0.0,0.0,16-18,Mother-Daughter,3.7065217391304346,3.989130434782609,0.5652173913043478,0,1
F0418,16,W4,Western,106,0,Rural,1,Male,2,Female,52,21.9,2,5.32,3.0,3.41,2.91,3,4,3,4,3,3,3.33,5,4,3,4,5,4.2,2,2,2,2,1,1.8,3.25,2,2,3,3,2,2,2.33,1,2,2,2,3,2.0,1,1,1,1,1,1.0,2.16,3,2,2,3,2.5,-0.12003588779222847,-0.0076704080715039435,-1.0250492027335814,-0.35999755484811646,-0.8853323472358098,-1.4969819032739868,-1.576160070812254,-1.1560665660226581,-1.0304150477485032,1.1687845450698955,-1.4831031327375124,-0.4324708188168722,-0.8838554219941012,-0.2670495258166494,-1.2405163329820863,-0.11591851071303161,-0.010186160871092476,-1.0991921320688445,0.33127929849067494,-0.0,-0.0,0.0,19-22,Father-Daughter,3.50375,3.625,0.5416666666666666,0,1
F0419,4,E4,Eastern,22,0,Rural,2,Female,1,Male,47,16.2,4,2.92,3.42,2.84,2.72,2,3,3,3,2,1,2.33,5,4,5,5,4,4.6,3,4,3,4,3,3.4,3.47,2,3,3,3,2,2,2.5,4,3,4,4,3,3.6,2,1,2,2,1,1.6,2.56,3,3,4,3,3.25,-1.1555554700735249,0.2935385819915511,0.46702727463972,-0.0634253672571062,-0.6971240260596026,-0.14453208855886093,-0.9593452637191285,-0.6850282270947339,-0.4074395453191151,-0.751590350220245,-0.8083476937181184,-1.2047081868492593,-1.2096169546614735,-0.04704952581664923,-0.4905163329820863,-1.1159185107130316,0.389813839128907,0.5008078679311554,0.02307856087212878,-0.0,-0.0,0.0,16-18,Mother-Son,3.5074193548387096,3.4919354838709675,0.45161290322580644,0,0
F0420,1,E1,Eastern,4,0,Rural,1,Male,2,Female,38,14.5,3,3.54,3.37,2.16,3.35,4,3,4,4,4,4,3.83,2,2,2,2,1,1.8,1,1,2,3,2,1.8,2.15,3,3,4,2,3,2,2.83,1,1,2,2,2,1.6,1,1,1,2,1,1.2,1.9,2,2,2,3,2.25,0.3977239033484197,-1.8149243484498367,-1.0250492027335814,-1.8428584928031664,-0.33177846142343526,-1.8350943569527682,-1.3705551351145455,-1.4622414863258093,-1.2380735485582992,-0.25549350227029205,-0.8886757221728079,-2.125973818887896,-0.129460293711765,-1.3670495258166495,-1.4905163329820863,0.3840814892869684,-2.410186160871093,-1.0991921320688445,2.0376096462251323,-0.0,-0.0,0.0,12-15,Father-Daughter,3.3230434782608693,3.5760869565217392,0.391304347826087,0,0
F0422,13,W1,Western,90,0,Rural,2,Female,2,Female,45,16.1,5,2.86,3.02,2.42,2.99,3,2,4,3,4,4,3.33,2,3,2,3,2,2.4,1,1,2,1,1,1.2,2.48,3,3,3,2,3,3,2.83,4,3,2,3,3,3.0,2,1,2,3,1,1.8,2.46,2,3,3,2,2.5,-0.12003588779222847,-1.3631108633552536,-1.5845778817485696,-1.3980002114166514,-0.33177846142343526,-0.6517007690770332,-0.7537403280214202,-0.8027878118267151,-1.0304150477485032,-0.7995997226024986,-1.4509719213556365,-1.773725194873123,-0.7466926713973127,-1.0370495258166494,-1.2405163329820863,-0.11591851071303161,-1.8101861608710927,-1.6991921320688446,1.2864768748868813,-0.0,-0.0,0.0,16-18,Mother-Daughter,3.4153846153846152,3.4326923076923075,0.38461538461538464,0,1
F0423,7,C1,Central,49,0,Rural,2,Female,1,Male,48,21.4,3,3.52,3.27,4.07,3.75,4,3,5,4,4,4,4.0,2,1,2,1,2,1.6,2,4,2,3,3,2.8,2.56,3,3,2,2,3,2,2.5,2,3,3,2,1,2.2,1,1,1,1,1,1.0,1.85,1,1,2,1,1.25,0.57376223233624,-1.9655288434813643,-0.09250140437526819,-1.2901557795653749,-0.6971240260596026,-1.327925676434596,-1.576160070812254,-1.5211212786917998,-2.0687075517974836,-0.2714966263977099,-1.0493317790821877,0.46169876522062836,0.5563534592721768,-0.9570495258166494,-2.4905163329820863,0.5540814892869683,-2.6101861608710926,-0.0991921320688447,2.383547475519126,-0.0,-0.0,0.0,19-22,Mother-Son,3.39,3.4711538461538463,0.4230769230769231,1,0
F0425,16,W4,Western,110,0,Rural,2,Female,1,Male,39,14.1,2,4.66,3.88,3.51,2.65,3,1,1,2,2,3,2.0,6,6,5,5,6,5.6,1,1,1,1,2,1.2,3.02,2,2,3,3,2,2,2.33,5,6,6,6,6,5.8,3,3,2,3,3,2.8,3.52,5,5,6,5,5.25,-1.4972769322263526,1.0465610571491897,-1.5845778817485696,-0.6700502964205359,-0.8853323472358098,1.7150864066744367,0.2742843504671218,0.4454637863322849,1.2538284611592534,0.6406814488651068,-0.06932983193497254,-0.29699057881119084,-1.3296343614336639,-0.4970495258166494,1.5094836670179137,-1.4459185107130317,1.389813839128907,-1.6991921320688446,-0.7502881409192311,-0.0,0.0,-0.0,12-15,Mother-Son,3.667333333333333,3.941666666666667,0.5333333333333333,0,1
F0428,17,W5,Western,118,0,Rural,2,Female,2,Female,43,16.4,2,3.43,3.02,3.22,2.88,2,2,1,1,1,2,1.5,3,4,3,4,4,3.6,2,2,3,2,2,2.2,2.45,2,1,3,1,1,3,1.83,3,3,3,4,4,3.4,2,3,2,2,1,2.0,2.4,3,3,3,2,2.75,-2.015036723367001,-0.4594838931660871,-0.6520300833902559,-1.4384418733608797,-1.4388862330481842,-0.3135883153982518,-0.5481353923237118,-0.8734435626659038,-0.8227565469387071,-0.34351068497109005,-1.4509719213556365,-0.6898832748276678,-0.9352914534678972,-1.0670495258166492,-0.9905163329820863,-1.9459185107130317,-0.6101861608710926,-0.6991921320688443,1.0569299834221815,-0.0,-0.0,0.0,16-18,Mother-Daughter,3.4221428571428567,3.6607142857142856,0.35714285714285715,0,1
F0432,3,E3,Eastern,19,0,Rural,2,Female,2,Female,50,16.2,3,4.59,4.25,3.44,3.17,2,3,3,3,2,3,2.67,3,2,3,3,3,2.8,2,3,3,2,2,2.4,2.46,3,3,3,3,2,2,2.67,5,3,4,4,4,4.0,3,3,3,2,3,2.8,3.06,4,4,5,5,4.5,-0.8034788120978842,-1.061901873292198,-0.4655205237185935,-1.4249613193794706,-0.5089157048833953,0.1935803651199204,0.2742843504671218,-0.09623030343482823,0.6308529587298652,0.5846705144191441,0.5250975786297319,-0.39182674681516794,-0.4380764825545392,-1.0570495258166495,0.7594836670179137,-0.7759185107130318,-1.4101861608710928,-0.4991921320688446,-0.8028118500867758,-0.0,0.0,-0.0,16-18,Mother-Daughter,3.5727272727272723,3.8295454545454546,0.5909090909090909,0,0
F0433,8,C2,Central,55,0,Rural,2,Female,1,Male,51,25.9,3,2.03,2.83,3.56,2.69,3,2,4,1,3,2,2.5,3,3,2,3,3,2.8,2,4,1,3,3,2.6,2.65,1,1,2,1,1,2,1.33,2,4,3,4,3,3.2,2,2,3,3,3,2.6,2.31,4,4,3,3,3.5,-0.9795171410857045,-1.061901873292198,-0.27901096404693065,-1.1688307937326892,-1.9924401188605587,-0.4826445422376423,0.06867941476941361,-0.9794271889246866,-0.199781044509319,-1.4637293738903387,-1.7562184294834575,-0.22925045880834952,-1.2610529861352695,-0.8670495258166495,-0.2405163329820863,-0.9459185107130317,-1.4101861608710928,-0.29919213206884443,0.2085395724632773,-0.0,-0.0,0.0,23-25,Mother-Son,3.4669565217391303,4.0978260869565215,0.5217391304347826,1,0
F0436,13,W1,Western,89,0,Rural,2,Female,2,Female,50,17.8,4,2.92,3.01,3.49,2.63,4,3,3,3,2,3,3.0,4,5,4,5,5,4.6,1,1,1,2,1,1.2,2.87,3,4,4,4,3,3,3.5,3,3,4,2,3,3.0,2,2,3,3,2,2.4,3.08,4,3,4,3,3.5,-0.46175734994505635,0.2935385819915511,-1.5845778817485696,-0.8722586061416789,0.40998374556514644,-0.6517007690770332,-0.13692552092829502,-0.07267838648843199,-0.199781044509319,-0.751590350220245,-1.4670375270465748,-0.32408662681232664,-1.363925049082861,-0.6470495258166493,-0.2405163329820863,-0.4459185107130317,0.389813839128907,-1.6991921320688446,0.15562597920721827,-0.0,-0.0,0.0,16-18,Mother-Daughter,3.5733333333333337,3.8425925925925926,0.6296296296296297,0,1
F0441,4,E4,Eastern,25,0,Rural,1,Male,2,Female,46,20.3,3,3.3,4.55,4.22,4.46,3,3,2,3,3,3,2.83,3,3,3,3,2,2.8,3,2,3,3,3,2.8,2.87,1,2,3,2,2,3,2.17,4,2,4,3,2,3.0,3,3,2,2,3,2.6,3.04,5,4,4,4,4.25,-0.6377956789328766,-1.061901873292198,-0.09250140437526819,-0.8722586061416789,-1.0624695906957697,-0.6517007690770332,0.06867941476941361,-0.11978222038122448,0.4231944579200692,-0.4475309917993062,1.0070657493578703,0.6649191252291504,1.773672870818674,-0.6470495258166493,0.5094836670179137,-0.6159185107130316,-1.4101861608710928,-0.0991921320688447,-0.3296611651552687,-0.0,0.0,-0.0,19-22,Father-Daughter,3.2065217391304346,3.641304347826087,0.2608695652173913,0,0
F0443,3,E3,Eastern,19,0,Rural,2,Female,1,Male,41,16.5,2,3.36,4.25,3.44,3.17,3,4,4,3,3,5,3.67,3,3,4,4,4,3.6,2,2,1,1,1,1.4,2.81,3,2,3,2,3,3,2.67,3,4,3,4,3,3.4,2,1,2,1,2,1.6,2.31,3,4,5,4,4.0,0.23204077018341215,-0.4594838931660871,-1.398068322076907,-0.9531419300301364,-0.5089157048833953,-0.3135883153982518,-0.9593452637191285,-0.9794271889246866,0.21553595711027312,-0.39952161941705266,0.5250975786297319,-0.39182674681516794,-0.4380764825545392,-0.7070495258166494,0.2594836670179137,0.22408148928696825,-0.6101861608710926,-1.4991921320688446,-0.18346780372218122,-0.0,0.0,-0.0,16-18,Mother-Son,3.5727272727272723,3.8295454545454546,0.5909090909090909,0,0
F0446,14,W2,Western,93,0,Rural,1,Male,2,Female,45,17.2,1,3.73,3.89,2.72,2.47,2,2,2,2,3,2,2.17,2,2,2,3,2,2.2,3,2,2,1,2,2.0,2.15,4,3,3,4,4,3,3.5,4,5,4,4,4,4.2,3,4,4,3,3,3.4,3.91,6,6,5,6,5.75,-1.3212386032385324,-1.513715358386781,-0.8385396430619187,-1.8428584928031664,0.40998374556514644,0.3626365919593113,0.8910991575602472,0.9047261667870113,1.6691454627788456,-0.10346382305982266,-0.053264226244034214,-1.367284474856077,-1.6382505502764373,-1.3670495258166495,2.0094836670179137,-1.2759185107130318,-2.0101861608710925,-0.8991921320688445,-2.747063694133141,-0.0,0.0,-0.0,16-18,Father-Daughter,3.3927272727272726,3.772727272727273,0.4090909090909091,0,1
F0447,17,W5,Western,119,0,Rural,1,Male,1,Male,40,12.4,3,2.67,3.37,2.99,3.4,2,3,1,2,2,1,1.83,4,4,3,4,4,3.8,1,1,2,1,2,1.4,2.55,3,2,2,3,2,2,2.33,3,4,3,4,2,3.2,3,1,2,2,2,2.0,2.4,3,4,4,3,3.5,-1.673315261214173,-0.3088793981345596,-1.398068322076907,-1.3036363335467849,-0.8853323472358098,-0.4826445422376423,-0.5481353923237118,-0.8734435626659038,-0.199781044509319,-0.951629401812968,-0.8886757221728079,-1.001487826840736,-0.043733574588772556,-0.9670495258166496,-0.2405163329820863,-1.6159185107130316,-0.41018616087109283,-1.4991921320688446,0.23259120576148595,-0.0,-0.0,0.0,12-15,Father-Son,3.413529411764706,3.7794117647058822,0.5294117647058824,0,1
F0449,3,E3,Eastern,20,0,Rural,2,Female,1,Male,44,16.5,1,2.19,3.17,3.14,3.88,3,4,3,4,4,4,3.67,3,3,3,3,3,3.0,3,4,4,4,4,3.8,3.61,3,3,4,3,3,3,3.17,5,3,4,4,5,4.2,3,4,4,4,3,3.6,3.56,3,5,4,4,4.0,0.23204077018341215,-0.9112973782606704,0.8400463939830453,0.125302388482627,0.04463818092897921,0.3626365919593113,1.0967040932579557,0.4925676202250774,0.21553595711027312,-1.3357043808709959,-1.2099878359915672,-0.7982674668322133,0.7792429289919578,0.09295047418335045,0.2594836670179137,0.22408148928696825,-1.2101861608710927,0.9008078679311553,0.024119129892149694,0.0,0.0,0.0,16-18,Mother-Son,3.286111111111111,3.8055555555555554,0.5,0,0
F0450,14,W2,Western,93,0,Rural,2,Female,2,Female,41,13.8,1,1.71,3.89,2.72,2.47,4,4,5,3,3,5,4.0,5,5,5,5,6,5.2,4,4,4,3,4,3.8,4.08,3,3,3,3,2,2,2.67,4,3,3,4,3,3.4,3,2,1,3,3,2.4,2.87,4,3,3,4,3.5,0.57376223233624,0.7453520670861346,0.8400463939830453,0.7588884256088758,-0.5089157048833953,-0.3135883153982518,-0.13692552092829502,-0.3199735144255923,-0.199781044509319,-1.7197793599290239,-0.053264226244034214,-1.367284474856077,-1.6382505502764373,0.5629504741833506,-0.2405163329820863,0.5540814892869683,0.9898138391289075,0.9008078679311553,-0.13539878370110614,0.0,-0.0,-0.0,12-15,Mother-Daughter,3.3927272727272726,3.772727272727273,0.4090909090909091,0,1
F0452,3,E3,Eastern,15,0,Rural,2,Female,2,Female,51,21.1,3,2.78,4.68,4.44,3.04,3,2,3,3,3,4,3.0,5,5,5,6,5,5.2,3,3,3,3,4,3.2,3.7,3,4,3,4,4,4,3.67,5,5,5,5,4,4.8,5,4,3,5,5,4.4,4.09,5,5,4,4,4.5,-0.46175734994505635,0.7453520670861346,0.28051771496805755,0.2466273743153133,0.5981920667413537,0.8698052724774832,1.9191238360487899,1.116693419304577,0.6308529587298652,-0.8636122191121699,1.2159186233400636,0.9629756532416515,-0.6609659522743202,0.18295047418335075,0.7594836670179137,-0.4459185107130317,0.9898138391289075,0.30080786793115566,0.1389478970154374,0.0,0.0,0.0,19-22,Mother-Daughter,3.4895833333333335,3.5416666666666665,0.4166666666666667,0,0
F0453,18,W6,Western,124,0,Rural,2,Female,1,Male,62,25.3,2,1.7,4.32,2.48,3.18,3,4,3,3,2,4,3.17,6,5,6,6,6,5.8,3,2,3,2,2,2.4,3.4,3,4,4,3,3,2,3.17,4,4,4,3,4,3.8,2,2,1,2,1,1.6,2.82,4,4,3,3,3.5,-0.285719020957236,1.1971655521807174,-0.4655205237185935,-0.1577892451269734,0.04463818092897921,0.02452413828052955,-0.9593452637191285,-0.3788533067915832,-0.199781044509319,-1.7277809219927327,0.6375568184662981,-1.692437050869714,-0.42093113872994026,-0.11704952581664951,-0.2405163329820863,-0.27591851071303175,1.5898138391289072,-0.4991921320688446,0.028152322726712583,-0.0,-0.0,0.0,23-25,Mother-Son,3.6216666666666666,3.513888888888889,0.5,0,1
F0454,2,E2,Eastern,13,0,Rural,2,Female,2,Female,46,14.9,3,3.52,4.03,2.56,3.11,4,4,3,4,4,3,3.67,7,6,6,6,7,6.4,3,2,3,3,2,2.6,4.11,3,4,4,4,3,3,3.5,6,7,7,7,5,6.4,4,3,3,3,4,3.4,4.36,5,4,4,5,4.5,0.23204077018341215,1.648979037275301,-0.27901096404693065,0.7993300875531049,0.40998374556514644,2.2222550871926092,0.8910991575602472,1.4346442980809266,0.6308529587298652,-0.2714966263977099,0.17165425342909738,-1.5840528588651683,-0.5409485455021306,0.5929504741833509,0.7594836670179137,0.22408148928696825,2.1898138391289077,-0.29919213206884443,0.4503362004927821,0.0,0.0,0.0,12-15,Mother-Daughter,3.4699999999999998,3.673076923076923,0.23076923076923078,0,0
F0456,8,C2,Central,52,0,Rural,2,Female,1,Male,37,12.1,3,1.81,3.34,2.96,2.87,4,4,4,3,5,5,4.17,6,6,6,5,5,5.6,1,1,1,1,1,1.0,3.7,3,4,3,3,2,4,3.17,3,4,4,5,5,4.2,2,2,1,1,2,1.6,2.95,4,3,3,3,3.25,0.7498005613240603,1.0465610571491897,-1.7710874414202322,0.2466273743153133,0.04463818092897921,0.3626365919593113,-0.9593452637191285,-0.22576584664000732,-0.4074395453191151,-1.6397637392919346,-0.9368725392456222,-1.0421318988424408,-0.9524367972924954,0.18295047418335075,-0.4905163329820863,0.7240814892869682,1.389813839128907,-1.8991921320688445,-0.08974019571375107,0.0,-0.0,-0.0,12-15,Mother-Son,3.4015,3.575,0.5,1,0
F0457,18,W6,Western,126,0,Rural,2,Female,2,Female,45,20.3,2,4.52,4.33,3.87,2.65,1,2,2,1,2,2,1.67,1,1,2,2,2,1.6,5,4,4,4,4,4.2,2.68,2,3,3,3,3,3,2.83,5,4,5,4,5,4.6,3,4,4,4,3,3.6,3.6,4,5,5,6,5.0,-1.8389983943791806,-1.9655288434813643,1.213065513326371,-1.1283891317884602,-0.33177846142343526,0.7007490456380923,1.0967040932579557,0.5396714541178699,1.0461699603494574,0.5286595799731815,0.6536224241572357,0.19073828520926436,-1.3296343614336639,-0.8370495258166493,1.2594836670179137,-1.7759185107130318,-2.6101861608710926,1.3008078679311557,-1.0542502062511592,-0.0,0.0,-0.0,19-22,Mother-Daughter,3.7065217391304346,3.989130434782609,0.5652173913043478,0,1
F0458,12,C6,Central,83,0,Rural,2,Female,1,Male,49,23.0,4,4.02,3.81,3.97,3.46,3,3,3,2,2,3,2.67,4,4,4,4,5,4.2,2,3,2,3,2,2.4,3.04,4,3,3,3,3,3,3.17,3,4,4,4,3,3.6,2,3,3,3,4,3.0,3.27,5,4,4,5,4.5,-0.8034788120978842,-0.0076704080715039435,-0.4655205237185935,-0.6430891884577168,0.04463818092897921,-0.14453208855886093,0.4798892861648304,0.15106482450233208,0.6308529587298652,0.12858147678773563,-0.18178907177153797,0.3262185252149464,0.05913848835881884,-0.4770495258166494,0.7594836670179137,-0.7759185107130318,-0.010186160871092476,-0.4991921320688446,-0.36231132321638576,-0.0,0.0,-0.0,23-25,Mother-Son,3.5046666666666666,3.9916666666666667,0.6666666666666666,1,0
F0459,9,C3,Central,57,0,Rural,2,Female,2,Female,49,19.4,2,4.07,3.34,3.02,2.26,3,3,4,4,4,3,3.5,2,2,2,2,1,1.8,5,5,6,4,5,5.0,3.59,3,3,2,3,3,4,3.0,2,2,2,3,4,2.6,3,3,2,3,3,2.8,3.0,5,5,4,4,4.5,0.05600244119559184,-1.8149243484498367,1.9591037520130217,0.0983412805198079,-0.14357014024722803,-0.9898132227558145,0.2742843504671218,-0.16688605427401695,0.6308529587298652,0.16858928710628077,-0.9368725392456222,-0.9608437548390317,-1.9983027705930074,0.07295047418335043,0.7594836670179137,0.05408148928696832,-2.410186160871093,2.1008078679311555,0.05540469364346663,0.0,0.0,0.0,19-22,Mother-Daughter,3.637826086956522,3.869565217391304,0.5652173913043478,1,0
F0460,15,W3,Western,100,0,Rural,1,Male,1,Male,39,13.7,3,1.89,3.4,3.73,3.01,5,4,4,4,4,5,4.33,5,4,4,5,4,4.4,1,1,1,1,1,1.0,3.16,3,4,3,3,4,3,3.33,4,4,5,3,4,4.0,1,1,1,1,1,1.0,2.54,4,3,4,5,4.0,0.9154836944890679,0.1429340869600239,-1.7710874414202322,-0.48132254068080216,0.2217754243889392,0.1935803651199204,-1.576160070812254,-0.7085801440411301,0.21553595711027312,-1.5757512427822635,-0.8404789050999943,0.0010659492013095657,-0.7124019837481163,-0.3570495258166493,0.2594836670179137,0.8840814892869684,0.1898138391289077,-1.8991921320688445,-0.0926485202659114,-0.0,0.0,-0.0,12-15,Father-Son,3.563333333333333,3.5925925925925926,0.6296296296296297,0,1
F0462,12,C6,Central,78,0,Rural,1,Male,2,Female,52,21.3,2,3.78,3.85,3.99,3.22,4,3,4,4,3,3,3.5,7,7,6,7,7,6.8,3,3,3,3,2,2.8,4.47,2,3,3,3,2,3,2.67,2,3,3,4,2,2.8,1,1,1,1,1,1.0,2.04,1,2,2,2,1.75,0.05600244119559184,1.950188027338356,-0.09250140437526819,1.2846300308838476,-0.5089157048833953,-0.820756995916424,-1.576160070812254,-1.2973780677010356,-1.6533905501778914,-0.06345601274127821,-0.11752664900778609,0.35331457321608273,-0.352349763431546,0.9529504741833503,-1.9905163329820863,0.05408148928696832,2.589813839128907,-0.0991921320688447,-1.896863483384983,0.0,-0.0,-0.0,19-22,Father-Daughter,3.559473684210526,2.9078947368421053,0.3684210526315789,1,0
F0463,8,C2,Central,50,0,Rural,2,Female,1,Male,51,22.7,5,3.43,4.16,2.96,2.84,2,3,3,1,2,3,2.33,3,4,5,3,5,4.0,5,4,3,4,5,4.2,3.46,1,2,2,1,1,1,1.33,1,4,2,3,2,2.4,2,1,2,1,2,1.6,1.76,3,2,3,2,2.5,-1.1555554700735249,-0.15827490310303177,1.213065513326371,-0.07690592123851604,-1.9924401188605587,-1.1588694495952054,-0.9593452637191285,-1.6271049049505828,-1.0304150477485032,-0.34351068497109005,0.3805071274112906,-1.0421318988424408,-1.0038728287662915,-0.05704952581664946,-1.2405163329820863,-1.1159185107130316,-0.21018616087109265,1.3008078679311557,0.07077086856443685,-0.0,-0.0,0.0,19-22,Mother-Son,3.4087878787878787,3.984848484848485,0.5454545454545454,1,0
F0464,1,E1,Eastern,3,0,Rural,2,Female,1,Male,46,15.7,2,1.74,3.9,3.63,2.24,2,3,2,4,3,3,2.83,5,5,4,6,4,4.8,5,4,5,3,3,4.0,4.12,2,3,3,2,3,3,2.67,4,3,4,4,3,3.6,3,3,3,3,4,3.2,3.15,3,3,4,3,3.25,-0.6377956789328766,0.4441430770230789,1.0265559536547082,0.8128106415345141,-0.5089157048833953,-0.14453208855886093,0.685494221862539,0.009753322823954608,-0.4074395453191151,-1.695774673737897,-0.0371986205530966,-0.13441429080437242,-2.032593458242204,0.6029504741833507,-0.4905163329820863,-0.6159185107130316,0.5898138391289072,1.1008078679311555,-0.2957570555662273,0.0,-0.0,-0.0,12-15,Mother-Son,3.718571428571429,3.3333333333333335,0.5238095238095238,0,0
F0468,17,W5,Western,113,0,Rural,2,Female,1,Male,54,14.5,2,3.15,3.5,3.33,3.99,4,5,4,4,3,4,4.0,5,6,5,4,6,5.2,2,1,2,1,1,1.4,3.39,3,3,3,2,3,4,3.0,4,4,4,4,4,4.0,2,2,2,2,2,2.0,2.94,3,2,3,4,3.0,0.57376223233624,0.7453520670861346,-1.398068322076907,-0.17126979910838264,-0.14357014024722803,0.1935803651199204,-0.5481353923237118,-0.2375418051132057,-0.6150980461289112,-0.56755442275494,-0.6798228481906147,-0.5408550108214178,0.9678417110625425,-0.1270495258166493,-0.7405163329820863,0.5540814892869683,0.9898138391289075,-1.4991921320688446,0.09408224896485805,-0.0,-0.0,0.0,12-15,Mother-Son,3.815909090909091,3.8863636363636362,0.6818181818181818,0,1
F0469,11,C5,Central,73,0,Rural,1,Male,1,Male,48,18.3,5,1.73,3.04,3.51,3.37,2,3,4,3,3,3,3.0,4,3,4,4,4,3.8,2,1,2,2,3,2.0,2.81,3,3,2,3,3,3,2.83,3,4,4,3,3,3.4,3,3,3,4,2,3.0,3.07,4,4,4,5,4.25,-0.46175734994505635,-0.3088793981345596,-0.8385396430619187,-0.9531419300301364,-0.33177846142343526,-0.3135883153982518,0.4798892861648304,-0.08445434496163037,0.4231944579200692,-1.703776235801606,-1.4188407099737605,-0.29699057881119084,-0.09516960606256787,-0.7070495258166494,0.5094836670179137,-0.4459185107130317,-0.41018616087109283,-0.8991921320688445,-0.3602301851763436,-0.0,0.0,-0.0,16-18,Father-Son,3.2838461538461536,3.8365384615384617,0.5384615384615384,1,0
F0470,7,C1,Central,49,0,Rural,2,Female,2,Female,44,16.9,2,3.74,3.27,4.07,3.75,3,4,3,2,3,2,2.83,3,1,3,3,2,2.4,2,3,2,3,1,2.2,2.71,2,3,4,2,3,3,2.83,3,2,1,3,3,2.4,1,2,2,2,2,1.8,2.46,3,4,3,4,3.5,-0.6377956789328766,-1.3631108633552536,-0.6520300833902559,-1.087947469844232,-0.33177846142343526,-1.1588694495952054,-0.7537403280214202,-0.8027878118267151,-0.199781044509319,-0.09546226099611356,-1.0493317790821877,0.46169876522062836,0.5563534592721768,-0.8070495258166495,-0.2405163329820863,-0.6159185107130316,-1.8101861608710927,-0.6991921320688443,0.1941085924843521,-0.0,-0.0,0.0,16-18,Mother-Daughter,3.39,3.4711538461538463,0.4230769230769231,1,0
F0472,14,W2,Western,96,0,Rural,1,Male,1,Male,41,12.7,2,2.04,2.82,2.41,2.58,4,4,4,3,4,4,3.83,1,1,1,1,1,1.0,2,1,2,2,1,1.6,2.23,2,2,2,2,3,3,2.33,1,2,1,2,2,1.6,2,1,1,1,1,1.2,1.53,2,2,2,3,2.25,0.3977239033484197,-2.4173423285759474,-1.2115587624052442,-1.73501406095189,-0.8853323472358098,-1.8350943569527682,-1.3705551351145455,-1.8979519498341395,-1.2380735485582992,-1.4557278118266297,-1.7722840351743958,-1.787273218873691,-1.4496517682058534,-1.2870495258166494,-1.4905163329820863,0.3840814892869684,-3.2101861608710927,-1.2991921320688444,1.9183683395865654,-0.0,-0.0,0.0,12-15,Father-Son,3.5119999999999996,3.7375,0.5,0,1
F0473,7,C1,Central,46,0,Rural,1,Male,2,Female,44,18.9,3,1.89,3.01,2.63,2.93,1,1,1,1,1,1,1.0,5,4,4,4,4,4.2,3,3,5,3,4,3.6,3.06,3,2,2,2,2,1,2.0,1,3,2,2,3,2.2,2,1,1,1,1,1.2,1.87,3,3,4,4,3.5,-2.532796514507649,-0.0076704080715039435,0.6535368343113829,-0.6161280804948978,-1.250677911871977,-1.327925676434596,-1.3705551351145455,-1.4975693617454036,-0.199781044509319,-1.5757512427822635,-1.4670375270465748,-1.4892166908611912,-0.849564734344904,-0.45704952581664937,-0.2405163329820863,-2.4459185107130317,-0.010186160871092476,0.7008078679311556,0.1099278759406219,-0.0,-0.0,0.0,16-18,Father-Daughter,3.492,3.51,0.44,1,0
F0474,5,E5,Eastern,32,0,Rural,1,Male,1,Male,41,12.7,2,3.24,3.47,4.33,4.2,3,3,3,4,4,4,3.5,1,1,1,1,1,1.0,1,1,1,1,1,1.0,1.81,3,2,2,2,2,2,2.17,3,4,4,2,2,3.0,2,2,1,1,1,1.4,2.11,4,3,2,4,3.25,0.05600244119559184,-2.4173423285759474,-1.7710874414202322,-2.301197328171091,-1.0624695906957697,-0.6517007690770332,-1.1649501994168372,-1.214946358388649,-0.4074395453191151,-0.4955403641815594,-0.7280196652634282,0.8139473892354009,1.3278939313791118,-1.7070495258166494,-0.4905163329820863,0.05408148928696832,-3.2101861608710927,-1.8991921320688445,0.8373356736223921,-0.0,-0.0,0.0,12-15,Father-Son,3.5572000000000004,3.65,0.56,0,0
F0475,5,E5,Eastern,32,0,Rural,2,Female,1,Male,47,16.3,2,3.86,3.47,4.33,4.2,3,4,3,2,4,4,3.33,4,5,4,4,4,4.2,3,3,3,2,3,2.8,3.38,3,3,4,2,3,3,3.0,2,3,2,2,2,2.2,2,2,1,1,1,1.4,2.28,2,2,2,2,2.0,-0.12003588779222847,-0.0076704080715039435,-0.09250140437526819,-0.1847503530897925,-0.14357014024722803,-1.327925676434596,-1.1649501994168372,-1.0147550643442813,-1.4457320493680954,0.0005564837683931816,-0.7280196652634282,0.8139473892354009,1.3278939313791118,-0.13704952581664953,-1.7405163329820863,-0.11591851071303161,-0.010186160871092476,-0.0991921320688447,0.23853693811132862,-0.0,-0.0,0.0,16-18,Mother-Son,3.5572000000000004,3.65,0.56,0,0
F0477,10,C4,Central,68,0,Rural,1,Male,1,Male,40,13.9,3,3.7,3.38,2.99,4.1,3,5,4,3,5,3,3.83,2,3,3,3,3,2.8,4,4,4,4,5,4.2,3.65,4,4,5,4,3,3,3.83,4,2,3,4,4,3.4,3,3,4,2,3,3.0,3.15,3,3,4,2,3.0,0.3977239033484197,-1.061901873292198,1.213065513326371,0.17922460440826524,0.7753293102013137,-0.3135883153982518,0.4798892861648304,0.009753322823954608,-0.6150980461289112,-0.12746850925094924,-0.8726101164818703,-1.001487826840736,1.1564404931331256,0.1329504741833505,-0.7405163329820863,0.3840814892869684,-1.4101861608710928,1.3008078679311557,-0.09845199761048423,0.0,-0.0,-0.0,12-15,Father-Son,3.5727999999999995,4.04,0.56,1,0
F0482,13,W1,Western,88,0,Rural,2,Female,2,Female,50,20.1,2,3.0,3.73,3.09,2.48,3,4,3,3,3,4,3.33,2,2,2,2,2,2.0,3,3,4,4,4,3.6,2.99,3,4,3,4,3,4,3.5,4,4,3,3,4,3.6,3,4,2,3,4,3.2,3.29,5,5,5,4,4.75,-0.12003588779222847,-1.6643198534183088,0.6535368343113829,-0.7104919583647643,0.40998374556514644,-0.14453208855886093,0.685494221862539,0.17461674144872832,0.8385114595396613,-0.6875778537105736,-0.31031391729904173,-0.8660075868350546,-1.621105206451839,-0.5270495258166492,1.0094836670179137,-0.11591851071303161,-2.2101861608710927,0.7008078679311556,-0.5320478880214436,-0.0,0.0,-0.0,19-22,Mother-Daughter,3.3708333333333336,3.8229166666666665,0.5833333333333334,0,1
F0483,8,C2,Central,56,0,Rural,2,Female,1,Male,45,17.8,3,4.49,3.71,3.28,4.03,2,1,2,2,1,1,1.5,2,1,2,2,2,1.8,3,2,3,3,3,2.8,2.12,3,3,2,3,3,3,2.83,3,3,3,1,3,2.6,2,2,3,2,2,2.2,2.59,3,5,4,4,4.0,-2.015036723367001,-1.8149243484498367,-0.09250140437526819,-1.8833001547473949,-0.33177846142343526,-0.9898132227558145,-0.3425304566260032,-0.6497003516751397,0.21553595711027312,0.5046548937820552,-0.34244512868091764,-0.6085951308242591,1.0364230863609367,-1.3970495258166493,0.2594836670179137,-1.9459185107130317,-2.410186160871093,-0.0991921320688447,-0.36251153396454167,-0.0,0.0,-0.0,16-18,Mother-Son,3.631,4.083333333333333,0.4666666666666667,1,0
F0484,17,W5,Western,115,0,Rural,2,Female,1,Male,57,24.2,1,2.02,3.3,3.31,3.44,4,4,6,4,4,4,4.33,4,5,4,4,4,4.2,3,3,2,2,3,2.6,3.56,3,4,3,3,4,3,3.33,6,7,6,7,5,6.2,3,3,3,4,2,3.0,3.85,5,5,4,5,4.75,0.9154836944890679,-0.0076704080715039435,-0.27901096404693065,0.057899618575579515,0.2217754243889392,2.0531988603532185,0.4798892861648304,0.8340704159478226,0.8385114595396613,-1.4717309359540474,-1.0011349620093741,-0.5679510588225543,0.024847800709621705,0.04295047418335063,1.0094836670179137,0.8840814892869684,-0.010186160871092476,-0.29919213206884443,0.04335780217876702,0.0,0.0,0.0,23-25,Mother-Son,3.5508333333333333,3.8125,0.6666666666666666,0,1
F0485,12,C6,Central,80,0,Rural,2,Female,1,Male,47,16.2,2,2.21,4.09,3.92,3.52,4,4,5,4,4,5,4.33,5,4,3,4,5,4.2,3,4,3,3,3,3.2,3.72,2,3,2,2,3,2,2.33,2,2,2,2,4,2.4,3,2,1,2,2,2.0,2.29,2,1,2,3,2.0,0.9154836944890679,-0.0076704080715039435,0.28051771496805755,0.2735884822781324,-0.8853323472358098,-1.1588694495952054,-0.5481353923237118,-1.0029791058710829,-1.4457320493680954,-1.319701256743578,0.2680478875747245,0.2584784052121051,0.16201055130641023,0.20295047418335077,-1.7405163329820863,0.8840814892869684,-0.010186160871092476,0.30080786793115566,-0.35323861510258125,0.0,-0.0,-0.0,16-18,Mother-Son,3.4740625,3.40625,0.53125,1,0
F0487,18,W6,Western,123,0,Rural,1,Male,1,Male,40,14.8,1,3.05,3.53,3.49,3.33,4,4,4,4,5,3,4.0,4,4,3,4,2,3.4,2,1,1,1,1,1.2,2.76,3,4,4,3,3,3,3.33,4,4,3,3,3,3.4,1,2,2,1,2,1.6,2.82,4,3,2,3,3.0,0.57376223233624,-0.610088388197615,-1.5845778817485696,-1.0205446999371843,0.2217754243889392,-0.3135883153982518,-0.9593452637191285,-0.3788533067915832,-0.6150980461289112,-0.6475700433920292,-0.6316260311178011,-0.32408662681232664,-0.16375098136096214,-0.7570495258166496,-0.7405163329820863,0.5540814892869683,-0.8101861608710927,-1.6991921320688446,0.5606075387435726,-0.0,-0.0,0.0,12-15,Father-Son,3.376923076923077,4.019230769230769,0.46153846153846156,0,1
F0489,3,E3,Eastern,19,0,Rural,2,Female,2,Female,47,17.9,2,3.42,4.25,3.44,3.17,4,4,4,3,4,4,3.83,5,5,6,5,5,5.2,1,1,1,1,1,1.0,3.26,3,3,3,4,3,3,3.17,4,5,4,5,4,4.4,2,3,3,1,2,2.2,3.36,5,5,4,6,5.0,0.3977239033484197,0.7453520670861346,-1.7710874414202322,-0.34651700086670717,0.04463818092897921,0.5316928187987021,-0.3425304566260032,0.25704845076111493,1.0461699603494574,-0.3515122470347991,0.5250975786297319,-0.39182674681516794,-0.4380764825545392,-0.25704952581664964,1.2594836670179137,0.3840814892869684,0.9898138391289075,-1.8991921320688445,-0.32374967938076976,-0.0,0.0,-0.0,16-18,Mother-Daughter,3.5727272727272723,3.8295454545454546,0.5909090909090909,0,0
F0493,5,E5,Eastern,29,0,Rural,2,Female,2,Female,50,17.6,3,2.72,3.32,2.76,2.84,1,3,2,2,2,2,2.0,4,3,4,4,4,3.8,1,1,2,2,1,1.4,2.42,3,3,3,2,2,3,2.67,4,2,2,2,3,2.6,1,1,1,1,2,1.2,2.35,2,2,2,3,2.25,-1.4972769322263526,-0.3088793981345596,-1.398068322076907,-1.4788835353051086,-0.5089157048833953,-0.9898132227558145,-1.3705551351145455,-0.9323233550318941,-1.2380735485582992,-0.9116215914944231,-0.9690037506274981,-1.313092378853805,-1.0038728287662915,-1.0970495258166495,-1.4905163329820863,-1.4459185107130317,-0.41018616087109283,-1.4991921320688446,1.635170236319969,-0.0,-0.0,0.0,16-18,Mother-Daughter,3.325,3.775,0.4,0,0
F0494,18,W6,Western,120,0,Rural,2,Female,1,Male,45,19.8,5,3.17,3.14,3.45,2.92,2,2,1,1,1,2,1.5,3,4,2,2,4,3.0,1,2,2,2,2,1.8,2.11,1,1,1,1,1,2,1.17,3,2,2,2,2,2.2,1,1,1,2,1,1.2,1.49,2,3,2,2,2.25,-2.015036723367001,-0.9112973782606704,-1.0250492027335814,-1.8967807087288047,-2.169577362320519,-1.327925676434596,-1.3705551351145455,-1.945055783726932,-1.2380735485582992,-0.5515512986275221,-1.2581846530643808,-0.3782787228145994,-0.866710078169503,-1.4070495258166495,-1.4905163329820863,-1.9459185107130317,-1.2101861608710927,-1.0991921320688445,2.0972302995444156,-0.0,-0.0,0.0,19-22,Mother-Son,3.4250000000000003,3.1354166666666665,0.4166666666666667,0,1
F0502,1,E1,Eastern,7,0,Rural,1,Male,2,Female,41,22.3,3,4.51,3.56,4.48,3.65,5,5,6,6,5,4,5.17,3,3,4,3,2,3.0,2,3,3,3,2,2.6,3.59,2,3,3,2,2,2,2.33,2,3,4,3,3,3.0,2,1,2,2,2,1.8,2.22,3,2,3,2,2.5,1.7853201436053567,-0.9112973782606704,-0.27901096404693065,0.0983412805198079,-0.8853323472358098,-0.6517007690770332,-0.7537403280214202,-1.0854108151834694,-1.0304150477485032,0.5206580179094727,-0.5834292140449868,1.0171677492439242,0.3849000210261912,0.07295047418335043,-1.2405163329820863,1.7240814892869682,-1.2101861608710927,-0.29919213206884443,-0.09049625472323423,0.0,-0.0,-0.0,19-22,Father-Daughter,3.5557575757575757,3.537878787878788,0.5757575757575758,0,0
F0506,16,W4,Western,109,0,Rural,1,Male,2,Female,45,19.3,2,5.91,3.72,3.19,3.1,4,5,4,3,4,4,4.0,2,3,2,2,2,2.2,4,4,4,5,5,4.4,3.63,4,4,4,3,4,3,3.67,3,2,2,4,3,2.8,2,3,3,3,2,2.6,2.94,3,3,4,4,3.5,0.57376223233624,-1.513715358386781,1.3995750729980339,0.15226349644544612,0.5981920667413537,-0.820756995916424,0.06867941476941361,-0.2375418051132057,-0.199781044509319,1.6408767068287213,-0.32637952298997935,-0.7305273468293726,-0.5580938893267288,0.11295047418335047,-0.2405163329820863,0.5540814892869683,-2.0101861608710925,1.5008078679311558,-0.027166433859167262,0.0,-0.0,-0.0,19-22,Father-Daughter,3.7354999999999996,3.8625,0.55,0,1
F0507,7,C1,Central,45,0,Rural,1,Male,1,Male,47,17.5,3,3.14,2.97,3.01,3.44,5,4,6,4,4,3,4.33,5,4,4,4,5,4.4,1,2,1,2,2,1.6,3.45,1,3,2,3,2,4,2.5,1,3,2,2,3,2.2,1,1,2,1,1,1.2,1.81,2,2,1,1,1.5,0.9154836944890679,0.1429340869600239,-1.2115587624052442,-0.09038647521992531,-0.6971240260596026,-1.327925676434596,-1.3705551351145455,-1.5682251125845923,-1.8610490509876876,-0.5755559848186487,-1.531299949810326,-0.9743917788396002,0.024847800709621705,-0.06704952581664925,-2.2405163329820863,0.8840814892869684,0.1898138391289077,-1.2991921320688444,0.1502255577109067,-0.0,-0.0,0.0,16-18,Father-Son,3.4618181818181815,3.534090909090909,0.45454545454545453,1,0
F0508,11,C5,Central,72,0,Rural,1,Male,2,Female,52,22.5,3,4.57,4.17,3.75,3.55,2,3,3,3,4,2,2.83,4,4,3,4,4,3.8,2,1,2,2,3,2.0,2.86,3,2,2,3,3,2,2.5,3,3,5,4,3,3.6,3,3,3,3,3,3.0,3.18,5,7,5,5,5.5,-0.6377956789328766,-0.3088793981345596,-0.8385396430619187,-0.8857391601230888,-0.6971240260596026,-0.14453208855886093,0.4798892861648304,0.04508119824354924,1.4614869619690496,0.5686673902917266,0.39657273310222824,0.028161997202445964,0.21344658278020553,-0.6570495258166495,1.7594836670179137,-0.6159185107130316,-0.41018616087109283,-0.8991921320688445,-1.15606790909626,-0.0,0.0,-0.0,19-22,Father-Daughter,3.5436,3.8,0.64,1,0
F0509,14,W2,Western,95,0,Rural,2,Female,1,Male,46,18.7,2,4.19,4.22,3.12,4.17,2,3,2,2,3,2,2.33,3,4,4,4,3,3.6,3,3,3,3,2,2.8,3.07,2,2,2,2,2,3,2.17,3,3,4,3,3,3.2,2,1,2,2,1,1.6,2.4,3,3,3,2,2.75,-1.1555554700735249,-0.4594838931660871,-0.09250140437526819,-0.6026475265134884,-1.0624695906957697,-0.4826445422376423,-0.9593452637191285,-0.8734435626659038,-0.8227565469387071,0.26460803187078785,0.47690076155691774,-0.8253635148333497,1.2764578999053158,-0.4470495258166496,-0.9905163329820863,-1.1159185107130316,-0.6101861608710926,-0.0991921320688447,0.4428098569732883,-0.0,-0.0,0.0,16-18,Mother-Son,3.0213636363636365,3.159090909090909,0.45454545454545453,0,1
F0514,7,C1,Central,43,0,Rural,2,Female,1,Male,46,20.9,2,3.8,3.86,3.81,2.49,1,2,2,3,2,3,2.17,5,4,5,4,5,4.6,3,4,3,3,3,3.2,3.53,1,1,1,2,2,2,1.5,3,4,3,4,4,3.6,2,2,2,2,3,2.2,2.25,3,2,3,3,2.75,-1.3212386032385324,0.2935385819915511,0.28051771496805755,0.01745795663135055,-1.8042317976843516,-0.14453208855886093,-0.3425304566260032,-1.0500829397638753,-0.8227565469387071,-0.047452888613860364,-0.10146104331684848,0.10945014120585517,-1.6039598626272402,0.01295047418335038,-0.9905163329820863,-1.2759185107130318,0.389813839128907,0.30080786793115566,-0.012827656198471397,0.0,-0.0,-0.0,19-22,Mother-Son,3.569130434782609,3.510869565217391,0.43478260869565216,1,0
F0516,6,E6,Eastern,40,0,Rural,1,Male,2,Female,41,15.0,2,4.17,3.83,3.11,3.21,4,4,3,3,4,3,3.5,2,2,3,2,2,2.2,3,3,2,3,4,3.0,2.81,3,1,3,2,2,2,2.17,2,1,2,2,2,1.8,1,1,1,1,1,1.0,1.52,1,1,2,3,1.75,0.05600244119559184,-1.513715358386781,0.09400815529639468,-0.9531419300301364,-1.0624695906957697,-1.6660381301133775,-1.576160070812254,-1.9097279083073375,-1.6533905501778914,0.24860490774336966,-0.14965786038966203,-0.8389115388339182,-0.36949510725614493,-0.7070495258166494,-1.9905163329820863,0.05408148928696832,-2.0101861608710925,0.10080786793115548,1.4073936293652798,-0.0,-0.0,0.0,12-15,Father-Daughter,3.296190476190476,3.5714285714285716,0.3333333333333333,0,0
F0517,7,C1,Central,45,0,Rural,2,Female,2,Female,51,24.4,5,4.89,2.97,3.01,3.44,2,1,1,1,1,2,1.33,4,4,4,3,3,3.6,4,3,3,2,2,2.8,2.58,1,2,1,1,1,1,1.17,2,3,2,2,2,2.2,2,1,1,2,1,1.4,1.82,3,3,3,3,3.0,-2.191075052354821,-0.4594838931660871,-0.09250140437526819,-1.2631946716025557,-2.169577362320519,-1.327925676434596,-1.1649501994168372,-1.556449154111394,-0.6150980461289112,0.8247173763304115,-1.531299949810326,-0.9743917788396002,0.024847800709621705,-0.9370495258166494,-0.7405163329820863,-2.1159185107130316,-0.6101861608710926,-0.0991921320688447,0.693900478680348,-0.0,-0.0,0.0,23-25,Mother-Daughter,3.4618181818181815,3.534090909090909,0.45454545454545453,1,0
F0518,18,W6,Western,120,0,Rural,1,Male,2,Female,45,20.0,2,2.27,3.14,3.45,2.92,3,2,4,3,4,2,3.0,3,3,3,3,4,3.2,3,3,2,4,2,2.8,3.09,1,1,2,2,2,1,1.5,2,1,2,2,2,1.8,1,1,1,1,2,1.2,1.35,1,1,1,2,1.25,-0.46175734994505635,-0.7606928832291425,-0.09250140437526819,-0.5756864185506694,-1.8042317976843516,-1.6660381301133775,-1.3705551351145455,-2.1099192023517053,-2.0687075517974836,-1.2716918843613245,-1.2581846530643808,-0.3782787228145994,-0.866710078169503,-0.42704952581664957,-2.4905163329820863,-0.4459185107130317,-1.0101861608710925,-0.0991921320688447,1.0635738190386208,-0.0,-0.0,0.0,19-22,Father-Daughter,3.4250000000000003,3.1354166666666665,0.4166666666666667,0,1
F0519,3,E3,Eastern,16,0,Rural,2,Female,2,Female,45,21.7,3,2.92,2.85,2.85,2.75,5,4,4,4,5,3,4.17,5,5,4,4,4,4.4,2,4,3,3,3,3.0,3.83,3,3,3,3,2,3,2.83,4,4,4,3,4,3.8,3,2,2,2,3,2.4,3.17,4,4,4,4,4.0,0.7498005613240603,0.1429340869600239,0.09400815529639468,0.42187457607363726,-0.33177846142343526,0.02452413828052955,-0.13692552092829502,0.03330523977035085,0.21553595711027312,-0.751590350220245,-1.7240872181015816,-1.1911601628486908,-1.1581809231876783,0.31295047418335065,0.2594836670179137,0.7240814892869682,0.1898138391289077,0.10080786793115548,0.08120553663609076,0.0,0.0,0.0,19-22,Mother-Daughter,3.6174074074074074,3.6666666666666665,0.48148148148148145,0,0
F0520,5,E5,Eastern,29,0,Rural,2,Female,1,Male,49,15.5,2,5.44,3.32,2.76,2.84,3,3,3,2,3,3,2.83,1,1,1,2,1,1.2,2,2,3,3,3,2.6,2.29,3,4,3,3,4,4,3.5,3,2,3,3,3,2.8,3,4,4,3,3,3.4,3.0,4,6,5,5,5.0,-0.6377956789328766,-2.2667378335444197,-0.27901096404693065,-1.6541307370634326,0.40998374556514644,-0.820756995916424,0.8910991575602472,-0.16688605427401695,1.0461699603494574,1.2648032898344026,-0.9690037506274981,-1.313092378853805,-1.0038728287662915,-1.2270495258166494,1.2594836670179137,-0.6159185107130316,-3.0101861608710925,-0.29919213206884443,-1.5454488363881458,-0.0,0.0,-0.0,12-15,Mother-Son,3.325,3.775,0.4,0,0
F0521,7,C1,Central,45,0,Rural,2,Female,2,Female,47,16.1,3,4.71,2.97,3.01,3.44,5,6,4,6,4,4,4.83,3,4,3,3,3,3.2,2,2,1,1,2,1.6,3.54,5,5,5,5,5,5,5.0,4,4,4,5,5,4.4,3,4,2,4,2,3.0,4.1,6,5,5,5,5.25,1.433243485629716,-0.7606928832291425,-1.2115587624052442,0.030938510612760404,2.07064540300227,0.5316928187987021,0.4798892861648304,1.128469377777775,1.2538284611592534,0.6806892591836512,-1.531299949810326,-0.9743917788396002,0.024847800709621705,0.02295047418335061,1.5094836670179137,1.3840814892869684,-1.0101861608710925,-1.2991921320688444,0.03464336593008404,0.0,0.0,0.0,16-18,Mother-Daughter,3.4618181818181815,3.534090909090909,0.45454545454545453,1,0
F0523,10,C4,Central,68,0,Rural,2,Female,2,Female,40,15.7,3,4.29,3.38,2.99,4.1,3,3,3,3,3,3,3.0,5,3,4,3,3,3.6,1,1,3,2,2,1.8,2.82,2,3,3,3,3,3,2.83,4,3,4,3,3,3.4,2,1,2,2,1,1.6,2.74,4,2,5,3,3.5,-0.46175734994505635,-0.4594838931660871,-1.0250492027335814,-0.939661376048727,-0.33177846142343526,-0.3135883153982518,-0.9593452637191285,-0.4730609745771676,-0.199781044509319,0.34462365250787674,-0.8726101164818703,-1.001487826840736,1.1564404931331256,-0.6970495258166496,-0.2405163329820863,-0.4459185107130317,-0.6101861608710926,-1.0991921320688445,0.16765179585632264,-0.0,-0.0,0.0,12-15,Mother-Daughter,3.5727999999999995,4.04,0.56,1,0
F0527,9,C3,Central,60,0,Rural,2,Female,2,Female,40,12.7,1,3.48,3.55,2.66,3.38,2,2,2,2,2,2,2.0,7,6,5,6,6,6.0,1,1,1,1,2,1.2,2.79,1,1,1,2,3,1,1.5,4,3,2,3,3,3.0,1,1,2,2,1,1.4,2.01,3,2,2,2,2.25,-1.4972769322263526,1.3477700472122454,-1.5845778817485696,-0.9801030379929554,-1.8042317976843516,-0.6517007690770332,-1.1649501994168372,-1.3327059431206303,-1.2380735485582992,-0.3035028746525456,-0.5994948197359252,-1.4485726188594863,-0.07802426223796968,-0.7270495258166494,-1.4905163329820863,-1.4459185107130317,1.7898138391289073,-1.6991921320688446,1.083679193116597,-0.0,-0.0,0.0,12-15,Mother-Daughter,3.2008333333333336,3.5104166666666665,0.2916666666666667,1,0
F0528,2,E2,Eastern,13,0,Rural,1,Male,1,Male,56,22.1,4,3.86,4.03,2.56,3.11,4,4,3,4,3,3,3.5,1,3,2,2,1,1.8,4,4,4,4,3,3.8,3.24,2,4,3,2,3,3,2.83,1,3,1,3,2,2.0,3,3,2,3,2,2.6,2.69,3,3,4,3,3.25,0.05600244119559184,-1.8149243484498367,0.8400463939830453,-0.3734781088295257,-0.33177846142343526,-1.4969819032739868,0.06867941476941361,-0.5319407669431585,-0.4074395453191151,0.0005564837683931816,0.17165425342909738,-1.5840528588651683,-0.5409485455021306,-0.2770495258166492,-0.4905163329820863,0.05408148928696832,-2.410186160871093,0.9008078679311553,0.13589731745800862,-0.0,-0.0,0.0,19-22,Father-Son,3.4699999999999998,3.673076923076923,0.23076923076923078,0,0
F0529,17,W5,Western,115,0,Rural,2,Female,2,Female,42,17.0,2,3.46,3.3,3.31,3.44,5,4,4,4,4,4,4.17,3,3,4,3,3,3.2,2,2,3,2,3,2.4,2.99,3,4,4,5,4,3,3.83,6,5,4,2,4,4.2,3,3,3,3,3,3.0,3.57,4,4,4,4,4.0,0.7498005613240603,-0.7606928832291425,-0.4655205237185935,-0.7104919583647643,0.7753293102013137,0.3626365919593113,0.4798892861648304,0.5043435786982752,0.21553595711027312,-0.31950599877996344,-1.0011349620093741,-0.5679510588225543,0.024847800709621705,-0.5270495258166492,0.2594836670179137,0.7240814892869682,-1.0101861608710925,-0.4991921320688446,-0.1367607436589567,-0.0,0.0,-0.0,16-18,Mother-Daughter,3.5508333333333333,3.8125,0.6666666666666666,0,1
F0533,9,C3,Central,60,0,Rural,2,Female,1,Male,46,15.9,3,1.48,3.55,2.66,3.38,1,2,2,1,1,1,1.33,4,5,5,4,4,4.4,2,2,2,4,2,2.4,2.73,2,2,2,2,3,2,2.17,4,3,4,3,3,3.4,1,1,1,2,1,1.2,2.33,2,3,3,2,2.5,-2.191075052354821,0.1429340869600239,-0.4655205237185935,-1.0609863618814128,-1.0624695906957697,-0.3135883153982518,-1.3705551351145455,-0.9558752719782904,-1.0304150477485032,-1.903815287394329,-0.5994948197359252,-1.4485726188594863,-0.07802426223796968,-0.7870495258166494,-1.2405163329820863,-2.1159185107130316,0.1898138391289077,-0.4991921320688446,0.9763477916413599,-0.0,-0.0,0.0,12-15,Mother-Son,3.2008333333333336,3.5104166666666665,0.2916666666666667,1,0
F0534,8,C2,Central,50,0,Rural,1,Male,2,Female,46,17.7,2,3.84,4.16,2.96,2.84,3,3,3,3,3,2,2.83,1,4,3,3,2,2.6,2,3,4,3,3,3.0,2.88,2,1,2,2,2,2,1.83,1,2,3,2,3,2.2,2,2,1,2,1,1.6,1.77,2,2,2,3,2.25,-0.6377956789328766,-1.2125063683237256,0.09400815529639468,-0.8587780521602697,-1.4388862330481842,-1.327925676434596,-0.9593452637191285,-1.6153289464773848,-1.2380735485582992,-0.015446640359024667,0.3805071274112906,-1.0421318988424408,-1.0038728287662915,-0.6370495258166495,-1.4905163329820863,-0.6159185107130316,-1.6101861608710926,0.10080786793115548,0.9495327231482094,-0.0,-0.0,0.0,16-18,Father-Daughter,3.4087878787878787,3.984848484848485,0.5454545454545454,1,0
F0537,8,C2,Central,56,0,Rural,1,Male,1,Male,38,12.4,4,3.9,3.71,3.28,4.03,4,4,3,4,3,4,3.67,4,3,4,4,4,3.8,2,1,3,2,1,1.8,3.17,3,2,2,3,3,2,2.5,4,5,4,4,4,4.2,3,2,2,3,3,2.6,2.97,4,4,4,5,4.25,0.23204077018341215,-0.3088793981345596,-1.0250492027335814,-0.46784198669939286,-0.6971240260596026,0.3626365919593113,0.06867941476941361,-0.20221392969361107,0.4231944579200692,0.03256273202322888,-0.34244512868091764,-0.6085951308242591,1.0364230863609367,-0.3470495258166495,0.5094836670179137,0.22408148928696825,-0.41018616087109283,-1.0991921320688445,-0.1768160650498947,-0.0,0.0,-0.0,12-15,Father-Son,3.631,4.083333333333333,0.4666666666666667,1,0
F0541,15,W3,Western,99,0,Rural,2,Female,1,Male,50,18.5,3,3.5,4.43,3.47,4.21,2,3,2,1,2,2,2.0,4,5,5,4,5,4.6,1,1,2,1,1,1.2,2.59,2,4,3,2,4,3,3.0,5,5,5,5,4,4.8,2,2,3,2,2,2.2,3.32,5,5,5,5,5.0,-1.4972769322263526,0.2935385819915511,-1.5845778817485696,-1.2497141176211466,-0.14357014024722803,0.8698052724774832,-0.3425304566260032,0.20994461686832241,1.0461699603494574,-0.2874997505251277,0.8142784810666147,-0.35118267481346305,1.3450392752037101,-0.9270495258166496,1.2594836670179137,-1.4459185107130317,0.389813839128907,-1.6991921320688446,-1.1676037362827718,-0.0,0.0,-0.0,16-18,Mother-Son,3.5144,3.74,0.44,0,1
F0545,4,E4,Eastern,22,0,Rural,1,Male,2,Female,46,22.1,2,5.07,3.42,2.84,2.72,1,2,2,3,2,2,2.0,4,3,5,4,4,4.0,4,3,3,4,4,3.6,3.37,3,2,3,1,1,2,2.0,4,5,4,5,5,4.6,3,2,1,2,2,2.0,3.01,4,3,4,4,3.75,-1.4972769322263526,-0.15827490310303177,0.6535368343113829,-0.19823090707120175,-1.250677911871977,0.7007490456380923,-0.5481353923237118,-0.1551100958008191,0.007877456300477073,0.9687454934771725,-0.8083476937181184,-1.2047081868492593,-1.2096169546614735,-0.14704952581664932,0.0094836670179137,-1.4459185107130317,-0.21018616087109265,0.7008078679311556,-0.0013945687379872062,-0.0,0.0,-0.0,19-22,Father-Daughter,3.5074193548387096,3.4919354838709675,0.45161290322580644,0,0
F0546,12,C6,Central,81,0,Rural,2,Female,2,Female,43,17.7,4,4.5,2.58,3.33,2.75,3,4,4,4,4,4,3.83,1,2,2,2,1,1.6,1,1,1,1,2,1.2,2.25,3,3,3,3,2,4,3.0,1,3,3,2,3,2.4,1,2,2,3,2,2.0,2.37,3,3,3,4,3.25,0.3977239033484197,-1.9655288434813643,-1.5845778817485696,-1.708052952989071,-0.14357014024722803,-1.1588694495952054,-0.5481353923237118,-0.9087714380854979,-0.4074395453191151,0.512656455845764,-2.1578585717569063,-0.5408550108214178,-1.1581809231876783,-1.2670495258166494,-0.4905163329820863,0.3840814892869684,-2.6101861608710926,-1.6991921320688446,0.6215084871102742,-0.0,-0.0,0.0,16-18,Mother-Daughter,3.0680952380952378,3.857142857142857,0.23809523809523808,1,0
F0547,4,E4,Eastern,25,0,Rural,1,Male,1,Male,51,16.9,3,2.94,4.55,4.22,4.46,3,2,2,3,2,3,2.5,4,3,4,4,5,4.0,2,2,3,2,1,2.0,2.8,2,3,4,2,3,2,2.67,3,3,3,3,3,3.0,2,2,2,1,1,1.6,2.35,4,4,4,5,4.25,-0.9795171410857045,-0.15827490310303177,-0.8385396430619187,-0.9666224840115462,-0.5089157048833953,-0.6517007690770332,-0.9593452637191285,-0.9323233550318941,0.4231944579200692,-0.7355872260928271,1.0070657493578703,0.6649191252291504,1.773672870818674,-0.7170495258166496,0.5094836670179137,-0.9459185107130317,-0.21018616087109265,-0.8991921320688445,-0.3653250218465228,-0.0,0.0,-0.0,16-18,Father-Son,3.2065217391304346,3.641304347826087,0.2608695652173913,0,0
F0550,2,E2,Eastern,10,0,Rural,2,Female,2,Female,44,14.1,3,3.25,3.38,2.75,2.71,4,5,4,4,4,5,4.33,5,4,4,4,4,4.2,3,3,4,3,3,3.2,3.86,2,3,3,3,2,2,2.5,3,3,3,2,3,2.8,3,2,2,3,2,2.4,2.62,2,3,2,3,2.5,0.9154836944890679,-0.0076704080715039435,0.28051771496805755,0.46231623801786564,-0.6971240260596026,-0.820756995916424,-0.13692552092829502,-0.6143724762555451,-1.0304150477485032,-0.48753880211785067,-0.8726101164818703,-1.3266404028543728,-1.2267622984860724,0.34295047418335045,-1.2405163329820863,0.8840814892869684,-0.010186160871092476,0.30080786793115566,-0.42543566462839755,0.0,-0.0,-0.0,12-15,Mother-Daughter,3.5320689655172415,3.7241379310344827,0.6206896551724138,0,0
F0556,7,C1,Central,46,0,Rural,2,Female,2,Female,46,16.7,3,4.92,3.01,2.63,2.93,2,2,2,1,1,1,1.5,2,2,2,2,2,2.0,2,1,1,1,1,1.2,1.67,3,2,2,3,2,2,2.33,3,3,3,3,2,2.8,1,2,3,1,2,1.8,2.27,4,3,3,4,3.5,-2.015036723367001,-1.6643198534183088,-1.5845778817485696,-2.4899250839108245,-0.8853323472358098,-0.820756995916424,-0.7537403280214202,-1.026531022817479,-0.199781044509319,0.8487220625215385,-1.4670375270465748,-1.4892166908611912,-0.849564734344904,-1.8470495258166495,-0.2405163329820863,-1.9459185107130317,-2.2101861608710927,-1.6991921320688446,0.44424557878572185,-0.0,-0.0,0.0,16-18,Mother-Daughter,3.492,3.51,0.44,1,0
F0558,13,W1,Western,90,0,Rural,2,Female,1,Male,48,17.2,3,3.23,3.02,2.42,2.99,4,3,3,3,4,3,3.33,4,4,5,4,5,4.4,4,3,3,3,4,3.4,3.68,3,4,4,3,3,3,3.33,2,3,4,3,2,2.8,2,2,2,1,3,2.0,2.67,3,3,3,3,3.0,-0.12003588779222847,0.1429340869600239,0.46702727463972,0.2196662663524942,0.2217754243889392,-0.820756995916424,-0.5481353923237118,-0.5554926838895548,-0.6150980461289112,-0.5035419262452685,-1.4509719213556365,-1.773725194873123,-0.7466926713973127,0.16295047418335074,-0.7405163329820863,-0.11591851071303161,0.1898138391289077,0.5008078679311554,-0.12066748759994701,0.0,-0.0,-0.0,16-18,Mother-Son,3.4153846153846152,3.4326923076923075,0.38461538461538464,0,1
F0560,2,E2,Eastern,8,0,Rural,2,Female,1,Male,48,23.0,2,3.54,3.18,2.95,2.37,2,1,2,1,2,2,1.67,4,3,4,2,1,2.8,1,1,2,1,1,1.2,1.96,3,3,3,2,3,2,2.67,3,3,2,2,2,2.4,1,2,1,1,2,1.4,2.19,2,4,3,3,3.0,-1.8389983943791806,-1.061901873292198,-1.5845778817485696,-2.098989018449948,-0.5089157048833953,-1.1588694495952054,-1.1649501994168372,-1.120738690603064,-0.6150980461289112,-0.25549350227029205,-1.193922230300629,-1.0556799228430087,-1.8097039885224229,-1.5570495258166495,-0.7405163329820863,-1.7759185107130318,-1.4101861608710928,-1.6991921320688446,1.1530206051292415,-0.0,-0.0,0.0,23-25,Mother-Son,3.7734615384615386,3.7211538461538463,0.6538461538461539,0,0
F0561,12,C6,Central,78,0,Rural,1,Male,2,Female,47,16.4,2,1.93,3.85,3.99,3.22,4,4,4,5,3,4,4.0,5,5,4,5,5,4.8,1,2,1,1,2,1.4,3.14,3,2,3,2,3,3,2.67,2,3,2,2,3,2.4,1,2,1,1,2,1.4,2.48,4,3,4,4,3.75,0.57376223233624,0.4441430770230789,-1.398068322076907,-0.5082836486436213,-0.5089157048833953,-1.1588694495952054,-1.1649501994168372,-0.7792358948803189,0.007877456300477073,-1.5437449945274277,-0.11752664900778609,0.35331457321608273,-0.352349763431546,-0.3770495258166493,0.0094836670179137,0.5540814892869683,0.5898138391289072,-1.4991921320688446,-0.003575812152107357,-0.0,0.0,-0.0,16-18,Father-Daughter,3.559473684210526,2.9078947368421053,0.3684210526315789,1,0
F0564,6,E6,Eastern,38,0,Rural,1,Male,1,Male,38,13.6,2,1.65,3.36,3.5,2.51,3,2,3,3,2,3,2.67,5,6,5,4,5,5.0,2,2,2,2,2,2.0,3.23,4,3,3,4,3,3,3.33,4,4,3,5,4,4.0,3,3,2,2,1,2.2,3.22,5,6,5,4,5.0,-0.8034788120978842,0.5947475720546067,-0.8385396430619187,-0.38695866281093555,0.2217754243889392,0.1935803651199204,-0.3425304566260032,0.09218503213634173,1.0461699603494574,-1.7677887323112775,-0.9047413278637463,-0.3105386028117587,-1.5696691749780438,-0.28704952581664944,1.2594836670179137,-0.7759185107130318,0.7898138391289073,-0.8991921320688445,-0.36153418939130694,-0.0,0.0,-0.0,12-15,Father-Son,3.5205263157894735,3.8026315789473686,0.42105263157894735,0,0
F0568,6,E6,Eastern,37,0,Rural,1,Male,2,Female,41,14.6,2,2.12,3.39,3.05,2.85,4,3,3,4,4,5,3.83,3,3,4,4,3,3.4,4,4,3,3,4,3.6,3.59,4,3,3,3,3,3,3.17,2,3,3,2,3,2.6,2,4,3,2,1,2.4,2.87,4,3,4,4,3.75,0.3977239033484197,-0.610088388197615,0.6535368343113829,0.0983412805198079,0.04463818092897921,-0.9898132227558145,-0.13692552092829502,-0.3199735144255923,0.007877456300477073,-1.3917153153169581,-0.856544510790932,-0.9201996828373274,-0.9867274849416925,0.07295047418335043,0.0094836670179137,0.3840814892869684,-0.8101861608710927,0.7008078679311556,0.0006918380059538053,0.0,0.0,0.0,12-15,Father-Daughter,3.7880000000000003,3.86,0.6,0,0
F0569,17,W5,Western,116,0,Rural,1,Male,1,Male,36,12.7,3,1.8,4.08,3.25,3.6,3,4,3,3,2,2,2.83,3,3,2,2,2,2.4,3,3,3,2,3,2.8,2.56,2,2,1,2,2,2,1.83,2,3,3,3,2,2.6,2,3,3,3,2,2.6,2.42,5,5,4,4,4.5,-0.6377956789328766,-1.3631108633552536,-0.09250140437526819,-1.2901557795653749,-1.4388862330481842,-0.9898132227558145,0.06867941476941361,-0.8498916457195076,0.6308529587298652,-1.6477653013556437,0.25198228188378685,-0.6492392028259634,0.29917330190319874,-0.9570495258166494,0.7594836670179137,-0.6159185107130316,-1.8101861608710927,-0.0991921320688447,-0.7268634833849843,-0.0,0.0,-0.0,12-15,Father-Son,3.4620689655172416,4.017241379310345,0.5862068965517241,0,1
F0570,6,E6,Eastern,38,0,Rural,1,Male,2,Female,48,24.4,2,4.2,3.36,3.5,2.51,3,3,2,2,3,2,2.5,4,4,3,3,4,3.6,1,1,1,1,1,1.0,2.35,3,3,2,3,3,3,2.83,5,4,4,5,4,4.4,2,2,1,1,1,1.4,2.74,6,5,6,5,5.5,-0.9795171410857045,-0.4594838931660871,-1.7710874414202322,-1.5732474131749754,-0.33177846142343526,0.5316928187987021,-1.1649501994168372,-0.4730609745771676,1.4614869619690496,0.27260959393449663,-0.9047413278637463,-0.3105386028117587,-1.5696691749780438,-1.1670495258166493,1.7594836670179137,-0.9459185107130317,-0.6101861608710926,-1.8991921320688445,-2.0534045792753957,-0.0,0.0,-0.0,23-25,Father-Daughter,3.5205263157894735,3.8026315789473686,0.42105263157894735,0,0
F0583,18,W6,Western,120,0,Rural,2,Female,1,Male,45,18.0,2,3.04,3.14,3.45,2.92,3,4,2,4,4,3,3.33,4,3,3,4,2,3.2,5,5,4,4,4,4.4,3.64,2,2,2,2,2,2,2.0,3,4,3,3,4,3.4,3,3,1,2,2,2.2,2.53,3,1,2,2,2.0,-0.12003588779222847,-0.7606928832291425,1.3995750729980339,0.16574405042685597,-1.250677911871977,-0.3135883153982518,-0.3425304566260032,-0.7203561025143285,-1.4457320493680954,-0.6555716054557379,-1.2581846530643808,-0.3782787228145994,-0.866710078169503,0.1229504741833507,-1.7405163329820863,-0.11591851071303161,-1.0101861608710925,1.5008078679311558,-0.21399730846401424,0.0,-0.0,-0.0,16-18,Mother-Son,3.4250000000000003,3.1354166666666665,0.4166666666666667,0,1
F0584,15,W3,Western,102,0,Rural,2,Female,2,Female,47,16.3,4,1.89,3.12,1.74,2.85,4,4,4,4,4,4,4.0,4,3,4,4,4,3.8,1,1,2,1,1,1.2,2.84,4,4,5,5,6,5,4.83,3,3,4,3,4,3.4,2,2,3,3,2,2.4,3.38,4,4,5,4,4.25,0.57376223233624,-0.3088793981345596,-1.5845778817485696,-0.912700268085908,1.8824370818260627,-0.3135883153982518,-0.13692552092829502,0.2806003677075112,0.4231944579200692,-1.5757512427822635,-1.290315864446257,-2.6949908269117597,-0.9867274849416925,-0.6770495258166496,0.5094836670179137,0.5540814892869683,-0.41018616087109283,-1.6991921320688446,-0.34494567516580626,-0.0,0.0,-0.0,16-18,Mother-Daughter,3.3176923076923077,3.826923076923077,0.46153846153846156,0,1
F0586,5,E5,Eastern,31,0,Rural,2,Female,2,Female,50,20.5,2,3.41,3.0,2.58,2.5,2,2,1,1,1,1,1.33,6,5,6,6,6,5.8,3,3,3,3,3,3.0,3.27,2,1,2,3,1,1,1.67,2,2,4,2,3,2.6,1,1,1,1,1,1.0,1.76,2,2,3,2,2.25,-2.191075052354821,1.1971655521807174,0.09400815529639468,-0.3330364468852973,-1.6160234765081443,-0.9898132227558145,-1.576160070812254,-1.6271049049505828,-1.2380735485582992,-0.3595138090985079,-1.4831031327375124,-1.556956810864032,-1.586814518802642,-0.2470495258166494,-1.4905163329820863,-2.1159185107130316,1.5898138391289072,0.10080786793115548,0.3682313532851955,-0.0,-0.0,0.0,19-22,Mother-Daughter,3.7276470588235293,3.5441176470588234,0.7647058823529411,0,0
F0593,13,W1,Western,89,0,Rural,2,Female,1,Male,43,17.1,2,2.92,3.01,3.49,2.63,3,3,1,2,2,3,2.33,1,1,1,1,1,1.0,1,2,1,1,1,1.2,1.62,1,2,1,2,2,2,1.67,2,2,2,3,2,2.2,2,3,3,2,3,2.6,2.27,3,3,4,4,3.5,-1.1555554700735249,-2.4173423285759474,-1.5845778817485696,-2.557327853817872,-1.6160234765081443,-1.327925676434596,0.06867941476941361,-1.026531022817479,-0.199781044509319,-0.751590350220245,-1.4670375270465748,-0.32408662681232664,-1.363925049082861,-1.8970495258166493,-0.2405163329820863,-1.1159185107130316,-3.2101861608710927,-1.6991921320688446,0.45627139543482614,-0.0,-0.0,0.0,16-18,Mother-Son,3.5733333333333337,3.8425925925925926,0.6296296296296297,0,1
F0597,9,C3,Central,63,0,Rural,1,Male,1,Male,46,16.3,5,2.18,4.28,2.84,3.73,4,4,3,3,4,4,3.67,4,4,4,4,4,4.0,3,1,2,1,2,1.8,3.2,2,2,2,2,2,2,2.0,3,1,3,3,2,2.4,1,1,1,1,1,1.0,1.89,2,2,1,1,1.5,0.23204077018341215,-0.15827490310303177,-1.0250492027335814,-0.42740032475516393,-1.250677911871977,-1.1588694495952054,-1.576160070812254,-1.4740174447990075,-1.8610490509876876,-1.3437059429347047,0.5732943957025463,-1.2047081868492593,0.5220627716229798,-0.31704952581664925,-2.2405163329820863,0.22408148928696825,-0.21018616087109265,-1.0991921320688445,0.7103546409564283,-0.0,-0.0,0.0,16-18,Father-Son,3.4166666666666665,4.116666666666666,0.6,1,0
F0601,8,C2,Central,50,0,Rural,2,Female,1,Male,40,14.5,5,3.44,4.16,2.96,2.84,3,3,4,3,1,4,3.0,5,5,5,5,5,5.0,2,2,2,2,2,2.0,3.14,4,4,4,3,3,3,3.5,4,4,4,4,4,4.0,2,2,1,3,1,1.8,3.08,4,3,3,3,3.25,-0.46175734994505635,0.5947475720546067,-0.8385396430619187,-0.5082836486436213,0.40998374556514644,0.1935803651199204,-0.7537403280214202,-0.07267838648843199,-0.4074395453191151,-0.3355091229073813,0.3805071274112906,-1.0421318988424408,-1.0038728287662915,-0.3770495258166493,-0.4905163329820863,-0.4459185107130317,0.7898138391289073,-0.8991921320688445,0.18494895075621728,-0.0,-0.0,0.0,12-15,Mother-Son,3.4087878787878787,3.984848484848485,0.5454545454545454,1,0
F0603,13,W1,Western,90,0,Rural,2,Female,2,Female,53,23.9,5,3.95,3.02,2.42,2.99,2,4,3,4,3,2,3.0,3,3,2,2,3,2.6,3,4,3,3,3,3.2,2.99,2,3,2,3,3,2,2.5,3,3,3,3,2,2.8,3,4,3,4,3,3.4,2.9,4,3,4,3,3.5,-0.46175734994505635,-1.2125063683237256,0.28051771496805755,-0.7104919583647643,-0.6971240260596026,-0.820756995916424,0.8910991575602472,-0.2846456390059982,-0.199781044509319,0.07257054234177368,-1.4509719213556365,-1.773725194873123,-0.7466926713973127,-0.5270495258166492,-0.2405163329820863,-0.4459185107130317,-1.6101861608710926,0.30080786793115566,0.1267640192493679,-0.0,-0.0,0.0,23-25,Mother-Daughter,3.4153846153846152,3.4326923076923075,0.38461538461538464,0,1
F0604,14,W2,Western,92,0,Rural,2,Female,1,Male,37,12.4,3,4.22,4.35,3.7,3.77,2,2,1,1,1,1,1.33,6,5,5,5,5,5.2,2,2,1,2,2,1.8,2.83,2,2,2,2,2,2,2.0,4,5,5,5,4,4.6,3,1,2,3,2,2.2,2.81,4,5,4,5,4.5,-2.191075052354821,0.7453520670861346,-1.0250492027335814,-0.9261808220673172,-1.250677911871977,0.7007490456380923,-0.3425304566260032,-0.39062926526478103,0.6308529587298652,0.2886127180619141,0.685753635539111,-0.03957812280039473,0.590644146921374,-0.6870495258166494,0.7594836670179137,-2.1159185107130316,0.9898138391289075,-1.0991921320688445,-0.5218028932901476,-0.0,0.0,-0.0,12-15,Mother-Son,3.7422222222222223,3.8055555555555554,0.5555555555555556,0,1
F0606,16,W4,Western,107,0,Rural,1,Male,1,Male,47,18.6,3,3.39,3.59,2.9,2.83,4,4,4,4,4,5,4.17,5,4,6,5,5,5.0,1,1,1,1,1,1.0,3.29,3,4,3,3,4,4,3.5,4,4,6,3,5,4.4,3,2,3,2,2,2.4,3.28,5,5,4,4,4.5,0.7498005613240603,0.5947475720546067,-1.7710874414202322,-0.30607533892247824,0.40998374556514644,0.5316928187987021,-0.13692552092829502,0.16284078297552995,0.6308529587298652,-0.3755169332259257,-0.5352323969721733,-1.12342004284585,-1.0210181725908896,-0.2270495258166494,0.7594836670179137,0.7240814892869682,0.7898138391289073,-1.8991921320688445,-0.17244040646190734,-0.0,0.0,-0.0,16-18,Father-Son,3.7623809523809526,4.142857142857143,0.5238095238095238,0,1
F0608,8,C2,Central,53,0,Rural,1,Male,2,Female,50,18.4,2,5.32,2.95,2.41,3.09,2,3,3,3,2,3,2.67,3,2,3,3,3,2.8,3,3,3,3,3,3.0,2.87,3,3,3,4,3,3,3.17,2,2,3,3,2,2.4,2,1,2,1,3,1.8,2.46,3,4,3,3,3.25,-0.8034788120978842,-1.061901873292198,0.09400815529639468,-0.8722586061416789,0.04463818092897921,-1.1588694495952054,-0.7537403280214202,-0.8027878118267151,-0.4074395453191151,1.1687845450698955,-1.5634311611922018,-1.787273218873691,-0.5752392331513277,-0.6470495258166493,-0.4905163329820863,-0.7759185107130318,-1.4101861608710928,0.10080786793115548,0.3173883606613806,-0.0,-0.0,0.0,16-18,Father-Daughter,3.6231578947368424,3.8026315789473686,0.5789473684210527,1,0
F0609,11,C5,Central,74,0,Rural,2,Female,2,Female,46,16.9,1,4.82,3.0,2.97,2.41,5,3,3,5,4,3,3.83,4,3,3,4,3,3.4,3,1,2,3,2,2.2,3.18,3,2,2,2,2,3,2.33,2,2,3,2,2,2.2,1,2,1,1,1,1.2,2.22,3,3,3,3,3.0,0.3977239033484197,-0.610088388197615,-0.6520300833902559,-0.454361432717983,-0.8853323472358098,-1.327925676434596,-1.3705551351145455,-1.0854108151834694,-0.6150980461289112,0.7687064418844496,-1.4831031327375124,-1.0285838748418723,-1.7411226132240287,-0.33704952581664926,-0.7405163329820863,0.3840814892869684,-0.8101861608710927,-0.6991921320688443,0.24959067889109615,-0.0,-0.0,0.0,16-18,Mother-Daughter,3.5776470588235294,3.7058823529411766,0.7058823529411765,1,0
F0614,2,E2,Eastern,14,0,Rural,2,Female,1,Male,46,17.6,3,3.47,4.0,2.67,2.74,4,4,3,3,3,3,3.33,4,2,4,3,3,3.2,4,5,3,4,4,4.0,3.43,2,2,1,1,2,2,1.67,1,2,1,1,1,1.2,2,2,1,2,1,1.6,1.37,1,2,1,2,1.5,-0.12003588779222847,-0.7606928832291425,1.0265559536547082,-0.11734758318274442,-1.6160234765081443,-2.1732068106315494,-0.9593452637191285,-2.0863672854053092,-1.8610490509876876,-0.31150443671625433,0.1234574363562831,-1.4350245948589184,-1.1753262670122764,-0.08704952581664926,-2.2405163329820863,-0.11591851071303161,-1.0101861608710925,1.1008078679311555,0.19503588437054847,-0.0,-0.0,0.0,16-18,Mother-Son,3.43,3.8684210526315788,0.5263157894736842,0,0
F0615,6,E6,Eastern,42,0,Rural,1,Male,2,Female,45,15.2,2,3.19,3.18,3.09,3.67,5,5,6,5,5,5,5.17,5,4,4,4,4,4.2,2,2,2,2,3,2.2,3.66,4,5,3,5,3,3,3.83,4,3,3,4,5,3.8,3,3,2,2,2,2.4,3.3,5,4,5,4,4.5,1.7853201436053567,-0.0076704080715039435,-0.6520300833902559,0.19270515838967509,0.7753293102013137,0.02452413828052955,-0.13692552092829502,0.18639269992192617,0.6308529587298652,-0.5355481745001042,-1.193922230300629,-0.8660075868350546,0.4191907086753883,0.14295047418335072,0.7594836670179137,1.7240814892869682,-0.010186160871092476,-0.6991921320688443,0.1085685503347208,0.0,0.0,0.0,12-15,Father-Daughter,3.636060606060606,3.909090909090909,0.5757575757575758,0,0
F0617,12,C6,Central,82,0,Rural,2,Female,1,Male,39,18.2,1,5.11,3.02,3.37,3.47,2,2,3,3,2,2,2.33,3,3,4,3,3,3.2,1,2,1,1,1,1.2,2.13,3,2,2,2,3,3,2.5,2,2,2,2,2,2.0,1,1,1,1,1,1.0,1.73,2,3,3,3,2.75,-1.1555554700735249,-0.7606928832291425,-1.5845778817485696,-1.8698196007659855,-0.6971240260596026,-1.4969819032739868,-1.576160070812254,-1.6624327803701773,-0.8227565469387071,1.0007517417320082,-1.4509719213556365,-0.48666291481914503,0.07628383218341778,-1.3870495258166495,-0.9905163329820863,-1.1159185107130316,-1.0101861608710925,-1.6991921320688446,1.3738952099764494,-0.0,-0.0,0.0,16-18,Mother-Son,3.6412,4.06,0.6,1,0
F0618,4,E4,Eastern,23,0,Rural,2,Female,2,Female,52,21.7,2,1.58,3.18,3.54,3.27,4,4,4,3,3,4,3.67,3,3,2,2,4,2.8,2,1,1,2,1,1.4,2.56,3,3,2,2,3,3,2.67,3,3,3,3,3,3.0,1,2,1,2,2,1.6,2.51,5,5,5,4,4.75,0.23204077018341215,-1.061901873292198,-1.398068322076907,-1.2901557795653749,-0.5089157048833953,-0.6517007690770332,-0.9593452637191285,-0.7439080194607247,0.8385114595396613,-1.8237996667572398,-1.193922230300629,-0.25634650680948595,-0.26662304430855355,-0.9570495258166494,1.0094836670179137,0.22408148928696825,-1.4101861608710928,-1.4991921320688446,-0.9661258648391466,-0.0,0.0,-0.0,19-22,Mother-Daughter,3.6708695652173917,3.717391304347826,0.6521739130434783,0,0
F0619,18,W6,Western,124,0,Rural,1,Male,2,Female,46,22.2,5,3.43,4.32,2.48,3.18,1,2,1,2,1,1,1.33,2,4,4,3,3,3.2,2,1,1,1,1,1.2,1.92,2,2,2,1,2,2,1.83,3,3,4,3,3,3.2,2,2,2,1,2,1.8,2.2,4,4,3,4,3.75,-2.191075052354821,-0.7606928832291425,-1.5845778817485696,-2.152911234375586,-1.4388862330481842,-0.4826445422376423,-0.7537403280214202,-1.1089627321298656,0.007877456300477073,-0.34351068497109005,0.6375568184662981,-1.692437050869714,-0.42093113872994026,-1.5970495258166495,0.0094836670179137,-2.1159185107130316,-1.0101861608710925,-1.6991921320688446,-0.015145885913962072,-0.0,0.0,-0.0,19-22,Father-Daughter,3.6216666666666666,3.513888888888889,0.5,0,1
F0621,7,C1,Central,46,0,Rural,1,Male,1,Male,40,12.3,2,2.71,3.01,2.63,2.93,3,2,3,3,3,3,2.83,5,3,5,4,5,4.4,1,2,2,1,1,1.4,2.94,3,2,3,4,2,3,2.83,4,3,3,2,4,3.2,1,3,1,2,1,1.6,2.59,2,3,4,3,3.0,-0.6377956789328766,0.1429340869600239,-1.398068322076907,-0.7778947282718124,-0.33177846142343526,-0.4826445422376423,-0.9593452637191285,-0.6497003516751397,-0.6150980461289112,-0.9196231535581322,-1.4670375270465748,-1.4892166908611912,-0.849564734344904,-0.5770495258166495,-0.7405163329820863,-0.6159185107130316,0.1898138391289077,-1.4991921320688446,0.427314598806797,-0.0,-0.0,0.0,12-15,Father-Son,3.492,3.51,0.44,1,0
F0624,2,E2,Eastern,8,0,Rural,2,Female,1,Male,45,17.6,3,1.0,3.18,2.95,2.37,3,2,3,4,2,4,3.0,3,1,3,2,2,2.2,4,4,4,3,4,3.8,2.75,1,2,2,1,1,1,1.33,3,4,2,3,2,2.8,1,1,2,1,2,1.4,1.64,1,1,2,2,1.5,-0.46175734994505635,-1.513715358386781,0.8400463939830453,-1.0340252539185937,-1.9924401188605587,-0.820756995916424,-1.1649501994168372,-1.7684164066289603,-1.8610490509876876,-2.287890266452357,-1.193922230300629,-1.0556799228430087,-1.8097039885224229,-0.7670495258166494,-2.2405163329820863,-0.4459185107130317,-2.0101861608710925,0.9008078679311553,1.7185869907983675,-0.0,-0.0,0.0,16-18,Mother-Son,3.7734615384615386,3.7211538461538463,0.6538461538461539,0,0
F0625,5,E5,Eastern,35,0,Rural,2,Female,1,Male,45,16.5,3,5.46,3.52,3.79,3.18,3,4,4,3,3,4,3.5,4,4,5,5,5,4.6,2,2,1,3,3,2.2,3.34,4,3,3,2,3,4,3.17,5,5,5,4,5,4.8,2,3,3,3,3,2.8,3.8,5,5,6,5,5.25,0.05600244119559184,0.2935385819915511,-0.6520300833902559,-0.2386725690154307,0.04463818092897921,0.8698052724774832,0.2742843504671218,0.7751906235818318,1.2538284611592534,1.28080641396182,-0.6476916368087388,0.08235409320471876,-0.42093113872994026,-0.17704952581664957,1.5094836670179137,0.05408148928696832,0.389813839128907,-0.6991921320688443,-0.267253367473499,-0.0,0.0,-0.0,16-18,Mother-Son,3.447777777777778,3.6944444444444446,0.4444444444444444,0,0
F0628,5,E5,Eastern,34,0,Rural,2,Female,1,Male,44,17.2,2,3.19,3.13,2.93,2.16,2,3,3,2,3,4,2.83,4,4,4,5,4,4.2,3,3,2,2,4,2.8,3.24,4,2,2,3,2,2,2.5,4,3,4,3,3,3.4,2,3,3,2,2,2.4,2.78,3,3,3,4,3.25,-0.6377956789328766,-0.0076704080715039435,-0.09250140437526819,-0.3734781088295257,-0.6971240260596026,-0.3135883153982518,-0.13692552092829502,-0.4259571406843757,-0.4074395453191151,-0.5355481745001042,-1.2742502587553193,-1.0827759708441451,-2.1697562088389923,-0.2770495258166492,-0.4905163329820863,-0.6159185107130316,-0.010186160871092476,-0.0991921320688447,0.13589731745800862,-0.0,-0.0,0.0,16-18,Mother-Son,3.33125,3.453125,0.375,0,0
F0630,11,C5,Central,76,0,Rural,1,Male,2,Female,42,13.8,4,2.75,3.68,3.43,3.19,4,3,3,3,3,3,3.17,4,5,5,4,5,4.6,3,4,3,3,4,3.4,3.68,2,3,3,3,1,2,2.33,3,4,3,3,2,3.0,2,1,2,2,2,1.8,2.39,4,3,4,4,3.75,-0.285719020957236,0.2935385819915511,0.46702727463972,0.2196662663524942,-0.8853323472358098,-0.6517007690770332,-0.7537403280214202,-0.8852195211391016,0.007877456300477073,-0.8876169053032965,-0.39064194575373123,-0.4053747708157358,-0.40378579490534205,0.16295047418335074,0.0094836670179137,-0.27591851071303175,0.389813839128907,0.5008078679311554,0.001545368037566041,0.0,0.0,0.0,12-15,Father-Daughter,3.7304000000000004,3.26,0.64,1,0
F0631,4,E4,Eastern,27,0,Rural,1,Male,1,Male,38,12.8,4,3.13,3.06,2.86,2.82,5,3,4,5,4,4,4.17,3,3,3,2,3,2.8,2,3,3,3,3,2.8,3.16,3,2,3,2,3,3,2.67,2,3,3,2,3,2.6,2,2,2,2,1,1.8,2.25,3,3,3,4,3.25,0.7498005613240603,-1.061901873292198,-0.09250140437526819,-0.48132254068080216,-0.5089157048833953,-0.9898132227558145,-0.7537403280214202,-1.0500829397638753,-0.4074395453191151,-0.5835575468823577,-1.3867094985918846,-1.1776121388481229,-1.0381635164154885,-0.3570495258166493,-0.4905163329820863,0.7240814892869682,-1.4101861608710928,-0.0991921320688447,0.17513862409657555,-0.0,-0.0,0.0,12-15,Father-Son,3.616842105263158,4.0,0.631578947368421,0,0
F0632,10,C4,Central,66,0,Rural,2,Female,1,Male,38,12.7,3,1.96,4.29,4.3,3.24,3,3,2,1,2,3,2.33,2,2,3,2,2,2.2,2,2,1,2,2,1.8,2.29,2,3,2,1,2,2,2.0,1,2,2,3,3,2.2,2,1,2,2,2,1.8,2.22,3,3,2,2,2.5,-1.1555554700735249,-1.513715358386781,-1.0250492027335814,-1.6541307370634326,-1.250677911871977,-1.327925676434596,-0.7537403280214202,-1.0854108151834694,-1.0304150477485032,-1.519740308336301,0.5893600013934839,0.773303317233696,-0.3180590757823488,-1.2270495258166494,-1.2405163329820863,-1.1159185107130316,-2.0101861608710925,-1.0991921320688445,1.5221749781534777,-0.0,-0.0,0.0,12-15,Mother-Son,3.546666666666667,3.425925925925926,0.4444444444444444,1,0
F0633,18,W6,Western,125,0,Rural,2,Female,2,Female,40,15.1,5,3.75,3.34,2.29,2.97,4,4,4,5,3,3,3.83,3,3,4,3,3,3.2,2,1,2,1,1,1.4,2.76,3,4,4,3,3,3,3.33,4,4,3,5,4,4.0,2,2,2,2,2,2.0,3.41,3,3,4,3,3.25,0.3977239033484197,-0.7606928832291425,-1.398068322076907,-1.0205446999371843,0.2217754243889392,0.1935803651199204,-0.5481353923237118,0.31592824312710577,-0.4074395453191151,-0.08746069893240481,-0.9368725392456222,-1.9498495068805093,-0.7809833590465097,-0.7570495258166496,-0.4905163329820863,0.3840814892869684,-1.0101861608710925,-1.4991921320688446,0.37134515728941025,-0.0,-0.0,0.0,12-15,Mother-Daughter,3.3248,3.98,0.4,0,1
F0634,15,W3,Western,101,0,Rural,2,Female,1,Male,43,14.6,2,1.31,4.09,3.37,3.1,3,2,1,2,2,1,1.83,4,3,3,3,3,3.2,4,5,5,5,5,4.8,3.37,3,3,3,4,2,3,3.0,4,4,3,5,3,3.8,4,3,4,5,4,4.0,3.56,3,5,4,5,4.25,-1.673315261214173,-0.7606928832291425,1.7725941923413588,-0.19823090707120175,-0.14357014024722803,0.02452413828052955,1.5079139646533726,0.4925676202250774,0.4231944579200692,-2.0398418424773808,0.2680478875747245,-0.48666291481914503,-0.5580938893267288,-0.14704952581664932,0.5094836670179137,-1.6159185107130316,-1.0101861608710925,1.9008078679311553,-0.07491933164631187,-0.0,0.0,-0.0,12-15,Mother-Son,3.8754166666666667,3.6354166666666665,0.5416666666666666,0,1
F0635,17,W5,Western,116,0,Rural,2,Female,1,Male,42,12.2,4,3.53,4.08,3.25,3.6,2,3,3,2,3,3,2.67,3,3,4,4,2,3.2,1,1,2,1,2,1.4,2.34,3,3,4,2,2,3,2.83,3,2,2,3,2,2.4,2,1,1,1,1,1.2,2.23,3,2,3,3,2.75,-0.8034788120978842,-0.7606928832291425,-1.398068322076907,-1.5867279671563852,-0.33177846142343526,-1.1588694495952054,-1.3705551351145455,-1.0736348567102716,-0.8227565469387071,-0.26349506433400116,0.25198228188378685,-0.6492392028259634,0.29917330190319874,-1.1770495258166496,-0.9905163329820863,-0.7759185107130318,-1.0101861608710925,-1.4991921320688446,1.1658867800502113,-0.0,-0.0,0.0,12-15,Mother-Son,3.4620689655172416,4.017241379310345,0.5862068965517241,0,1
F0636,8,C2,Central,51,0,Rural,2,Female,1,Male,49,22.7,3,2.72,3.39,2.03,3.12,3,3,3,4,4,3,3.33,3,3,3,3,4,3.2,3,3,3,3,2,2.8,3.39,3,3,2,4,3,3,3.0,2,2,2,3,2,2.2,1,2,2,2,2,1.8,2.46,3,3,4,3,3.25,-0.12003588779222847,-0.7606928832291425,-0.09250140437526819,-0.17126979910838264,-0.14357014024722803,-1.327925676434596,-0.7537403280214202,-0.8027878118267151,-0.4074395453191151,-0.9116215914944231,-0.856544510790932,-2.3020981308952826,-0.5238032016775316,-0.1270495258166493,-0.4905163329820863,-0.11591851071303161,-1.0101861608710925,-0.0991921320688447,0.062319867510695716,-0.0,-0.0,0.0,19-22,Mother-Son,3.409047619047619,3.5,0.42857142857142855,1,0
F0639,18,W6,Western,125,0,Rural,1,Male,1,Male,46,14.9,1,3.05,3.34,2.29,2.97,3,4,3,3,3,4,3.33,2,2,3,2,4,2.6,2,2,3,2,3,2.4,3.13,3,3,3,2,2,3,2.67,4,2,3,3,3,3.0,2,2,2,2,2,2.0,2.92,4,4,3,4,3.75,-0.12003588779222847,-1.2125063683237256,-0.4655205237185935,-0.5217642026250311,-0.5089157048833953,-0.6517007690770332,-0.5481353923237118,-0.26109372205960196,0.007877456300477073,-0.6475700433920292,-0.9368725392456222,-1.9498495068805093,-0.7809833590465097,-0.38704952581664953,0.0094836670179137,-0.11591851071303161,-1.6101861608710926,-0.4991921320688446,-0.003670648822286496,-0.0,0.0,-0.0,12-15,Father-Son,3.3248,3.98,0.4,0,1
F0641,10,C4,Central,67,0,Rural,1,Male,2,Female,49,19.5,2,5.38,2.47,3.79,2.77,2,2,2,3,2,3,2.33,5,4,3,5,4,4.2,1,3,2,2,3,2.2,3.2,2,2,2,2,3,2,2.17,4,4,3,3,5,3.8,2,1,2,2,2,1.8,2.53,4,3,2,4,3.25,-1.1555554700735249,-0.0076704080715039435,-0.6520300833902559,-0.42740032475516393,-1.0624695906957697,0.02452413828052955,-0.7537403280214202,-0.7203561025143285,-0.4074395453191151,1.2167939174521487,-2.3345802343572237,0.08235409320471876,-1.123890235538481,-0.31704952581664925,-0.4905163329820863,-1.1159185107130316,-0.010186160871092476,-0.6991921320688443,0.1555179707772921,-0.0,-0.0,0.0,19-22,Father-Daughter,3.5427999999999997,3.84,0.72,1,0
F0644,5,E5,Eastern,29,0,Rural,2,Female,1,Male,50,15.6,4,3.86,3.32,2.76,2.84,2,2,2,3,3,2,2.33,6,6,6,4,6,5.6,2,2,2,1,2,1.8,2.91,3,2,2,2,1,3,2.17,3,4,4,4,4,3.8,1,1,1,1,1,1.0,2.11,3,3,3,2,2.75,-1.1555554700735249,1.0465610571491897,-1.0250492027335814,-0.8183363902160408,-1.0624695906957697,0.02452413828052955,-1.576160070812254,-1.214946358388649,-0.8227565469387071,0.0005564837683931816,-0.9690037506274981,-1.313092378853805,-1.0038728287662915,-0.6070495258166493,-0.9905163329820863,-1.1159185107130316,1.389813839128907,-1.0991921320688445,0.6012924702504218,-0.0,-0.0,0.0,12-15,Mother-Son,3.325,3.775,0.4,0,0
F0649,1,E1,Eastern,5,0,Rural,1,Male,2,Female,44,15.3,2,1.53,3.67,3.29,2.6,2,2,3,4,3,2,2.67,3,3,2,3,3,2.8,3,3,2,2,2,2.4,2.64,2,3,3,2,3,2,2.5,3,4,4,4,3,3.6,3,3,3,4,4,3.4,3.0,3,4,4,4,3.75,-0.8034788120978842,-1.061901873292198,-0.4655205237185935,-1.1823113477140985,-0.6971240260596026,-0.14453208855886093,0.8910991575602472,-0.16688605427401695,0.007877456300477073,-1.8638074770757842,-0.4067075514446695,-0.5950471068236907,-1.4153610805566563,-0.8770495258166493,0.0094836670179137,-0.7759185107130318,-1.4101861608710928,-0.4991921320688446,-0.008317645661064207,-0.0,0.0,-0.0,12-15,Father-Daughter,3.402727272727273,3.7954545454545454,0.6363636363636364,0,0
F0653,10,C4,Central,70,0,Rural,2,Female,1,Male,44,17.3,5,5.05,3.76,4.15,2.89,2,3,2,2,3,2,2.33,3,4,4,3,4,3.6,3,4,3,3,4,3.4,3.16,1,1,2,2,2,1,1.5,1,2,1,1,2,1.4,1,1,1,1,1,1.0,1.26,1,1,1,1,1.0,-1.1555554700735249,-0.4594838931660871,0.46702727463972,-0.48132254068080216,-1.8042317976843516,-2.004150583792159,-1.576160070812254,-2.2159028286104885,-2.2763660526072798,0.9527423693497543,-0.2621171002262282,0.570082957225174,-0.9181461096432982,-0.3570495258166493,-2.7405163329820863,-1.1159185107130316,-0.6101861608710926,0.5008078679311554,0.9785000571840364,-0.0,-0.0,0.0,16-18,Mother-Son,3.5570833333333334,3.75,0.5416666666666666,1,0
F0654,16,W4,Western,112,0,Rural,2,Female,1,Male,41,18.3,4,3.08,3.61,3.08,3.45,2,3,3,3,2,3,2.67,3,2,3,3,3,2.8,4,3,4,4,4,3.8,3.2,4,3,4,3,3,3,3.33,4,2,2,2,2,2.4,2,3,2,3,2,2.4,2.54,3,4,2,2,2.75,-0.8034788120978842,-1.061901873292198,0.8400463939830453,-0.42740032475516393,0.2217754243889392,-1.1588694495952054,-0.13692552092829502,-0.7085801440411301,-0.8227565469387071,-0.6235653572009022,-0.5031011855902974,-0.8795556108356225,0.04199314453422065,-0.31704952581664925,-0.9905163329820863,-0.7759185107130318,-1.4101861608710928,0.9008078679311553,0.3140427336856167,-0.0,-0.0,0.0,16-18,Mother-Son,3.465,3.9166666666666665,0.3333333333333333,0,1
F0655,4,E4,Eastern,28,0,Rural,2,Female,1,Male,52,24.1,2,5.2,4.63,3.85,2.57,4,3,3,3,3,4,3.33,2,3,3,3,4,3.0,2,2,2,1,2,1.8,2.74,4,4,2,3,3,2,3.0,5,4,3,4,3,3.8,2,3,2,2,2,2.2,2.87,4,5,5,4,4.5,-0.12003588779222847,-0.9112973782606704,-1.0250492027335814,-1.047505807900003,-0.14357014024722803,0.02452413828052955,-0.3425304566260032,-0.3199735144255923,0.6308529587298652,1.0727658003053884,1.1355905948853742,0.16364223720812796,-1.4667971120304524,-0.7770495258166492,0.7594836670179137,-0.11591851071303161,-1.2101861608710927,-1.0991921320688445,-0.5901564233217598,-0.0,0.0,-0.0,23-25,Mother-Son,3.8549999999999995,3.6,0.7,0,0
F0658,10,C4,Central,67,0,Rural,2,Female,1,Male,47,19.4,3,4.47,2.47,3.79,2.77,2,2,1,1,1,3,1.67,4,4,3,4,4,3.8,1,1,1,1,1,1.0,2.08,3,3,4,3,2,3,3.0,4,5,4,3,3,3.8,2,1,2,2,2,1.8,3.02,3,4,5,5,4.25,-1.8389983943791806,-0.3088793981345596,-1.7710874414202322,-1.9372223706730332,-0.14357014024722803,0.02452413828052955,-0.7537403280214202,-0.1433341373276207,0.4231944579200692,0.488651769654637,-2.3345802343572237,0.08235409320471876,-1.123890235538481,-1.4370495258166494,0.5094836670179137,-1.7759185107130318,-0.41018616087109283,-1.8991921320688445,-0.7321532620994206,-0.0,0.0,-0.0,19-22,Mother-Son,3.5427999999999997,3.84,0.72,1,0
F0659,9,C3,Central,58,0,Rural,2,Female,1,Male,50,18.7,2,1.13,3.04,2.73,3.17,3,3,3,3,4,3,3.17,2,3,2,2,2,2.2,2,4,3,2,3,2.8,2.69,2,2,2,2,1,2,1.83,1,2,1,1,1,1.2,1,1,1,1,1,1.0,1.29,1,1,1,2,1.25,-0.285719020957236,-1.513715358386781,-0.09250140437526819,-1.114908577807051,-1.4388862330481842,-2.1732068106315494,-1.576160070812254,-2.1805749531908942,-2.0687075517974836,-2.183869959624141,-1.4188407099737605,-1.3537364508555092,-0.4380764825545392,-0.8270495258166495,-2.4905163329820863,-0.27591851071303175,-2.0101861608710925,-0.0991921320688447,2.059780352231455,-0.0,-0.0,0.0,16-18,Mother-Son,3.3766666666666665,3.475,0.43333333333333335,1,0
F0660,13,W1,Western,85,0,Rural,2,Female,2,Female,44,16.5,1,4.77,3.69,3.93,3.15,5,3,4,4,5,5,4.33,5,4,4,3,3,3.8,2,2,2,3,2,2.2,3.46,2,3,3,4,3,2,2.83,3,3,3,4,4,3.4,1,1,1,2,1,1.2,2.41,3,3,2,2,2.5,0.9154836944890679,-0.3088793981345596,-0.6520300833902559,-0.07690592123851604,-0.33177846142343526,-0.3135883153982518,-1.3705551351145455,-0.8616676041927054,-1.0304150477485032,0.7286986315659044,-0.3745763400627936,0.27202642921267356,-0.4723671702037363,-0.05704952581664946,-1.2405163329820863,0.8840814892869684,-0.41018616087109283,-0.6991921320688443,0.07077086856443685,-0.0,-0.0,0.0,16-18,Mother-Daughter,3.5095652173913043,4.032608695652174,0.5217391304347826,0,1
F0664,9,C3,Central,61,0,Rural,1,Male,1,Male,46,16.8,2,3.44,3.55,2.98,3.67,4,4,4,3,3,4,3.67,4,4,5,5,4,4.4,2,2,3,3,3,2.6,3.28,2,1,3,3,2,2,2.17,2,2,2,3,4,2.6,1,1,1,1,1,1.0,1.75,3,1,1,2,1.75,0.23204077018341215,0.1429340869600239,-0.27901096404693065,-0.3195558929038881,-1.0624695906957697,-0.9898132227558145,-1.576160070812254,-1.638880863423781,-1.6533905501778914,-0.3355091229073813,-0.5994948197359252,-1.0150358508413044,0.4191907086753883,-0.23704952581664962,-1.9905163329820863,0.22408148928696825,0.1898138391289077,-0.29919213206884443,0.4718509528636998,-0.0,-0.0,0.0,16-18,Father-Son,3.3058333333333336,3.7083333333333335,0.375,1,0
F0665,14,W2,Western,97,0,Rural,1,Male,2,Female,39,14.7,2,2.07,2.53,3.33,2.43,3,4,3,3,3,4,3.33,3,3,4,3,4,3.4,1,2,1,1,1,1.2,2.68,3,3,3,3,2,4,3.0,6,4,6,4,4,4.8,1,2,2,3,2,2.0,3.19,6,5,5,5,5.25,-0.12003588779222847,-0.610088388197615,-1.5845778817485696,-1.1283891317884602,-0.14357014024722803,0.8698052724774832,-0.5481353923237118,0.0568571567167471,1.2538284611592534,-1.431723125635503,-2.2381866002115967,-0.5408550108214178,-1.7068319255748314,-0.8370495258166493,1.5094836670179137,-0.11591851071303161,-0.8101861608710927,-1.6991921320688446,-1.2635125877053215,-0.0,0.0,-0.0,12-15,Father-Daughter,3.580769230769231,3.9423076923076925,0.6153846153846154,0,1
F0667,5,E5,Eastern,34,0,Rural,2,Female,1,Male,49,20.6,2,3.99,3.13,2.93,2.16,1,2,2,1,2,2,1.67,3,4,3,3,2,3.0,3,3,4,3,4,3.4,2.61,1,2,1,2,1,1,1.33,2,1,1,2,2,1.6,1,1,1,1,2,1.2,1.3,1,2,1,1,1.25,-1.8389983943791806,-0.9112973782606704,0.46702727463972,-1.2227530096583274,-1.9924401188605587,-1.8350943569527682,-1.3705551351145455,-2.168798994717696,-2.0687075517974836,0.10457679059660938,-1.2742502587553193,-1.0827759708441451,-2.1697562088389923,-0.9070495258166495,-2.4905163329820863,-1.7759185107130318,-1.2101861608710927,0.5008078679311554,2.2590216588700223,-0.0,-0.0,0.0,19-22,Mother-Son,3.33125,3.453125,0.375,0,0
F0668,1,E1,Eastern,3,0,Rural,2,Female,2,Female,39,14.5,4,3.68,3.9,3.63,2.24,3,2,3,3,2,3,2.67,5,5,5,5,4,4.8,4,3,4,4,5,4.0,4.03,3,3,3,3,3,3,3.0,3,3,3,2,4,3.0,2,3,2,3,3,2.6,2.91,2,4,3,3,3.0,-0.8034788120978842,0.4441430770230789,1.0265559536547082,0.6914856557018284,-0.14357014024722803,-0.6517007690770332,0.06867941476941361,-0.2728696805327998,-0.6150980461289112,-0.1434716333783671,-0.0371986205530966,-0.13441429080437242,-2.032593458242204,0.5129504741833508,-0.7405163329820863,-0.7759185107130318,0.5898138391289072,1.1008078679311555,-0.37984820414367726,0.0,-0.0,-0.0,12-15,Mother-Daughter,3.718571428571429,3.3333333333333335,0.5238095238095238,0,0
F0672,1,E1,Eastern,2,0,Rural,1,Male,2,Female,39,17.3,3,2.81,3.75,2.82,2.58,4,4,2,3,3,3,3.17,4,3,3,3,4,3.4,1,1,1,1,2,1.2,2.46,4,3,2,2,2,3,2.67,2,3,3,4,3,3.0,2,2,2,2,2,2.0,2.18,1,1,1,1,1.0,-0.285719020957236,-0.610088388197615,-1.5845778817485696,-1.4249613193794706,-0.5089157048833953,-0.6517007690770332,-0.5481353923237118,-1.1325146490762619,-2.2763660526072798,-0.839607532921043,-0.27818270591716576,-1.2318042348503957,-1.4496517682058534,-1.0570495258166495,-2.7405163329820863,-0.27591851071303175,-0.8101861608710927,-1.6991921320688446,2.8968614902714975,-0.0,-0.0,0.0,16-18,Father-Daughter,3.7009999999999996,3.75,0.55,0,0
F0673,18,W6,Western,123,0,Rural,2,Female,1,Male,44,16.6,3,2.88,3.53,3.49,3.33,3,3,3,2,3,4,3.0,4,3,3,3,3,3.2,3,2,3,4,3,3.0,3.0,2,3,3,2,2,3,2.5,2,3,3,2,2,2.4,1,1,1,1,2,1.2,2.15,2,3,3,2,2.5,-0.46175734994505635,-0.7606928832291425,0.09400815529639468,-0.6970114043833551,-0.6971240260596026,-1.1588694495952054,-1.3705551351145455,-1.1678425244958566,-1.0304150477485032,-0.7835965984750807,-0.6316260311178011,-0.32408662681232664,-0.16375098136096214,-0.5170495258166494,-1.2405163329820863,-0.4459185107130317,-1.0101861608710925,0.10080786793115548,0.6414083817361965,-0.0,-0.0,0.0,16-18,Mother-Son,3.376923076923077,4.019230769230769,0.46153846153846156,0,1
F0674,6,E6,Eastern,42,0,Rural,2,Female,2,Female,41,13.9,2,5.25,3.18,3.09,3.67,2,2,3,3,2,3,2.5,2,2,2,2,3,2.2,3,3,3,3,3,3.0,2.1,3,3,2,2,2,3,2.5,2,2,1,1,2,1.6,2,2,1,3,2,2.0,1.89,3,2,2,3,2.5,-0.9795171410857045,-1.513715358386781,0.09400815529639468,-1.910261262710214,-0.6971240260596026,-1.8350943569527682,-0.5481353923237118,-1.4740174447990075,-1.0304150477485032,1.1127736106239328,-1.193922230300629,-0.8660075868350546,0.4191907086753883,-1.4170495258166493,-1.2405163329820863,-0.9459185107130317,-2.0101861608710925,0.10080786793115548,1.757873081420074,-0.0,-0.0,0.0,12-15,Mother-Daughter,3.636060606060606,3.909090909090909,0.5757575757575758,0,0
F0675,7,C1,Central,46,0,Rural,2,Female,2,Female,45,23.3,3,3.59,3.01,2.63,2.93,2,2,2,2,2,3,2.17,1,2,2,2,2,1.8,5,5,4,4,5,4.6,2.83,3,4,5,3,3,3,3.5,2,2,3,3,2,2.4,3,2,3,2,3,2.6,2.59,3,3,3,4,3.25,-1.3212386032385324,-1.8149243484498367,1.5860846326696958,-0.9261808220673172,0.40998374556514644,-1.1588694495952054,0.06867941476941361,-0.6497003516751397,-0.4074395453191151,-0.2154856919517476,-1.4670375270465748,-1.4892166908611912,-0.849564734344904,-0.6870495258166494,-0.4905163329820863,-1.2759185107130318,-2.410186160871093,1.7008078679311551,0.3370090139806641,-0.0,-0.0,0.0,23-25,Mother-Daughter,3.492,3.51,0.44,1,0
F0677,12,C6,Central,78,0,Rural,2,Female,1,Male,47,21.8,4,1.01,3.85,3.99,3.22,3,3,3,3,3,2,2.83,2,1,1,1,1,1.2,5,4,4,4,3,4.0,2.77,3,2,2,3,2,2,2.33,2,1,2,1,2,1.6,2,2,2,2,3,2.2,2.01,2,2,1,2,1.75,-0.6377956789328766,-2.2667378335444197,1.0265559536547082,-1.0070641459557745,-0.8853323472358098,-1.8350943569527682,-0.3425304566260032,-1.3327059431206303,-1.6533905501778914,-2.2798887043886484,-0.11752664900778609,0.35331457321608273,-0.352349763431546,-0.7470495258166494,-1.9905163329820863,-0.6159185107130316,-3.0101861608710925,1.1008078679311555,1.4870142826845634,-0.0,-0.0,0.0,19-22,Mother-Son,3.559473684210526,2.9078947368421053,0.3684210526315789,1,0
F0683,14,W2,Western,98,0,Rural,1,Male,1,Male,44,18.2,2,1.91,3.58,3.19,3.23,2,1,1,1,2,1,1.33,5,4,5,5,4,4.6,2,3,2,3,3,2.6,2.96,1,1,2,1,2,2,1.5,2,3,3,3,2,2.6,3,3,3,3,2,2.8,2.17,3,3,3,2,2.75,-2.191075052354821,0.2935385819915511,-0.27901096404693065,-0.7509336203089932,-1.8042317976843516,-0.9898132227558145,0.2742843504671218,-1.1442906075494603,-0.8227565469387071,-1.5597481186548456,-0.5512980026631109,-0.7305273468293726,-0.3352044196069478,-0.5570495258166495,-0.9905163329820863,-2.1159185107130316,0.389813839128907,-0.29919213206884443,0.5517666536013176,-0.0,-0.0,0.0,16-18,Father-Son,3.403461538461538,3.8173076923076925,0.46153846153846156,0,1
F0684,18,W6,Western,120,0,Rural,2,Female,1,Male,47,16.7,3,3.97,3.14,3.45,2.92,2,3,2,3,3,3,2.67,4,3,2,3,3,3.0,2,1,1,1,1,1.2,2.39,3,2,1,2,2,1,1.83,2,2,2,1,1,1.6,1,1,1,2,1,1.2,1.7,1,2,2,1,1.5,-0.8034788120978842,-0.9112973782606704,-1.5845778817485696,-1.5193251972493371,-1.4388862330481842,-1.8350943569527682,-1.3705551351145455,-1.6977606557897715,-1.8610490509876876,0.08857366646919153,-1.2581846530643808,-0.3782787228145994,-0.866710078169503,-1.1270495258166493,-2.2405163329820863,-0.7759185107130318,-1.2101861608710927,-1.6991921320688446,2.525172870671918,-0.0,-0.0,0.0,16-18,Mother-Son,3.4250000000000003,3.1354166666666665,0.4166666666666667,0,1
F0690,14,W2,Western,96,0,Rural,2,Female,1,Male,39,12.4,2,1.89,2.82,2.41,2.58,3,3,3,2,3,3,2.83,4,4,5,5,5,4.6,2,3,2,2,3,2.4,3.17,2,4,2,3,3,5,3.17,3,3,4,4,2,3.2,3,3,3,3,4,3.2,2.89,4,2,4,4,3.5,-0.6377956789328766,0.2935385819915511,-0.4655205237185935,-0.46784198669939286,0.04463818092897921,-0.4826445422376423,0.685494221862539,-0.29642159747919605,-0.199781044509319,-1.5757512427822635,-1.7722840351743958,-1.787273218873691,-1.4496517682058534,-0.3470495258166495,-0.2405163329820863,-0.6159185107130316,0.389813839128907,-0.4991921320688446,0.08347107931259243,-0.0,-0.0,0.0,12-15,Mother-Son,3.5119999999999996,3.7375,0.5,0,1
F0691,17,W5,Western,118,0,Rural,1,Male,1,Male,41,13.7,4,3.0,3.02,3.22,2.88,5,5,5,4,5,4,4.67,3,3,2,3,3,2.8,4,5,4,5,4,4.4,3.92,3,3,3,3,3,3,3.0,2,3,2,2,2,2.2,2,2,2,1,2,1.8,2.42,3,3,3,3,3.0,1.2675603524647086,-1.061901873292198,1.3995750729980339,0.5431995619063229,-0.14357014024722803,-1.327925676434596,-0.7537403280214202,-0.8498916457195076,-0.6150980461289112,-0.6875778537105736,-1.4509719213556365,-0.6898832748276678,-0.9352914534678972,0.4029504741833505,-0.7405163329820863,1.2240814892869682,-1.4101861608710928,1.5008078679311558,-0.2983914075156476,0.0,-0.0,-0.0,12-15,Father-Son,3.4221428571428567,3.6607142857142856,0.35714285714285715,0,1
F0692,18,W6,Western,124,0,Rural,2,Female,2,Female,44,14.4,2,3.79,4.32,2.48,3.18,3,3,4,4,3,5,3.67,3,5,3,3,3,3.4,3,3,4,4,3,3.4,3.47,4,3,3,2,3,2,2.83,3,3,4,4,4,3.6,3,3,3,2,3,2.8,2.98,3,2,3,4,3.0,0.23204077018341215,-0.610088388197615,0.46702727463972,-0.0634253672571062,-0.33177846142343526,-0.14453208855886093,0.2742843504671218,-0.1904379712204132,-0.6150980461289112,-0.05545445067756911,0.6375568184662981,-1.692437050869714,-0.42093113872994026,-0.04704952581664923,-0.7405163329820863,0.22408148928696825,-0.8101861608710927,0.5008078679311554,0.034840942326291084,-0.0,-0.0,0.0,12-15,Mother-Daughter,3.6216666666666666,3.513888888888889,0.5,0,1
F0696,4,E4,Eastern,27,0,Rural,1,Male,2,Female,46,14.8,2,1.98,3.06,2.86,2.82,3,3,3,4,3,3,3.17,6,7,7,6,6,6.4,1,2,1,2,1,1.4,3.23,2,2,3,2,2,3,2.33,4,5,5,4,5,4.6,1,1,2,1,1,1.2,2.77,4,4,3,3,3.5,-0.285719020957236,1.648979037275301,-1.398068322076907,-0.38695866281093555,-0.8853323472358098,0.7007490456380923,-1.3705551351145455,-0.4377330991575735,-0.199781044509319,-1.5037371842088831,-1.3867094985918846,-1.1776121388481229,-1.0381635164154885,-0.28704952581664944,-0.2405163329820863,-0.27591851071303175,2.1898138391289077,-1.4991921320688446,0.06904009933366724,-0.0,-0.0,0.0,12-15,Father-Daughter,3.616842105263158,4.0,0.631578947368421,0,0
F0698,14,W2,Western,92,0,Rural,2,Female,1,Male,46,17.7,4,3.1,4.35,3.7,3.77,4,4,3,4,4,4,3.83,6,5,5,6,4,5.2,5,4,4,5,4,4.4,4.49,4,4,4,4,3,4,3.83,4,4,5,4,4,4.2,2,2,3,3,4,2.8,3.61,5,5,5,4,4.75,0.3977239033484197,0.7453520670861346,1.3995750729980339,1.3115911388466674,0.7753293102013137,0.3626365919593113,0.2742843504671218,0.5514474125910677,0.8385114595396613,-0.6075622330734843,0.685753635539111,-0.03957812280039473,0.590644146921374,0.9729504741833508,1.0094836670179137,0.3840814892869684,0.9898138391289075,1.5008078679311558,0.9821776125054269,0.0,0.0,0.0,16-18,Mother-Son,3.7422222222222223,3.8055555555555554,0.5555555555555556,0,1
F0699,10,C4,Central,68,0,Rural,1,Male,2,Female,37,12.3,4,3.01,3.38,2.99,4.1,2,3,3,4,3,3,3.0,5,4,5,6,4,4.8,2,3,2,2,2,2.2,3.26,3,3,2,4,3,3,3.0,4,5,4,5,4,4.4,4,4,3,2,3,3.2,3.48,5,5,4,4,4.5,-0.46175734994505635,0.4441430770230789,-0.6520300833902559,-0.34651700086670717,-0.14357014024722803,0.5316928187987021,0.685494221862539,0.3983599524394924,0.6308529587298652,-0.6795762916468648,-0.8726101164818703,-1.001487826840736,1.1564404931331256,-0.25704952581664964,0.7594836670179137,-0.4459185107130317,0.5898138391289072,-0.6991921320688443,-0.19522491647244494,-0.0,0.0,-0.0,12-15,Father-Daughter,3.5727999999999995,4.04,0.56,1,0
F0701,9,C3,Central,57,0,Rural,2,Female,1,Male,43,18.5,4,3.12,3.34,3.02,2.26,3,3,2,3,4,3,3.0,5,5,5,5,5,5.0,1,1,2,1,1,1.2,3.06,1,3,3,3,2,4,2.67,3,3,4,3,3,3.2,1,1,1,1,1,1.0,2.49,3,2,4,4,3.25,-0.46175734994505635,0.5947475720546067,-1.5845778817485696,-0.6161280804948978,-0.5089157048833953,-0.4826445422376423,-1.576160070812254,-0.7674599364071204,-0.4074395453191151,-0.5915591089460664,-0.9368725392456222,-0.9608437548390317,-1.9983027705930074,-0.45704952581664937,-0.4905163329820863,-0.4459185107130317,0.7898138391289073,-1.6991921320688446,0.22419025739478424,-0.0,-0.0,0.0,16-18,Mother-Son,3.637826086956522,3.869565217391304,0.5652173913043478,1,0
F0707,13,W1,Western,89,0,Rural,2,Female,2,Female,40,14.2,2,4.29,3.01,3.49,2.63,3,3,4,4,4,5,3.83,6,4,5,5,4,4.8,5,4,4,4,4,4.2,4.05,3,3,3,2,3,4,3.0,3,3,4,2,3,3.0,2,2,3,3,2,2.4,2.74,2,3,3,1,2.25,0.3977239033484197,0.4441430770230789,1.213065513326371,0.7184467636646469,-0.14357014024722803,-0.6517007690770332,-0.13692552092829502,-0.4730609745771676,-1.2380735485582992,0.34462365250787674,-1.4670375270465748,-0.32408662681232664,-1.363925049082861,0.5329504741833504,-1.4905163329820863,0.3840814892869684,0.5898138391289072,1.3008078679311557,-0.7943713864408315,0.0,-0.0,-0.0,12-15,Mother-Daughter,3.5733333333333337,3.8425925925925926,0.6296296296296297,0,1
F0708,3,E3,Eastern,21,0,Rural,2,Female,1,Male,46,22.4,3,3.84,4.0,4.15,3.16,4,4,5,5,5,5,4.67,5,5,5,6,5,5.2,3,2,1,2,2,2.0,4.21,3,3,3,3,1,1,2.33,2,4,2,3,3,2.8,2,2,2,2,2,2.0,2.3,1,2,2,2,1.75,1.2675603524647086,0.7453520670861346,-0.8385396430619187,0.9341356273671998,-0.8853323472358098,-0.820756995916424,-0.5481353923237118,-0.9912031473978851,-1.6533905501778914,-0.015446640359024667,0.1234574363562831,0.570082957225174,-0.4552218263791374,0.6929504741833505,-1.9905163329820863,1.2240814892869682,0.9898138391289075,-0.8991921320688445,-1.3793292368096408,0.0,-0.0,-0.0,19-22,Mother-Son,3.367142857142857,3.4107142857142856,0.6071428571428571,0,0
F0709,14,W2,Western,96,0,Rural,2,Female,1,Male,37,12.7,3,3.42,2.82,2.41,2.58,4,4,4,4,4,4,4.0,2,1,2,1,1,1.4,2,1,2,1,2,1.6,2.45,3,3,3,3,3,3,3.0,3,2,3,2,4,2.8,1,2,1,2,2,1.6,2.42,4,3,3,3,3.25,0.57376223233624,-2.116133338512892,-1.2115587624052442,-1.4384418733608797,-0.14357014024722803,-0.820756995916424,-0.9593452637191285,-0.8498916457195076,-0.4074395453191151,-0.3515122470347991,-1.7722840351743958,-1.787273218873691,-1.4496517682058534,-1.0670495258166492,-0.4905163329820863,0.5540814892869683,-2.8101861608710927,-1.2991921320688444,0.5234052205138569,-0.0,-0.0,0.0,12-15,Mother-Son,3.5119999999999996,3.7375,0.5,0,1
F0710,6,E6,Eastern,41,0,Rural,2,Female,1,Male,38,13.5,3,4.43,3.21,4.31,2.5,3,3,2,3,4,2,2.83,6,5,4,6,5,5.2,2,2,3,3,3,2.6,3.4,3,1,1,2,2,1,1.67,3,2,4,2,3,2.8,1,1,1,1,1,1.0,1.94,4,3,3,2,3.0,-0.6377956789328766,0.7453520670861346,-0.27901096404693065,-0.1577892451269734,-1.6160234765081443,-0.820756995916424,-1.576160070812254,-1.4151376524330168,-0.6150980461289112,0.45664552139980136,-1.1457254132278154,0.7868513412342639,-1.586814518802642,-0.11704952581664951,-0.7405163329820863,-0.6159185107130316,0.9898138391289075,-0.29919213206884443,0.08667708563503734,-0.0,-0.0,0.0,12-15,Mother-Son,3.464090909090909,3.465909090909091,0.5454545454545454,0,0
F0711,16,W4,Western,106,0,Rural,2,Female,2,Female,46,17.3,2,2.76,3.0,3.41,2.91,4,4,4,4,3,4,3.83,4,4,5,4,4,4.2,3,3,2,3,2,2.6,3.36,3,2,2,3,3,2,2.5,3,2,2,2,2,2.2,3,2,2,1,1,1.8,2.24,1,3,2,3,2.25,0.3977239033484197,-0.0076704080715039435,-0.27901096404693065,-0.21171146105261163,-0.6971240260596026,-1.327925676434596,-0.7537403280214202,-1.0618588982370731,-1.2380735485582992,-0.8796153432395878,-1.4831031327375124,-0.4324708188168722,-0.8838554219941012,-0.15704952581664955,-1.4905163329820863,0.3840814892869684,-0.010186160871092476,-0.29919213206884443,0.234084883316808,-0.0,-0.0,0.0,16-18,Mother-Daughter,3.50375,3.625,0.5416666666666666,0,1
F0715,12,C6,Central,81,0,Rural,2,Female,2,Female,44,19.7,4,4.32,2.58,3.33,2.75,3,3,1,2,3,2,2.33,2,2,3,2,3,2.4,3,3,3,2,3,2.8,2.34,1,2,1,2,1,1,1.33,1,2,1,2,2,1.6,1,1,1,1,1,1.0,1.47,1,2,3,2,2.0,-1.1555554700735249,-1.3631108633552536,-0.09250140437526819,-1.5867279671563852,-1.9924401188605587,-1.8350943569527682,-1.576160070812254,-1.968607700673328,-1.4457320493680954,0.3686283386990037,-2.1578585717569063,-0.5408550108214178,-1.1581809231876783,-1.1770495258166496,-1.7405163329820863,-1.1159185107130316,-1.8101861608710927,-0.0991921320688447,2.0486739244126984,-0.0,-0.0,0.0,19-22,Mother-Daughter,3.0680952380952378,3.857142857142857,0.23809523809523808,1,0
F0716,12,C6,Central,79,0,Rural,1,Male,2,Female,40,15.4,2,2.59,4.41,3.9,2.9,4,3,4,3,3,4,3.5,4,4,3,4,4,3.8,2,3,2,2,2,2.2,2.98,3,4,3,2,3,2,2.83,2,2,2,3,2,2.2,2,1,2,3,2,2.0,2.41,3,3,3,2,2.75,0.05600244119559184,-0.3088793981345596,-0.6520300833902559,-0.7239725123461742,-0.33177846142343526,-1.327925676434596,-0.5481353923237118,-0.8616676041927054,-0.8227565469387071,-1.0156418983226394,0.7821472696847395,0.23138235721096867,-0.9010007658187,-0.5370495258166494,-0.9905163329820863,0.05408148928696832,-0.41018616087109283,-0.6991921320688443,0.5319563269416759,-0.0,-0.0,0.0,12-15,Father-Daughter,3.6700000000000004,3.225,0.6,1,0
F0718,15,W3,Western,100,0,Rural,1,Male,2,Female,44,17.8,2,4.62,3.4,3.73,3.01,4,3,3,3,4,5,3.67,6,7,5,6,6,6.0,2,2,2,3,2,2.2,3.92,2,2,1,1,3,1,1.67,3,3,3,3,4,3.2,2,2,1,2,3,2.0,2.45,3,3,4,3,3.25,0.23204077018341215,1.3477700472122454,-0.6520300833902559,0.5431995619063229,-1.6160234765081443,-0.4826445422376423,-0.5481353923237118,-0.8145637702999129,-0.4074395453191151,0.608675200610271,-0.8404789050999943,0.0010659492013095657,-0.7124019837481163,0.4029504741833505,-0.4905163329820863,0.22408148928696825,1.7898138391289073,-0.6991921320688443,-0.19765378896980992,0.0,-0.0,-0.0,16-18,Father-Daughter,3.563333333333333,3.5925925925925926,0.6296296296296297,0,1
F0723,8,C2,Central,52,0,Rural,2,Female,1,Male,41,12.8,1,3.35,3.34,2.96,2.87,3,4,3,2,4,3,3.17,5,4,4,4,4,4.2,1,1,2,2,2,1.6,3.11,2,2,2,2,3,1,2.0,2,2,1,2,2,1.8,1,1,1,1,1,1.0,1.79,2,2,2,1,1.75,-0.285719020957236,-0.0076704080715039435,-1.2115587624052442,-0.5487253105878502,-1.250677911871977,-1.6660381301133775,-1.576160070812254,-1.5917770295309885,-1.6533905501778914,-0.40752318148076144,-0.9368725392456222,-1.0421318988424408,-0.9524367972924954,-0.40704952581664955,-1.9905163329820863,-0.27591851071303175,-0.010186160871092476,-1.2991921320688444,0.8102387294706543,-0.0,-0.0,0.0,12-15,Mother-Son,3.4015,3.575,0.5,1,0
F0724,18,W6,Western,125,0,Rural,2,Female,2,Female,46,18.1,3,1.53,3.34,2.29,2.97,5,4,4,3,5,4,4.17,4,4,4,3,4,3.8,3,2,3,4,2,2.8,3.9,4,4,5,5,4,3,4.17,4,5,4,4,5,4.4,3,3,3,3,3,3.0,3.51,3,2,4,5,3.5,0.7498005613240603,-0.3088793981345596,-0.09250140437526819,0.5162384539435039,1.1517459525537281,0.5316928187987021,0.4798892861648304,0.4336878278590865,-0.199781044509319,-1.8638074770757842,-0.9368725392456222,-1.9498495068805093,-0.7809833590465097,0.3829504741833505,-0.2405163329820863,0.7240814892869682,-0.41018616087109283,-0.0991921320688447,-0.09210584376433056,0.0,-0.0,-0.0,16-18,Mother-Daughter,3.3248,3.98,0.4,0,1
F0727,6,E6,Eastern,40,0,Rural,1,Male,2,Female,50,21.8,4,3.28,3.83,3.11,3.21,2,2,3,3,2,3,2.5,3,3,4,4,3,3.4,3,2,2,2,2,2.2,2.44,4,4,4,5,3,4,4.0,5,3,4,4,4,4.0,2,2,3,2,3,2.4,3.0,5,5,4,5,4.75,-0.9795171410857045,-0.610088388197615,-0.6520300833902559,-1.4519224273422897,0.9635376313775209,0.1935803651199204,-0.13692552092829502,-0.16688605427401695,0.8385114595396613,-0.46353411592672406,-0.14965786038966203,-0.8389115388339182,-0.36949510725614493,-1.0770495258166495,1.0094836670179137,-0.9459185107130317,-0.8101861608710927,-0.6991921320688443,-1.0872639048812964,-0.0,0.0,-0.0,19-22,Father-Daughter,3.296190476190476,3.5714285714285716,0.3333333333333333,0,0
F0729,3,E3,Eastern,20,0,Rural,2,Female,2,Female,40,13.3,4,1.85,3.17,3.14,3.88,4,3,4,3,4,5,3.83,3,4,5,3,4,3.8,1,2,3,2,2,2.0,3.09,4,3,4,4,3,4,3.67,3,4,3,4,4,3.6,3,2,3,3,3,2.8,3.23,4,5,5,4,4.5,0.3977239033484197,-0.3088793981345596,-0.8385396430619187,-0.5756864185506694,0.5981920667413537,-0.14453208855886093,0.2742843504671218,0.10396099060953959,0.6308529587298652,-1.607757491037099,-1.2099878359915672,-0.7982674668322133,0.7792429289919578,-0.42704952581664957,0.7594836670179137,0.3840814892869684,-0.41018616087109283,-0.8991921320688445,-0.32433713986549023,-0.0,0.0,-0.0,12-15,Mother-Daughter,3.286111111111111,3.8055555555555554,0.5,0,0
F0730,17,W5,Western,116,0,Rural,2,Female,1,Male,49,18.1,1,5.17,4.08,3.25,3.6,2,1,2,3,1,1,1.67,3,4,3,3,4,3.4,2,2,2,1,2,1.8,2.4,2,2,2,2,1,1,1.67,1,1,1,1,1,1.0,1,1,1,1,1,1.0,1.31,1,2,2,1,1.5,-1.8389983943791806,-0.610088388197615,-1.0250492027335814,-1.5058446432679278,-1.6160234765081443,-2.3422630374709406,-1.576160070812254,-2.1570230362444978,-1.8610490509876876,1.0487611141142614,0.25198228188378685,-0.6492392028259634,0.29917330190319874,-1.1170495258166495,-2.2405163329820863,-1.7759185107130318,-0.8101861608710927,-1.0991921320688445,2.5027677073420977,-0.0,-0.0,0.0,16-18,Mother-Son,3.4620689655172416,4.017241379310345,0.5862068965517241,0,1
F0731,10,C4,Central,68,0,Rural,1,Male,2,Female,38,15.8,2,1.26,3.38,2.99,4.1,3,4,4,3,3,3,3.33,2,1,2,3,2,2.0,1,2,2,3,2,2.0,2.39,2,3,3,2,3,2,2.5,3,3,3,2,2,2.6,1,2,2,3,2,2.0,2.35,3,3,4,2,3.0,-0.12003588779222847,-1.6643198534183088,-0.8385396430619187,-1.5193251972493371,-0.6971240260596026,-0.9898132227558145,-0.5481353923237118,-0.9323233550318941,-0.6150980461289112,-2.079849652795925,-0.8726101164818703,-1.001487826840736,1.1564404931331256,-1.1270495258166493,-0.7405163329820863,-0.11591851071303161,-2.2101861608710927,-0.8991921320688445,0.8345985819469444,-0.0,-0.0,0.0,12-15,Father-Daughter,3.5727999999999995,4.04,0.56,1,0
F0733,13,W1,Western,88,0,Rural,2,Female,1,Male,42,18.4,2,1.41,3.73,3.09,2.48,4,4,2,3,4,4,3.5,1,1,1,1,1,1.0,4,3,5,4,3,3.8,2.94,2,3,3,2,2,1,2.17,2,2,2,3,1,2.0,2,2,1,1,2,1.6,2.09,3,4,3,4,3.5,0.05600244119559184,-2.4173423285759474,0.8400463939830453,-0.7778947282718124,-1.0624695906957697,-1.4969819032739868,-0.9593452637191285,-1.2384982753350453,-0.199781044509319,-1.9598262218402913,-0.31031391729904173,-0.8660075868350546,-1.621105206451839,-0.5770495258166495,-0.2405163329820863,0.05408148928696832,-3.2101861608710927,0.9008078679311553,0.13878983589847227,-0.0,-0.0,0.0,16-18,Mother-Son,3.3708333333333336,3.8229166666666665,0.5833333333333334,0,1
F0735,11,C5,Central,74,0,Rural,1,Male,1,Male,43,18.7,3,5.4,3.0,2.97,2.41,5,4,3,4,3,5,4.0,3,3,4,2,2,2.8,3,3,4,4,4,3.6,3.35,2,2,1,2,3,2,2.0,3,2,2,4,2,2.6,1,2,2,2,2,1.8,2.26,1,3,4,3,2.75,0.57376223233624,-1.061901873292198,0.6535368343113829,-0.22519201503402086,-1.250677911871977,-0.9898132227558145,-0.7537403280214202,-1.0383069812906776,-0.8227565469387071,1.2327970415795668,-1.4831031327375124,-1.0285838748418723,-1.7411226132240287,-0.16704952581664934,-0.9905163329820863,0.5540814892869683,-1.4101861608710928,0.7008078679311556,0.16546528373830385,-0.0,-0.0,0.0,16-18,Father-Son,3.5776470588235294,3.7058823529411766,0.7058823529411765,1,0
F0737,10,C4,Central,69,0,Rural,2,Female,1,Male,47,17.7,3,2.15,4.3,2.82,2.9,3,3,5,4,4,3,3.67,1,2,2,1,2,1.6,3,4,4,3,2,3.2,3.06,2,2,2,3,3,3,2.5,4,3,2,2,2,2.6,2,3,1,2,2,2.0,2.22,5,3,3,3,3.5,0.23204077018341215,-1.9655288434813643,0.28051771496805755,-0.6161280804948978,-0.6971240260596026,-0.9898132227558145,-0.5481353923237118,-1.0854108151834694,-0.199781044509319,-1.3677106291258316,0.6054256070844215,-1.2318042348503957,-0.9010007658187,-0.45704952581664937,-0.2405163329820863,0.22408148928696825,-2.6101861608710926,0.30080786793115566,0.1099278759406219,-0.0,-0.0,0.0,16-18,Mother-Son,3.4778260869565214,4.086956521739131,0.5652173913043478,1,0
F0740,2,E2,Eastern,11,0,Rural,2,Female,2,Female,41,13.6,1,1.0,2.77,1.96,1.98,1,2,3,2,3,3,2.33,6,6,6,5,6,5.8,3,3,3,3,3,3.0,3.57,1,1,2,1,1,2,1.33,3,3,4,4,4,3.6,2,2,2,2,2,2.0,2.43,3,2,2,3,2.5,-1.1555554700735249,1.1971655521807174,0.09400815529639468,0.07138017255698878,-1.9924401188605587,-0.14453208855886093,-0.5481353923237118,-0.8381156872463091,-1.0304150477485032,-2.287890266452357,-1.8526120636290855,-2.3969342988992595,-2.4783723976817664,0.052950474183350416,-1.2405163329820863,-1.1159185107130316,1.5898138391289072,0.10080786793115548,-0.06568592806359248,0.0,-0.0,-0.0,12-15,Mother-Daughter,3.622,3.9375,0.5,0,0
F0741,2,E2,Eastern,14,0,Rural,2,Female,2,Female,42,16.1,2,3.36,4.0,2.67,2.74,3,2,1,1,2,1,1.67,6,5,6,6,6,5.8,2,2,2,2,1,1.8,2.94,2,1,1,1,1,1,1.17,2,2,3,2,2,2.2,1,2,2,1,2,1.6,1.56,1,2,1,1,1.25,-1.8389983943791806,1.1971655521807174,-1.0250492027335814,-0.7778947282718124,-2.169577362320519,-1.327925676434596,-0.9593452637191285,-1.862624074414545,-2.0687075517974836,-0.39952161941705266,0.1234574363562831,-1.4350245948589184,-1.1753262670122764,-0.5770495258166495,-2.4905163329820863,-1.7759185107130318,1.5898138391289072,-1.0991921320688445,1.4371512689859336,-0.0,-0.0,0.0,16-18,Mother-Daughter,3.43,3.8684210526315788,0.5263157894736842,0,0
F0742,10,C4,Central,66,0,Rural,1,Male,2,Female,55,25.3,1,3.85,4.29,4.3,3.24,3,2,3,2,2,3,2.5,4,5,4,4,4,4.2,4,3,3,4,3,3.4,3.5,2,2,3,3,1,2,2.17,3,3,3,3,3,3.0,2,2,3,2,2,2.2,2.38,2,2,2,2,2.0,-0.9795171410857045,-0.0076704080715039435,0.46702727463972,-0.02298370531287782,-1.0624695906957697,-0.6517007690770332,-0.3425304566260032,-0.8969954796123001,-1.4457320493680954,-0.0074450782953155645,0.5893600013934839,0.773303317233696,-0.3180590757823488,-0.017049525816649425,-1.7405163329820863,-0.9459185107130317,-0.010186160871092476,0.5008078679311554,0.029674978153478068,-0.0,-0.0,0.0,23-25,Father-Daughter,3.546666666666667,3.425925925925926,0.4444444444444444,1,0
F0744,16,W4,Western,109,0,Rural,2,Female,2,Female,39,12.4,2,5.46,3.72,3.19,3.1,3,4,4,3,4,4,3.67,4,4,3,4,4,3.8,3,1,3,3,3,2.6,3.37,2,2,2,4,3,2,2.5,3,2,3,3,2,2.6,2,2,1,2,2,1.8,2.3,2,2,3,2,2.25,0.23204077018341215,-0.3088793981345596,-0.27901096404693065,-0.19823090707120175,-0.6971240260596026,-0.9898132227558145,-0.7537403280214202,-0.9912031473978851,-1.2380735485582992,1.28080641396182,-0.32637952298997935,-0.7305273468293726,-0.5580938893267288,-0.14704952581664932,-1.4905163329820863,0.22408148928696825,-0.41018616087109283,-0.29919213206884443,0.21917971998698677,-0.0,-0.0,0.0,12-15,Mother-Daughter,3.7354999999999996,3.8625,0.55,0,1
F0745,4,E4,Eastern,25,0,Rural,1,Male,1,Male,43,19.9,4,3.67,4.55,4.22,4.46,3,4,4,5,4,5,4.17,5,3,3,4,3,3.6,1,3,2,1,1,1.6,2.91,4,4,3,3,3,4,3.5,2,3,3,3,3,2.8,2,2,2,1,2,1.8,2.76,3,3,2,3,2.75,0.7498005613240603,-0.4594838931660871,-1.2115587624052442,-0.8183363902160408,0.40998374556514644,-0.820756995916424,-0.7537403280214202,-0.4495090576307719,-0.8227565469387071,-0.15147319544207621,1.0070657493578703,0.6649191252291504,1.773672870818674,-0.6070495258166493,-0.9905163329820863,0.7240814892869682,-0.6101861608710926,-1.2991921320688444,0.6012924702504218,-0.0,-0.0,0.0,19-22,Father-Son,3.2065217391304346,3.641304347826087,0.2608695652173913,0,0
F0746,5,E5,Eastern,33,0,Rural,1,Male,2,Female,40,14.0,3,2.21,2.98,3.33,2.77,2,3,3,3,2,4,2.83,5,4,5,4,5,4.6,2,2,1,1,1,1.4,2.59,3,3,4,2,2,3,2.83,4,4,2,3,4,3.4,1,1,1,1,1,1.0,2.22,3,2,2,1,2.0,-0.6377956789328766,0.2935385819915511,-1.398068322076907,-1.2497141176211466,-0.33177846142343526,-0.3135883153982518,-1.576160070812254,-1.0854108151834694,-1.4457320493680954,-1.319701256743578,-1.5152343441193883,-0.5408550108214178,-1.123890235538481,-0.9270495258166496,-1.7405163329820863,-0.6159185107130316,0.389813839128907,-1.4991921320688446,1.613544841167177,-0.0,-0.0,0.0,12-15,Father-Daughter,3.4548275862068967,4.094827586206897,0.6206896551724138,0,0
F0749,7,C1,Central,49,0,Rural,2,Female,1,Male,41,16.2,2,3.04,3.27,4.07,3.75,2,2,1,1,1,1,1.33,2,2,1,2,1,1.6,2,2,1,1,2,1.6,1.48,3,2,2,1,2,2,2.0,3,3,2,4,3,3.0,3,1,1,2,2,1.8,2.18,3,4,3,2,3.0,-2.191075052354821,-1.9655288434813643,-1.2115587624052442,-2.746055609557606,-1.250677911871977,-0.6517007690770332,-0.7537403280214202,-1.1325146490762619,-0.6150980461289112,-0.6555716054557379,-1.0493317790821877,0.46169876522062836,0.5563534592721768,-2.0370495258166494,-0.7405163329820863,-2.1159185107130316,-2.6101861608710926,-1.2991921320688444,1.508468444960643,-0.0,-0.0,0.0,16-18,Mother-Son,3.39,3.4711538461538463,0.4230769230769231,1,0
F0750,3,E3,Eastern,16,0,Rural,2,Female,2,Female,52,20.1,1,1.0,2.85,2.85,2.75,4,4,4,4,5,4,4.17,4,4,4,4,2,3.6,3,4,3,2,3,3.0,3.57,4,2,2,4,4,4,3.33,3,3,2,2,2,2.4,1,3,1,3,2,2.0,2.43,3,2,3,3,2.75,0.7498005613240603,-0.4594838931660871,0.09400815529639468,0.07138017255698878,0.2217754243889392,-1.1588694495952054,-0.5481353923237118,-0.8381156872463091,-0.8227565469387071,-2.287890266452357,-1.7240872181015816,-1.1911601628486908,-1.1581809231876783,0.052950474183350416,-0.9905163329820863,0.7240814892869682,-0.6101861608710926,0.10080786793115548,-0.052448309517754886,0.0,-0.0,-0.0,19-22,Mother-Daughter,3.6174074074074074,3.6666666666666665,0.48148148148148145,0,0
F0751,1,E1,Eastern,3,0,Rural,2,Female,1,Male,53,25.9,3,3.72,3.9,3.63,2.24,2,2,2,2,2,2,2.0,1,1,2,2,1,1.4,3,3,2,4,2,2.8,2.49,3,3,2,4,3,2,2.83,3,3,2,4,3,3.0,1,2,1,1,2,1.4,2.42,2,2,3,2,2.25,-1.4972769322263526,-2.116133338512892,-0.09250140437526819,-1.3845196574352416,-0.33177846142343526,-0.6517007690770332,-1.1649501994168372,-0.8498916457195076,-1.2380735485582992,-0.11146538512353141,-0.0371986205530966,-0.13441429080437242,-2.032593458242204,-1.0270495258166492,-1.4905163329820863,-1.4459185107130317,-2.8101861608710927,-0.0991921320688447,1.5308340930112225,-0.0,-0.0,0.0,23-25,Mother-Son,3.718571428571429,3.3333333333333335,0.5238095238095238,0,0
F0752,9,C3,Central,61,0,Rural,1,Male,2,Female,48,22.6,3,2.53,3.55,2.98,3.67,3,3,3,3,2,3,2.83,5,5,6,4,5,5.0,2,3,2,2,3,2.4,3.11,3,4,3,2,2,4,3.0,4,3,4,4,4,3.8,3,2,2,3,3,2.6,2.98,5,4,3,3,3.75,-0.6377956789328766,0.5947475720546067,-0.4655205237185935,-0.5487253105878502,-0.14357014024722803,0.02452413828052955,0.06867941476941361,-0.1904379712204132,0.007877456300477073,-1.0636512707048928,-0.5994948197359252,-1.0150358508413044,0.4191907086753883,-0.40704952581664955,0.0094836670179137,-0.6159185107130316,0.7898138391289073,-0.4991921320688446,-0.0038603221626447703,-0.0,0.0,-0.0,19-22,Father-Daughter,3.3058333333333336,3.7083333333333335,0.375,1,0
F0755,8,C2,Central,50,0,Rural,2,Female,2,Female,48,16.5,2,1.41,4.16,2.96,2.84,4,4,3,4,4,5,4.0,3,2,2,2,4,2.6,2,2,2,1,1,1.6,2.57,3,3,3,3,3,3,3.0,5,3,3,3,3,3.4,1,2,2,1,1,1.4,2.5,4,5,4,3,4.0,0.57376223233624,-1.2125063683237256,-1.2115587624052442,-1.2766752255839657,-0.14357014024722803,-0.3135883153982518,-1.1649501994168372,-0.7556839779339226,0.21553595711027312,-1.9598262218402913,0.3805071274112906,-1.0421318988424408,-1.0038728287662915,-0.9470495258166496,0.2594836670179137,0.5540814892869683,-1.6101861608710926,-1.2991921320688444,-0.24574388380648057,-0.0,0.0,-0.0,16-18,Mother-Daughter,3.4087878787878787,3.984848484848485,0.5454545454545454,1,0
F0757,16,W4,Western,108,0,Rural,1,Male,2,Female,49,25.0,3,2.47,3.36,3.37,2.46,3,3,3,4,4,3,3.33,3,4,3,2,2,2.8,2,4,4,3,3,3.2,2.91,4,3,3,4,3,3,3.33,3,2,3,2,3,2.6,3,2,4,4,3,3.2,2.71,5,6,5,5,5.25,-0.12003588779222847,-1.061901873292198,0.28051771496805755,-0.8183363902160408,0.2217754243889392,-0.9898132227558145,0.685494221862539,-0.5083888499967623,1.2538284611592534,-1.111660643087146,-0.9047413278637463,-0.48666291481914503,-1.6553958941010363,-0.6070495258166493,1.5094836670179137,-0.11591851071303161,-1.4101861608710928,0.30080786793115566,-0.9163313442912014,-0.0,0.0,-0.0,23-25,Father-Daughter,3.373,4.225,0.5,0,1
F0759,7,C1,Central,49,0,Rural,1,Male,2,Female,42,18.4,2,3.3,3.27,4.07,3.75,4,3,5,4,4,4,4.0,4,3,4,3,3,3.4,1,2,2,1,2,1.6,3.26,5,4,6,4,3,3,4.17,4,3,4,3,4,3.6,3,2,2,2,2,2.2,3.53,4,5,4,5,4.5,0.57376223233624,-0.610088388197615,-1.2115587624052442,-0.34651700086670717,1.1517459525537281,-0.14453208855886093,-0.3425304566260032,0.45723974480548274,0.6308529587298652,-0.4475309917993062,-1.0493317790821877,0.46169876522062836,0.5563534592721768,-0.25704952581664964,0.7594836670179137,0.5540814892869683,-0.8101861608710927,-1.2991921320688444,-0.19522491647244494,-0.0,0.0,-0.0,16-18,Father-Daughter,3.39,3.4711538461538463,0.4230769230769231,1,0
F0761,3,E3,Eastern,21,0,Rural,2,Female,1,Male,38,18.5,2,3.98,4.0,4.15,3.16,2,2,2,2,2,2,2.0,3,2,2,2,2,2.2,3,2,1,2,2,2.0,1.88,1,2,3,3,3,2,2.33,3,4,3,5,4,3.8,1,2,1,1,1,1.2,2.25,2,3,2,2,2.25,-1.4972769322263526,-1.513715358386781,-0.8385396430619187,-2.2068334503012244,-0.8853323472358098,0.02452413828052955,-1.3705551351145455,-1.0500829397638753,-1.2380735485582992,0.09657522853290028,0.1234574363562831,0.570082957225174,-0.4552218263791374,-1.6370495258166495,-1.4905163329820863,-1.4459185107130317,-2.0101861608710925,-0.8991921320688445,2.4400490561302957,-0.0,-0.0,0.0,16-18,Mother-Son,3.367142857142857,3.4107142857142856,0.6071428571428571,0,0
F0765,18,W6,Western,120,0,Rural,1,Male,2,Female,38,14.3,1,3.89,3.14,3.45,2.92,4,4,4,4,3,4,3.83,3,2,4,3,4,3.2,2,2,2,2,4,2.4,3.23,2,2,3,3,3,3,2.67,4,5,5,4,4,4.4,1,1,1,2,1,1.2,2.73,3,3,2,3,2.75,0.3977239033484197,-0.7606928832291425,-0.4655205237185935,-0.38695866281093555,-0.5089157048833953,0.5316928187987021,-1.3705551351145455,-0.484836933050366,-0.8227565469387071,0.02456116995952013,-1.2581846530643808,-0.3782787228145994,-0.866710078169503,-0.28704952581664944,-0.9905163329820863,0.3840814892869684,-1.0101861608710925,-0.4991921320688446,0.2843272436961543,-0.0,-0.0,0.0,12-15,Father-Daughter,3.4250000000000003,3.1354166666666665,0.4166666666666667,0,1
F0768,15,W3,Western,105,0,Rural,2,Female,2,Female,40,14.5,5,3.72,3.95,4.18,3.72,5,4,5,4,4,5,4.5,3,4,3,3,3,3.2,3,3,3,3,2,2.8,3.33,3,3,5,3,4,3,3.5,3,3,3,3,3,3.0,2,3,2,2,3,2.4,2.9,3,3,3,3,3.0,1.091522023476888,-0.7606928832291425,-0.09250140437526819,-0.25215312299684,0.40998374556514644,-0.6517007690770332,-0.13692552092829502,-0.2846456390059982,-0.6150980461289112,-0.11146538512353141,0.04312940790159361,0.6107270292268776,0.5049174277983816,-0.18704952581664935,-0.7405163329820863,1.0540814892869683,-1.0101861608710925,-0.0991921320688447,0.13851322894378326,-0.0,-0.0,0.0,12-15,Mother-Daughter,3.337037037037037,3.1203703703703702,0.5555555555555556,0,1
F0769,6,E6,Eastern,38,0,Rural,1,Male,1,Male,44,17.3,4,1.61,3.36,3.5,2.51,4,3,3,3,2,3,3.0,3,4,4,4,3,3.6,2,3,3,2,2,2.4,3.25,3,3,2,2,2,2,2.33,4,3,2,3,1,2.6,2,1,1,2,2,1.6,2.11,3,2,2,2,2.25,-0.46175734994505635,-0.4594838931660871,-0.4655205237185935,-0.35999755484811646,-0.8853323472358098,-0.9898132227558145,-0.9593452637191285,-1.214946358388649,-1.2380735485582992,-1.7997949805661129,-0.9047413278637463,-0.3105386028117587,-1.5696691749780438,-0.2670495258166494,-1.4905163329820863,-0.4459185107130317,-0.6101861608710926,-0.4991921320688446,0.3980416799448373,-0.0,-0.0,0.0,16-18,Father-Son,3.5205263157894735,3.8026315789473686,0.42105263157894735,0,0
F0771,4,E4,Eastern,27,0,Rural,1,Male,2,Female,46,16.6,2,2.44,3.06,2.86,2.82,3,1,2,3,2,2,2.17,3,2,3,2,3,2.6,2,3,2,2,2,2.2,2.68,3,3,1,1,3,2,2.17,4,3,4,4,3,3.6,2,1,2,2,1,1.6,2.49,4,2,3,3,3.0,-1.3212386032385324,-1.2125063683237256,-0.6520300833902559,-1.1283891317884602,-1.0624695906957697,-0.14453208855886093,-0.9593452637191285,-0.7674599364071204,-0.6150980461289112,-1.135665329278273,-1.3867094985918846,-1.1776121388481229,-1.0381635164154885,-0.8370495258166493,-0.7405163329820863,-1.2759185107130318,-1.6101861608710926,-0.6991921320688443,0.6198488453821392,-0.0,-0.0,0.0,16-18,Father-Daughter,3.616842105263158,4.0,0.631578947368421,0,0
F0772,6,E6,Eastern,36,0,Rural,2,Female,1,Male,52,20.5,1,3.21,3.73,2.59,3.07,2,2,1,2,1,2,1.67,2,4,3,4,3,3.2,2,3,2,3,3,2.6,2.61,2,3,2,2,2,2,2.17,5,5,4,5,4,4.6,4,2,4,4,4,3.6,3.26,5,6,6,6,5.75,-1.8389983943791806,-0.7606928832291425,-0.27901096404693065,-1.2227530096583274,-1.0624695906957697,0.7007490456380923,1.0967040932579557,0.1392888660291337,1.6691454627788456,-0.5195450503726864,-0.31031391729904173,-1.543408786863464,-0.6095299208005248,-0.9070495258166495,2.0094836670179137,-1.7759185107130318,-1.0101861608710925,-0.29919213206884443,-1.8227012073049007,-0.0,0.0,-0.0,19-22,Mother-Son,3.4104347826086956,3.967391304347826,0.4782608695652174,0,0
F0781,2,E2,Eastern,11,0,Rural,2,Female,2,Female,47,17.1,1,5.2,2.77,1.96,1.98,3,2,1,2,2,2,2.0,2,2,4,3,4,3.0,2,1,1,1,1,1.2,2.17,2,3,1,2,3,2,2.17,5,4,4,3,5,4.2,3,2,2,2,2,2.2,2.9,5,4,4,3,4.0,-1.4972769322263526,-0.9112973782606704,-1.5845778817485696,-1.8158973848403472,-1.0624695906957697,0.3626365919593113,-0.3425304566260032,-0.2846456390059982,0.21553595711027312,1.0727658003053884,-1.8526120636290855,-2.3969342988992595,-2.4783723976817664,-1.3470495258166495,0.2594836670179137,-1.4459185107130317,-1.2101861608710927,-1.6991921320688446,-0.34953735061364605,-0.0,0.0,-0.0,16-18,Mother-Daughter,3.622,3.9375,0.5,0,0
F0783,15,W3,Western,99,0,Rural,1,Male,2,Female,40,13.2,4,4.92,4.43,3.47,4.21,3,3,3,3,2,4,3.0,2,1,1,2,2,1.6,2,2,2,1,2,1.8,2.25,3,4,4,3,3,4,3.5,3,3,2,2,2,2.4,2,1,1,2,2,1.6,2.55,4,3,3,4,3.5,-0.46175734994505635,-1.9655288434813643,-1.0250492027335814,-1.708052952989071,0.40998374556514644,-1.1588694495952054,-0.9593452637191285,-0.6968041855679322,-0.199781044509319,0.8487220625215385,0.8142784810666147,-0.35118267481346305,1.3450392752037101,-1.2670495258166494,-0.2405163329820863,-0.4459185107130317,-2.6101861608710926,-1.0991921320688445,0.3047461056561118,-0.0,-0.0,0.0,12-15,Father-Daughter,3.5144,3.74,0.44,0,1
F0785,18,W6,Western,120,0,Rural,2,Female,2,Female,46,14.8,2,2.27,3.14,3.45,2.92,6,4,5,5,5,5,5.0,2,3,2,3,4,2.8,3,2,3,2,3,2.6,3.38,3,3,3,3,3,4,3.17,2,3,3,3,3,2.8,1,1,2,1,1,1.2,2.22,1,2,1,1,1.25,1.6092818146175363,-1.061901873292198,-0.27901096404693065,-0.1847503530897925,0.04463818092897921,-0.820756995916424,-1.3705551351145455,-1.0854108151834694,-2.0687075517974836,-1.2716918843613245,-1.2581846530643808,-0.3782787228145994,-0.866710078169503,-0.13704952581664953,-2.4905163329820863,1.5540814892869683,-1.4101861608710928,-0.29919213206884443,0.34132408247381574,-0.0,-0.0,0.0,12-15,Mother-Daughter,3.4250000000000003,3.1354166666666665,0.4166666666666667,0,1
F0786,18,W6,Western,126,0,Rural,2,Female,1,Male,56,25.6,1,2.93,4.33,3.87,2.65,4,4,4,4,5,4,4.17,3,3,2,2,3,2.6,3,2,3,2,2,2.4,2.86,3,4,2,2,3,3,2.83,3,3,3,4,3,3.2,3,3,3,4,3,3.2,3.17,5,4,5,5,4.75,0.7498005613240603,-1.2125063683237256,-0.4655205237185935,-0.8857391601230888,-0.33177846142343526,-0.4826445422376423,0.685494221862539,0.03330523977035085,0.8385114595396613,-0.7435887881565358,0.6536224241572357,0.19073828520926436,-1.3296343614336639,-0.6570495258166495,1.0094836670179137,0.7240814892869682,-1.6101861608710926,-0.4991921320688446,-0.6632807647337727,-0.0,0.0,-0.0,23-25,Mother-Son,3.7065217391304346,3.989130434782609,0.5652173913043478,0,1
F0787,8,C2,Central,53,0,Rural,1,Male,1,Male,46,17.0,2,4.42,2.95,2.41,3.09,1,2,2,1,1,1,1.33,3,2,3,2,3,2.6,1,1,2,2,2,1.6,1.79,2,4,2,3,3,3,2.83,2,4,4,3,3,3.2,2,2,1,1,2,1.6,2.3,4,3,4,3,3.5,-2.191075052354821,-1.2125063683237256,-1.2115587624052442,-2.32815843613391,-0.33177846142343526,-0.4826445422376423,-0.9593452637191285,-0.9912031473978851,-0.199781044509319,0.4486439593360926,-1.5634311611922018,-1.787273218873691,-0.5752392331513277,-1.7270495258166494,-0.2405163329820863,-2.1159185107130316,-1.6101861608710926,-1.2991921320688444,0.4153836188278715,-0.0,-0.0,0.0,16-18,Father-Son,3.6231578947368424,3.8026315789473686,0.5789473684210527,1,0
F0788,6,E6,Eastern,42,0,Rural,1,Male,2,Female,47,16.7,2,3.85,3.18,3.09,3.67,3,3,2,3,4,3,3.0,3,3,4,3,3,3.2,3,2,2,2,2,2.2,3.15,2,2,2,2,2,2,2.0,2,2,2,2,2,2.0,1,1,1,2,1,1.2,1.93,3,3,2,3,2.75,-0.46175734994505635,-0.7606928832291425,-0.6520300833902559,-0.494803094662212,-1.250677911871977,-1.4969819032739868,-1.3705551351145455,-1.426913610906215,-0.8227565469387071,-0.0074450782953155645,-1.193922230300629,-0.8660075868350546,0.4191907086753883,-0.3670495258166495,-0.9905163329820863,-0.4459185107130317,-1.0101861608710925,-0.6991921320688443,0.3635685503347213,-0.0,-0.0,0.0,16-18,Father-Daughter,3.636060606060606,3.909090909090909,0.5757575757575758,0,0
F0791,12,C6,Central,80,0,Rural,1,Male,1,Male,46,15.8,2,4.55,4.09,3.92,3.52,5,5,5,5,5,5,5.0,3,3,3,3,4,3.2,1,1,2,1,1,1.2,3.02,3,2,4,2,4,2,2.83,1,2,2,2,2,1.8,1,2,2,2,2,1.8,2.38,3,4,4,3,3.5,1.6092818146175363,-0.7606928832291425,-1.5845778817485696,-0.6700502964205359,-0.33177846142343526,-1.6660381301133775,-0.7537403280214202,-0.8969954796123001,-0.199781044509319,0.5526642661643084,0.2680478875747245,0.2584784052121051,0.16201055130641023,-0.4970495258166494,-0.2405163329820863,1.5540814892869683,-1.0101861608710925,-1.6991921320688446,0.11954852925990535,-0.0,-0.0,0.0,12-15,Father-Son,3.4740625,3.40625,0.53125,1,0
F0792,3,E3,Eastern,21,0,Rural,2,Female,2,Female,55,22.5,4,3.7,4.0,4.15,3.16,5,4,4,4,5,4,4.33,2,2,1,2,3,2.0,3,3,3,2,2,2.6,3.11,2,2,2,3,3,2,2.33,3,1,3,2,2,2.2,2,2,2,2,1,1.8,2.34,1,2,1,2,1.5,0.9154836944890679,-1.6643198534183088,-0.27901096404693065,-0.5487253105878502,-0.8853323472358098,-1.327925676434596,-0.7537403280214202,-0.9440993135050926,-1.8610490509876876,-0.12746850925094924,0.1234574363562831,0.570082957225174,-0.4552218263791374,-0.40704952581664955,-2.2405163329820863,0.8840814892869684,-2.2101861608710927,-0.29919213206884443,0.9120011109248167,-0.0,-0.0,0.0,19-22,Mother-Daughter,3.367142857142857,3.4107142857142856,0.6071428571428571,0,0
F0795,18,W6,Western,125,0,Rural,2,Female,1,Male,45,22.0,3,4.26,3.34,2.29,2.97,3,2,2,3,2,3,2.5,4,4,4,5,5,4.4,3,3,2,3,3,2.8,3.38,3,2,2,3,3,3,2.67,4,4,5,3,3,3.8,4,4,3,3,4,3.6,3.43,6,5,5,5,5.25,-0.9795171410857045,0.1429340869600239,-0.09250140437526819,-0.1847503530897925,-0.5089157048833953,0.02452413828052955,1.0967040932579557,0.339480160073502,1.2538284611592534,0.3206189663167498,-0.9368725392456222,-1.9498495068805093,-0.7809833590465097,-0.13704952581664953,1.5094836670179137,-0.9459185107130317,0.1898138391289077,-0.0991921320688447,-0.20687402079278236,-0.0,0.0,-0.0,19-22,Mother-Son,3.3248,3.98,0.4,0,1
F0796,9,C3,Central,59,0,Rural,2,Female,2,Female,51,24.6,3,2.46,3.16,2.94,2.79,3,3,3,3,3,2,2.83,1,2,2,2,2,1.8,2,2,1,1,2,1.6,2.16,1,3,2,2,2,2,2.0,2,2,2,1,2,1.8,1,2,1,1,2,1.4,2.01,2,3,3,4,3.0,-0.6377956789328766,-1.8149243484498367,-1.2115587624052442,-1.8293779388217566,-1.250677911871977,-1.6660381301133775,-1.1649501994168372,-1.3327059431206303,-0.6150980461289112,-1.1196622051508551,-1.2260534416825049,-1.0692279468435772,-1.089599547889284,-1.3570495258166493,-0.7405163329820863,-0.6159185107130316,-2.410186160871093,-1.2991921320688444,1.0049173385328243,-0.0,-0.0,0.0,23-25,Mother-Daughter,3.4848000000000003,3.6,0.56,1,0
F0799,1,E1,Eastern,6,0,Rural,2,Female,2,Female,47,17.1,3,4.25,3.78,2.24,2.08,3,2,2,3,2,1,2.17,2,2,2,2,2,2.0,3,3,3,3,3,3.0,2.39,3,3,3,2,3,2,2.67,3,4,3,3,3,3.2,4,3,3,3,3,3.2,3.19,4,4,4,4,4.0,-1.3212386032385324,-1.6643198534183088,0.09400815529639468,-1.5193251972493371,-0.5089157048833953,-0.4826445422376423,0.685494221862539,0.0568571567167471,0.21553595711027312,0.3126174042530411,-0.22998588884435223,-2.01758962688335,-2.306918959435781,-1.1270495258166493,0.2594836670179137,-1.2759185107130318,-2.2101861608710927,0.10080786793115548,-0.29245094386970494,-0.0,0.0,-0.0,16-18,Mother-Daughter,3.266111111111111,3.9722222222222223,0.5555555555555556,0,0
F0800,5,E5,Eastern,35,0,Rural,2,Female,2,Female,42,12.6,3,3.01,3.52,3.79,3.18,3,4,3,3,3,3,3.17,3,4,3,4,3,3.4,3,2,1,3,2,2.2,3.03,3,2,2,3,1,2,2.17,2,3,2,3,2,2.4,2,1,1,1,1,1.2,1.83,1,2,1,1,1.25,-0.285719020957236,-0.610088388197615,-0.6520300833902559,-0.6565697424391267,-1.0624695906957697,-1.1588694495952054,-1.3705551351145455,-1.544673195638196,-2.0687075517974836,-0.6795762916468648,-0.6476916368087388,0.08235409320471876,-0.42093113872994026,-0.4870495258166496,-2.4905163329820863,-0.27591851071303175,-0.8101861608710927,-0.6991921320688443,1.213004799017546,-0.0,-0.0,0.0,12-15,Mother-Daughter,3.447777777777778,3.6944444444444446,0.4444444444444444,0,0
F0802,7,C1,Central,43,0,Rural,1,Male,2,Female,45,15.8,2,4.26,3.86,3.81,2.49,2,3,3,2,2,3,2.5,1,1,1,1,1,1.0,5,4,5,4,5,4.6,2.59,3,2,2,3,2,1,2.17,1,1,1,2,1,1.2,3,3,3,2,3,2.8,1.9,3,2,4,4,3.25,-0.9795171410857045,-2.4173423285759474,1.5860846326696958,-1.2497141176211466,-1.0624695906957697,-2.1732068106315494,0.2742843504671218,-1.4622414863258093,-0.4074395453191151,0.3206189663167498,-0.10146104331684848,0.10945014120585517,-1.6039598626272402,-0.9270495258166496,-0.4905163329820863,-0.9459185107130317,-3.2101861608710927,1.7008078679311551,0.4547329338963649,-0.0,-0.0,0.0,12-15,Father-Daughter,3.569130434782609,3.510869565217391,0.43478260869565216,1,0
F0806,11,C5,Central,74,0,Rural,1,Male,1,Male,59,25.4,2,2.97,3.0,2.97,2.41,3,3,3,4,3,3,3.17,2,2,2,2,3,2.2,2,1,1,1,1,1.2,1.95,3,4,3,2,2,2,2.67,3,3,2,3,2,2.6,1,2,1,2,2,1.6,2.32,3,3,1,2,2.25,-0.285719020957236,-1.513715358386781,-1.5845778817485696,-2.1124695724313574,-0.5089157048833953,-0.9898132227558145,-0.9593452637191285,-0.9676512304514888,-1.2380735485582992,-0.7115825399017002,-1.4831031327375124,-1.0285838748418723,-1.7411226132240287,-1.5670495258166495,-1.4905163329820863,-0.27591851071303175,-2.0101861608710925,-1.6991921320688446,2.3357129128215495,-0.0,-0.0,0.0,23-25,Father-Son,3.5776470588235294,3.7058823529411766,0.7058823529411765,1,0
F0807,3,E3,Eastern,21,0,Rural,1,Male,2,Female,49,22.3,3,2.93,4.0,4.15,3.16,4,4,6,4,3,4,4.17,1,2,2,2,2,1.8,3,2,2,3,3,2.6,2.79,2,3,4,3,4,3,3.17,3,2,2,3,3,2.6,4,2,4,3,3,3.2,3.18,4,5,4,5,4.5,0.7498005613240603,-1.8149243484498367,-0.27901096404693065,-0.9801030379929554,0.04463818092897921,-0.9898132227558145,0.685494221862539,0.04508119824354924,0.6308529587298652,-0.7435887881565358,0.1234574363562831,0.570082957225174,-0.4552218263791374,-0.7270495258166494,0.7594836670179137,0.7240814892869682,-2.410186160871093,-0.29919213206884443,-0.5521822399708642,-0.0,0.0,-0.0,19-22,Father-Daughter,3.367142857142857,3.4107142857142856,0.6071428571428571,0,0
F0809,9,C3,Central,62,0,Rural,2,Female,2,Female,51,20.9,3,3.3,3.76,3.41,3.26,4,3,4,3,3,4,3.5,3,3,2,2,2,2.4,3,3,3,3,2,2.8,2.95,3,3,2,4,2,4,3.0,3,2,3,3,3,2.8,1,2,2,2,2,1.8,2.6,3,4,4,4,3.75,0.05600244119559184,-1.3631108633552536,-0.09250140437526819,-0.7644141742904025,-0.14357014024722803,-0.820756995916424,-0.7537403280214202,-0.6379243932019414,0.007877456300477073,-0.4475309917993062,-0.2621171002262282,-0.4324708188168722,-0.28376838813315247,-0.5670495258166492,0.0094836670179137,0.05408148928696832,-1.8101861608710927,-0.0991921320688447,-0.005377708885510959,-0.0,0.0,-0.0,19-22,Mother-Daughter,3.4633333333333334,3.6944444444444446,0.5,1,0
F0810,15,W3,Western,105,0,Rural,1,Male,2,Female,42,12.7,2,4.12,3.95,4.18,3.72,2,3,3,2,3,3,2.67,5,5,5,5,4,4.8,2,1,2,1,1,1.4,3.29,3,2,3,2,3,3,2.67,3,3,4,3,2,3.0,1,2,1,1,1,1.2,2.27,2,2,3,2,2.25,-0.8034788120978842,0.4441430770230789,-1.398068322076907,-0.30607533892247824,-0.5089157048833953,-0.6517007690770332,-1.3705551351145455,-1.026531022817479,-1.2380735485582992,0.2085970974248252,0.04312940790159361,0.6107270292268776,0.5049174277983816,-0.2270495258166494,-1.4905163329820863,-0.7759185107130318,0.5898138391289072,-1.4991921320688446,0.3384210266255538,-0.0,-0.0,0.0,12-15,Father-Daughter,3.337037037037037,3.1203703703703702,0.5555555555555556,0,1
F0813,6,E6,Eastern,41,0,Rural,2,Female,2,Female,49,20.1,3,4.94,3.21,4.31,2.5,4,4,5,3,4,4,4.0,5,4,4,5,5,4.6,3,4,2,3,2,2.8,3.83,3,1,3,2,2,2,2.17,3,2,4,3,3,3.0,1,1,2,1,1,1.2,2.21,1,1,1,1,1.0,0.57376223233624,0.2935385819915511,-0.09250140437526819,0.42187457607363726,-1.0624695906957697,-0.6517007690770332,-1.3705551351145455,-1.0971867736566678,-2.2763660526072798,0.8647251866489566,-1.1457254132278154,0.7868513412342639,-1.586814518802642,0.31295047418335065,-2.7405163329820863,0.5540814892869683,0.389813839128907,-0.0991921320688447,-0.8576458859139612,0.0,-0.0,-0.0,19-22,Mother-Daughter,3.464090909090909,3.465909090909091,0.5454545454545454,0,0
F0814,11,C5,Central,71,0,Rural,2,Female,1,Male,54,25.9,4,1.63,3.96,2.82,4.02,2,2,3,2,2,2,2.17,4,5,4,5,5,4.6,1,1,1,2,2,1.4,2.88,1,2,2,2,4,2,2.17,4,3,4,4,3,3.6,3,2,1,2,2,2.0,2.45,5,5,5,5,5.0,-1.3212386032385324,0.2935385819915511,-1.398068322076907,-0.8587780521602697,-1.0624695906957697,-0.14453208855886093,-0.5481353923237118,-0.8145637702999129,1.0461699603494574,-1.7837918564386954,0.05919501359253122,-1.2318042348503957,1.019277742536337,-0.6370495258166495,1.2594836670179137,-1.2759185107130318,0.389813839128907,-1.4991921320688446,-0.8023534728475769,-0.0,0.0,-0.0,23-25,Mother-Son,3.4165217391304346,3.782608695652174,0.6086956521739131,1,0
F0816,13,W1,Western,89,0,Rural,2,Female,2,Female,51,12.9,3,3.4,3.01,3.49,2.63,1,2,1,1,2,1,1.33,7,4,5,5,5,5.2,2,1,3,2,2,2.0,2.67,3,1,2,2,3,3,2.33,5,4,5,5,5,4.8,2,2,2,2,1,1.8,3.0,3,3,2,3,2.75,-2.191075052354821,0.7453520670861346,-0.8385396430619187,-1.14186968576987,-0.8853323472358098,0.8698052724774832,-0.7537403280214202,-0.16688605427401695,-0.8227565469387071,-0.367515371162217,-1.4670375270465748,-0.32408662681232664,-1.363925049082861,-0.8470495258166495,-0.9905163329820863,-2.1159185107130316,0.9898138391289075,-0.8991921320688445,0.8390163901661227,-0.0,-0.0,0.0,12-15,Mother-Daughter,3.5733333333333337,3.8425925925925926,0.6296296296296297,0,1
F0819,9,C3,Central,59,0,Rural,2,Female,2,Female,46,18.8,3,3.69,3.16,2.94,2.79,2,2,3,3,2,2,2.33,5,5,5,5,5,5.0,3,3,3,3,4,3.2,3.44,2,1,2,3,1,2,1.83,4,3,3,2,3,3.0,1,1,1,1,2,1.2,2.0,1,2,1,1,1.25,-1.1555554700735249,0.5947475720546067,0.28051771496805755,-0.10386702920133516,-1.4388862330481842,-0.6517007690770332,-1.3705551351145455,-1.344481901593828,-2.0687075517974836,-0.13547007131465835,-1.2260534416825049,-1.0692279468435772,-1.089599547889284,-0.07704952581664948,-2.4905163329820863,-1.1159185107130316,0.7898138391289073,0.30080786793115566,0.19189310249489044,-0.0,-0.0,0.0,16-18,Mother-Daughter,3.4848000000000003,3.6,0.56,1,0
F0820,13,W1,Western,87,0,Rural,2,Female,2,Female,41,15.3,4,4.05,3.74,3.03,3.07,2,3,4,2,4,3,3.0,3,3,3,2,2,2.6,1,1,1,1,1,1.0,2.26,3,2,2,2,2,2,2.17,3,4,4,3,4,3.6,2,1,2,2,2,1.8,2.23,4,3,2,4,3.25,-0.46175734994505635,-1.2125063683237256,-1.7710874414202322,-1.6945723990076615,-1.0624695906957697,-0.14453208855886093,-0.7537403280214202,-1.0736348567102716,-0.4074395453191151,0.15258616297886257,-0.2942483116081034,-0.9472957308384639,-0.6095299208005248,-1.2570495258166496,-0.4905163329820863,-0.4459185107130317,-1.6101861608710926,-1.8991921320688445,0.6166033237804533,-0.0,-0.0,0.0,12-15,Mother-Daughter,3.35,3.0357142857142856,0.42857142857142855,0,1
F0821,6,E6,Eastern,41,0,Rural,2,Female,2,Female,52,24.5,2,3.83,3.21,4.31,2.5,4,4,4,3,3,3,3.5,4,4,3,3,3,3.4,3,4,3,2,3,3.0,3.18,2,3,3,1,3,3,2.5,3,3,4,3,3,3.2,2,2,1,2,3,2.0,2.57,4,2,3,4,3.25,0.05600244119559184,-0.610088388197615,0.09400815529639468,-0.454361432717983,-0.6971240260596026,-0.4826445422376423,-0.5481353923237118,-0.673252268621536,-0.4074395453191151,-0.023448202422733412,-1.1457254132278154,0.7868513412342639,-1.586814518802642,-0.33704952581664926,-0.4905163329820863,0.05408148928696832,-0.8101861608710927,0.10080786793115548,0.16532829743693384,-0.0,-0.0,0.0,23-25,Mother-Daughter,3.464090909090909,3.465909090909091,0.5454545454545454,0,0
F0825,12,C6,Central,84,0,Rural,2,Female,2,Female,54,24.4,1,1.0,3.46,2.93,3.01,4,4,4,4,3,2,3.5,4,5,6,6,6,5.4,3,1,2,3,2,2.2,3.55,2,2,3,3,2,3,2.5,4,4,4,4,4,4.0,3,3,3,3,3,3.0,3.25,4,4,4,4,4.0,0.05600244119559184,0.8959565621176624,-0.6520300833902559,0.04441906459416966,-0.6971240260596026,0.1935803651199204,0.4798892861648304,0.12751290755593583,0.21553595711027312,-2.287890266452357,-0.7440852709543665,-1.0827759708441451,-0.7124019837481163,0.0329504741833504,0.2594836670179137,0.05408148928696832,1.1898138391289077,-0.6991921320688443,0.008550109871074857,0.0,0.0,0.0,23-25,Mother-Daughter,3.320909090909091,3.897727272727273,0.45454545454545453,1,0
F0826,6,E6,Eastern,37,0,Rural,2,Female,1,Male,42,14.7,4,3.04,3.39,3.05,2.85,4,3,4,5,5,5,4.33,2,2,2,2,1,1.8,2,2,3,3,2,2.4,2.96,3,3,4,3,3,3,3.17,1,2,2,2,1,1.6,1,3,3,2,3,2.4,2.3,3,3,3,4,3.25,0.9154836944890679,-1.8149243484498367,-0.4655205237185935,-0.7509336203089932,0.04463818092897921,-1.8350943569527682,-0.13692552092829502,-0.9912031473978851,-0.4074395453191151,-0.6555716054557379,-0.856544510790932,-0.9201996828373274,-0.9867274849416925,-0.5570495258166495,-0.4905163329820863,0.8840814892869684,-2.410186160871093,-0.4991921320688446,0.27324189069299293,-0.0,-0.0,0.0,12-15,Mother-Son,3.7880000000000003,3.86,0.6,0,0
F0827,10,C4,Central,66,0,Rural,1,Male,1,Male,45,16.8,5,3.81,4.29,4.3,3.24,4,4,3,4,4,4,3.83,5,5,5,5,4,4.8,3,3,1,2,2,2.2,3.5,3,3,3,2,3,3,2.83,4,4,4,4,4,4.0,1,1,1,1,2,1.2,2.59,4,3,3,3,3.25,0.3977239033484197,0.4441430770230789,-0.6520300833902559,-0.02298370531287782,-0.33177846142343526,0.1935803651199204,-1.3705551351145455,-0.6497003516751397,-0.4074395453191151,-0.03945132655015126,0.5893600013934839,0.773303317233696,-0.3180590757823488,-0.017049525816649425,-0.4905163329820863,0.3840814892869684,0.5898138391289072,-0.6991921320688443,0.008363070882666286,-0.0,-0.0,0.0,16-18,Father-Son,3.546666666666667,3.425925925925926,0.4444444444444444,1,0
F0828,1,E1,Eastern,6,0,Rural,1,Male,1,Male,43,16.9,2,2.23,3.78,2.24,2.08,5,4,4,4,4,4,4.17,4,5,5,5,5,4.8,2,4,2,3,2,2.6,4.06,3,3,4,4,3,3,3.33,3,4,3,4,3,3.4,3,3,3,3,3,3.0,3.31,4,5,4,5,4.5,0.7498005613240603,0.4441430770230789,-0.27901096404693065,0.7319273176460561,0.2217754243889392,-0.3135883153982518,0.4798892861648304,0.19816865839512457,0.6308529587298652,-1.3036981326161603,-0.22998588884435223,-2.01758962688335,-2.306918959435781,0.5429504741833502,0.7594836670179137,0.7240814892869682,0.5898138391289072,-0.29919213206884443,0.41236201714188586,0.0,0.0,0.0,16-18,Father-Son,3.266111111111111,3.9722222222222223,0.5555555555555556,0,0
F0830,11,C5,Central,76,0,Rural,1,Male,1,Male,41,13.4,3,3.67,3.68,3.43,3.19,3,3,3,3,3,2,2.83,4,4,4,4,4,4.0,2,2,4,2,2,2.4,3.38,2,2,2,2,2,2,2.0,4,4,4,2,4,3.6,1,1,1,1,2,1.2,2.08,3,2,2,2,2.25,-0.6377956789328766,-0.15827490310303177,-0.4655205237185935,-0.1847503530897925,-1.250677911871977,-0.14453208855886093,-1.3705551351145455,-1.250274233808243,-1.2380735485582992,-0.15147319544207621,-0.39064194575373123,-0.4053747708157358,-0.40378579490534205,-0.13704952581664953,-1.4905163329820863,-0.6159185107130316,-0.21018616087109265,-0.4991921320688446,0.20427455665716623,-0.0,-0.0,0.0,12-15,Father-Son,3.7304000000000004,3.26,0.64,1,0
F0831,16,W4,Western,112,0,Rural,2,Female,2,Female,45,15.7,2,5.12,3.61,3.08,3.45,3,2,2,2,3,3,2.5,3,4,3,3,3,3.2,4,4,4,4,5,4.2,3.1,1,2,2,2,1,3,1.83,2,2,1,2,2,1.8,1,1,1,1,1,1.0,1.62,2,2,1,1,1.5,-0.9795171410857045,-0.7606928832291425,1.213065513326371,-0.5622058645692595,-1.4388862330481842,-1.6660381301133775,-1.576160070812254,-1.7919683235753563,-1.8610490509876876,1.0087533037957168,-0.5031011855902974,-0.8795556108356225,0.04199314453422065,-0.41704952581664934,-2.2405163329820863,-0.9459185107130317,-1.0101861608710925,1.3008078679311557,0.9344062742546371,-0.0,-0.0,0.0,12-15,Mother-Daughter,3.465,3.9166666666666665,0.3333333333333333,0,1
F0832,5,E5,Eastern,31,0,Rural,1,Male,1,Male,42,18.2,3,2.59,3.0,2.58,2.5,3,4,3,4,4,4,3.67,4,4,4,4,4,4.0,2,3,3,3,1,2.4,3.6,1,2,1,1,2,1,1.33,1,2,1,2,3,1.8,1,1,1,1,1,1.0,1.5,1,1,1,2,1.25,0.23204077018341215,-0.15827490310303177,-0.4655205237185935,0.11182183450121774,-1.9924401188605587,-1.6660381301133775,-1.576160070812254,-1.9332798252537338,-2.0687075517974836,-1.0156418983226394,-1.4831031327375124,-1.556956810864032,-1.586814518802642,0.08295047418335066,-2.4905163329820863,0.22408148928696825,-0.21018616087109265,-0.4991921320688446,-0.20658951078224372,0.0,-0.0,-0.0,16-18,Father-Son,3.7276470588235293,3.5441176470588234,0.7647058823529411,0,0
F0834,9,C3,Central,61,0,Rural,1,Male,1,Male,36,12.1,4,2.01,3.55,2.98,3.67,5,5,4,4,4,4,4.33,3,4,4,3,4,3.6,3,2,3,2,3,2.6,3.24,3,5,4,3,2,3,3.33,2,2,3,3,3,2.6,3,3,3,2,1,2.4,2.69,5,3,4,4,4.0,0.9154836944890679,-0.4594838931660871,-0.27901096404693065,-0.3734781088295257,0.2217754243889392,-0.9898132227558145,-0.13692552092829502,-0.5319407669431585,0.21553595711027312,-1.4797324980177566,-0.5994948197359252,-1.0150358508413044,0.4191907086753883,-0.2770495258166492,0.2594836670179137,0.8840814892869684,-0.6101861608710926,-0.29919213206884443,-0.07188982690447829,-0.0,0.0,-0.0,12-15,Father-Son,3.3058333333333336,3.7083333333333335,0.375,1,0
F0840,16,W4,Western,110,0,Rural,2,Female,2,Female,45,17.0,3,4.71,3.88,3.51,2.65,3,3,5,3,3,3,3.33,3,3,4,3,4,3.4,5,5,4,4,4,4.4,3.7,2,2,1,2,1,2,1.67,2,3,2,2,3,2.4,2,2,1,1,1,1.4,1.78,1,3,2,2,2.0,-0.12003588779222847,-0.610088388197615,1.3995750729980339,0.2466273743153133,-1.6160234765081443,-1.1588694495952054,-1.1649501994168372,-1.6035529880041866,-1.4457320493680954,0.6806892591836512,-0.06932983193497254,-0.29699057881119084,-1.3296343614336639,0.18295047418335075,-1.7405163329820863,-0.11591851071303161,-0.8101861608710927,1.5008078679311558,-0.3184282884429395,0.0,-0.0,-0.0,16-18,Mother-Daughter,3.667333333333333,3.941666666666667,0.5333333333333333,0,1
F0844,5,E5,Eastern,32,0,Rural,2,Female,1,Male,48,19.1,2,4.72,3.47,4.33,4.2,4,3,3,4,3,3,3.33,5,3,2,4,4,3.6,2,3,2,3,2,2.4,3.14,3,2,3,3,3,3,2.83,3,4,3,4,3,3.4,3,2,4,3,3,3.0,2.94,3,4,3,4,3.5,-0.12003588779222847,-0.4594838931660871,-0.4655205237185935,-0.5082836486436213,-0.33177846142343526,-0.3135883153982518,0.4798892861648304,-0.2375418051132057,-0.199781044509319,0.6886908212473599,-0.7280196652634282,0.8139473892354009,1.3278939313791118,-0.3770495258166493,-0.2405163329820863,-0.11591851071303161,-0.6101861608710926,-0.4991921320688446,0.09068656930205497,-0.0,-0.0,0.0,19-22,Mother-Son,3.5572000000000004,3.65,0.56,0,0
F0845,5,E5,Eastern,32,0,Rural,1,Male,1,Male,45,18.7,5,1.61,3.47,4.33,4.2,3,3,4,3,3,3,3.17,5,5,6,5,6,5.4,2,2,2,2,2,2.0,3.35,3,3,2,3,2,3,2.67,3,5,4,4,4,4.0,2,2,2,2,4,2.4,3.04,5,4,5,4,4.5,-0.285719020957236,0.8959565621176624,-0.8385396430619187,-0.22519201503402086,-0.5089157048833953,0.1935803651199204,-0.13692552092829502,-0.11978222038122448,0.6308529587298652,-1.7997949805661129,-0.7280196652634282,0.8139473892354009,1.3278939313791118,-0.16704952581664934,0.7594836670179137,-0.27591851071303175,1.1898138391289077,-0.8991921320688445,-0.12687138644083248,-0.0,0.0,-0.0,16-18,Father-Son,3.5572000000000004,3.65,0.56,0,0
F0846,11,C5,Central,72,0,Rural,1,Male,1,Male,39,12.4,3,2.59,4.17,3.75,3.55,4,3,2,2,3,3,2.83,3,3,3,2,3,2.8,3,4,4,2,2,3.0,2.83,3,1,1,2,2,2,1.83,3,2,2,2,2,2.2,1,1,1,1,2,1.2,1.65,2,2,2,3,2.25,-0.6377956789328766,-1.061901873292198,0.09400815529639468,-0.9261808220673172,-1.4388862330481842,-1.327925676434596,-1.3705551351145455,-1.7566404481557623,-1.2380735485582992,-1.0156418983226394,0.39657273310222824,0.028161997202445964,0.21344658278020553,-0.6870495258166494,-1.4905163329820863,-0.6159185107130316,-1.4101861608710928,0.10080786793115548,1.0240585397973134,-0.0,-0.0,0.0,12-15,Father-Son,3.5436,3.8,0.64,1,0
F0848,8,C2,Central,53,0,Rural,2,Female,1,Male,48,18.9,3,2.07,2.95,2.41,3.09,3,4,3,3,3,3,3.17,6,6,6,6,5,5.8,4,4,4,3,4,3.8,4.13,3,2,2,2,2,3,2.33,3,3,4,4,4,3.6,2,2,3,2,2,2.2,2.88,3,4,3,4,3.5,-0.285719020957236,1.1971655521807174,0.8400463939830453,0.8262911955159233,-0.8853323472358098,-0.14453208855886093,-0.3425304566260032,-0.30819755595239445,-0.199781044509319,-1.431723125635503,-1.5634311611922018,-1.787273218873691,-0.5752392331513277,0.6129504741833505,-0.2405163329820863,-0.27591851071303175,1.5898138391289072,0.9008078679311553,-0.1474246003502104,0.0,-0.0,-0.0,16-18,Mother-Son,3.6231578947368424,3.8026315789473686,0.5789473684210527,1,0
F0852,9,C3,Central,57,0,Rural,2,Female,1,Male,43,15.6,2,1.23,3.34,3.02,2.26,4,4,4,4,3,4,3.83,3,4,4,3,4,3.6,1,1,1,2,1,1.2,3.07,3,4,4,4,4,4,3.83,5,6,5,5,5,5.2,2,2,2,2,3,2.2,4.01,5,6,5,6,5.5,0.3977239033484197,-0.4594838931660871,-1.5845778817485696,-0.6026475265134884,0.7753293102013137,1.2079177261562648,-0.3425304566260032,1.022485751518992,1.4614869619690496,-2.103854338987052,-0.9368725392456222,-0.9608437548390317,-1.9983027705930074,-0.4470495258166496,1.7594836670179137,0.3840814892869684,-0.6101861608710926,-1.6991921320688446,-0.7865763390224981,-0.0,0.0,-0.0,12-15,Mother-Son,3.637826086956522,3.869565217391304,0.5652173913043478,1,0
F0855,11,C5,Central,72,0,Rural,2,Female,1,Male,45,16.9,3,5.31,4.17,3.75,3.55,3,3,2,3,2,2,2.5,4,3,4,3,4,3.6,2,2,2,2,2,2.0,2.76,3,3,3,2,2,3,2.67,3,3,4,4,3,3.4,1,1,1,1,1,1.0,2.37,2,3,3,3,2.75,-0.9795171410857045,-0.4594838931660871,-0.8385396430619187,-1.0205446999371843,-0.5089157048833953,-0.3135883153982518,-1.576160070812254,-0.9087714380854979,-0.8227565469387071,1.160782983006186,0.39657273310222824,0.028161997202445964,0.21344658278020553,-0.7570495258166496,-0.9905163329820863,-0.9459185107130317,-0.6101861608710926,-0.8991921320688445,0.749869920197735,-0.0,-0.0,0.0,16-18,Mother-Son,3.5436,3.8,0.64,1,0
F0856,4,E4,Eastern,28,0,Rural,2,Female,1,Male,47,20.4,3,3.04,4.63,3.85,2.57,2,2,2,2,2,1,1.83,5,6,6,6,6,5.8,4,5,4,5,5,4.6,3.87,3,2,3,1,2,3,2.33,4,4,4,3,4,3.8,2,3,2,2,3,2.4,2.79,3,4,3,3,3.25,-1.673315261214173,1.1971655521807174,1.5860846326696958,0.4757967919992755,-0.8853323472358098,0.02452413828052955,-0.13692552092829502,-0.4141811822111773,-0.4074395453191151,-0.6555716054557379,1.1355905948853742,0.16364223720812796,-1.4667971120304524,0.3529504741833507,-0.4905163329820863,-1.6159185107130316,1.5898138391289072,1.7008078679311551,-0.1731279723207057,0.0,-0.0,-0.0,19-22,Mother-Son,3.8549999999999995,3.6,0.7,0,0
F0857,17,W5,Western,115,0,Rural,2,Female,2,Female,48,18.4,1,3.46,3.3,3.31,3.44,4,4,4,3,4,5,4.0,4,3,3,4,4,3.6,1,2,1,1,1,1.2,3.02,3,4,3,3,4,3,3.33,2,2,2,2,2,2.0,2,2,1,1,2,1.6,2.11,3,1,2,3,2.25,0.57376223233624,-0.4594838931660871,-1.5845778817485696,-0.6700502964205359,0.2217754243889392,-1.4969819032739868,-0.9593452637191285,-1.214946358388649,-1.2380735485582992,-0.31950599877996344,-1.0011349620093741,-0.5679510588225543,0.024847800709621705,-0.4970495258166494,-1.4905163329820863,0.5540814892869683,-0.6101861608710926,-1.6991921320688446,0.7408604365307171,-0.0,-0.0,0.0,16-18,Mother-Daughter,3.5508333333333333,3.8125,0.6666666666666666,0,1
F0858,5,E5,Eastern,31,0,Rural,2,Female,2,Female,47,18.5,4,2.04,3.0,2.58,2.5,3,2,1,3,2,3,2.33,4,3,3,3,4,3.4,3,3,4,3,4,3.4,3.05,2,2,2,2,2,1,1.83,3,2,3,2,1,2.2,2,2,2,2,1,1.8,2.04,3,1,1,3,2.0,-1.1555554700735249,-0.610088388197615,0.46702727463972,-0.6296086344763075,-1.4388862330481842,-1.327925676434596,-0.7537403280214202,-1.2973780677010356,-1.4457320493680954,-1.4557278118266297,-1.4831031327375124,-1.556956810864032,-1.586814518802642,-0.4670495258166496,-1.7405163329820863,-1.1159185107130316,-0.8101861608710927,0.5008078679311554,0.8129073279954172,-0.0,-0.0,0.0,16-18,Mother-Daughter,3.7276470588235293,3.5441176470588234,0.7647058823529411,0,0
F0859,3,E3,Eastern,20,0,Rural,1,Male,2,Female,40,14.2,3,2.4,3.17,3.14,3.88,2,4,3,3,2,3,2.83,5,7,5,5,5,5.4,2,3,2,3,2,2.4,3.56,3,2,2,3,2,2,2.33,4,4,4,4,3,3.8,2,1,1,1,2,1.4,2.49,2,3,3,1,2.25,-0.6377956789328766,0.8959565621176624,-0.4655205237185935,0.057899618575579515,-0.8853323472358098,0.02452413828052955,-1.1649501994168372,-0.7674599364071204,-1.2380735485582992,-1.1676715775331088,-1.2099878359915672,-0.7982674668322133,0.7792429289919578,0.04295047418335063,-1.4905163329820863,-0.6159185107130316,1.1898138391289077,-0.4991921320688446,-0.06401838327960954,0.0,-0.0,-0.0,12-15,Father-Daughter,3.286111111111111,3.8055555555555554,0.5,0,0
F0861,15,W3,Western,102,0,Rural,1,Male,1,Male,50,18.4,3,5.57,3.12,1.74,2.85,1,1,1,2,2,1,1.33,6,5,5,5,5,5.2,1,1,2,1,2,1.4,2.61,2,1,2,2,2,1,1.67,3,3,3,2,3,2.8,3,2,3,2,1,2.2,2.17,3,2,3,2,2.5,-2.191075052354821,0.7453520670861346,-1.398068322076907,-1.2227530096583274,-1.6160234765081443,-0.820756995916424,-0.3425304566260032,-1.1442906075494603,-1.0304150477485032,1.3688235966626183,-1.290315864446257,-2.6949908269117597,-0.9867274849416925,-0.9070495258166495,-1.2405163329820863,-2.1159185107130316,0.9898138391289075,-1.4991921320688446,1.1252097515992103,-0.0,-0.0,0.0,16-18,Father-Son,3.3176923076923077,3.826923076923077,0.46153846153846156,0,1
F0863,10,C4,Central,70,0,Rural,1,Male,2,Female,42,14.0,4,2.68,3.76,4.15,2.89,3,4,4,4,4,4,3.83,1,2,1,1,1,1.2,1,1,2,1,2,1.4,2.43,4,2,2,3,3,3,2.83,3,2,3,3,3,2.8,3,1,1,1,1,1.4,2.58,3,3,4,4,3.5,0.3977239033484197,-2.2667378335444197,-1.398068322076907,-1.4654029813236988,-0.33177846142343526,-0.820756995916424,-1.1649501994168372,-0.6614763101483376,-0.199781044509319,-0.9436278397492588,-0.2621171002262282,0.570082957225174,-0.9181461096432982,-1.0870495258166493,-0.2405163329820863,0.3840814892869684,-3.0101861608710925,-1.4991921320688446,0.26145316571933624,-0.0,-0.0,0.0,12-15,Father-Daughter,3.5570833333333334,3.75,0.5416666666666666,1,0
F0866,3,E3,Eastern,15,0,Rural,1,Male,2,Female,47,14.4,2,4.65,4.68,4.44,3.04,4,5,6,4,5,5,4.83,3,2,4,3,3,3.0,4,3,3,3,3,3.2,3.69,4,3,4,5,4,5,4.17,4,3,4,4,3,3.6,2,1,2,1,1,1.4,3.14,4,5,5,4,4.5,1.433243485629716,-0.9112973782606704,0.28051771496805755,0.23314682033390347,1.1517459525537281,-0.14453208855886093,-1.1649501994168372,-0.002022635649243253,0.6308529587298652,0.632679886801398,1.2159186233400636,0.9629756532416515,-0.6609659522743202,0.17295047418335052,0.7594836670179137,1.3840814892869684,-1.2101861608710927,0.30080786793115566,0.13135306034525807,0.0,0.0,0.0,12-15,Father-Daughter,3.4895833333333335,3.5416666666666665,0.4166666666666667,0,0
F0867,2,E2,Eastern,13,0,Rural,1,Male,2,Female,40,12.5,2,3.25,4.03,2.56,3.11,2,2,4,2,3,3,2.67,5,4,3,4,4,4.0,3,2,2,2,3,2.4,3.05,2,2,2,2,2,2,2.0,5,4,4,4,5,4.4,2,2,2,2,2,2.0,2.54,3,3,3,3,3.0,-0.8034788120978842,-0.15827490310303177,-0.4655205237185935,-0.6296086344763075,-1.250677911871977,0.5316928187987021,-0.5481353923237118,-0.7085801440411301,-0.6150980461289112,-0.48753880211785067,0.17165425342909738,-1.5840528588651683,-0.5409485455021306,-0.4670495258166496,-0.7405163329820863,-0.7759185107130318,-0.21018616087109265,-0.4991921320688446,0.3458578021787676,-0.0,-0.0,0.0,12-15,Father-Daughter,3.4699999999999998,3.673076923076923,0.23076923076923078,0,0
F0871,7,C1,Central,45,0,Rural,2,Female,1,Male,41,16.1,3,2.3,2.97,3.01,3.44,3,2,2,3,2,3,2.5,6,5,4,5,5,5.0,3,4,3,2,3,3.0,3.41,2,2,2,2,2,2,2.0,3,4,3,3,3,3.2,2,2,3,3,3,2.6,2.76,4,5,5,3,4.25,-0.9795171410857045,0.5947475720546067,0.09400815529639468,-0.14430869114556352,-1.250677911871977,-0.4826445422376423,0.06867941476941361,-0.4495090576307719,0.4231944579200692,-1.247687198170198,-1.531299949810326,-0.9743917788396002,0.024847800709621705,-0.10704952581664928,0.5094836670179137,-0.9459185107130317,0.7898138391289073,0.10080786793115548,-0.0545399849655953,-0.0,0.0,-0.0,16-18,Mother-Son,3.4618181818181815,3.534090909090909,0.45454545454545453,1,0
F0873,15,W3,Western,104,0,Rural,2,Female,2,Female,45,20.4,4,2.5,3.99,3.85,4.17,2,2,2,1,2,3,2.0,4,4,6,4,5,4.6,4,4,5,5,5,4.6,3.55,2,2,2,2,3,2,2.17,3,3,3,3,3,3.0,2,3,3,2,2,2.4,2.54,2,2,3,3,2.5,-1.4972769322263526,0.2935385819915511,1.5860846326696958,0.04441906459416966,-1.0624695906957697,-0.6517007690770332,-0.13692552092829502,-0.7085801440411301,-1.0304150477485032,-1.0876559568960193,0.10739183066534548,0.16364223720812796,1.2764578999053158,0.0329504741833504,-1.2405163329820863,-1.4459185107130317,0.389813839128907,1.7008078679311551,-0.04087560140395074,0.0,-0.0,-0.0,19-22,Mother-Daughter,3.706875,4.109375,0.8125,0,1
F0874,7,C1,Central,48,0,Rural,2,Female,2,Female,42,16.0,2,1.49,2.93,2.64,3.34,3,3,4,3,4,3,3.33,6,6,7,5,5,5.8,1,1,1,1,1,1.0,3.17,2,2,3,4,3,2,2.67,4,5,4,4,3,4.0,1,2,2,1,1,1.4,2.77,2,3,4,2,2.75,-0.12003588779222847,1.1971655521807174,-1.7710874414202322,-0.46784198669939286,-0.5089157048833953,0.1935803651199204,-1.1649501994168372,-0.4377330991575735,-0.8227565469387071,-1.89581372533062,-1.595562372574078,-1.4756686668606227,-0.14660563753636396,-0.3470495258166495,-0.9905163329820863,-0.11591851071303161,1.5898138391289072,-1.8991921320688445,0.3437582236750795,-0.0,-0.0,0.0,16-18,Mother-Daughter,4.048421052631579,3.8552631578947367,0.6842105263157895,1,0
F0877,14,W2,Western,93,0,Rural,2,Female,2,Female,46,18.3,3,2.43,3.89,2.72,2.47,4,2,2,3,4,3,3.0,6,5,5,5,5,5.2,3,4,3,3,3,3.2,3.69,3,4,3,3,3,3,3.17,4,4,4,4,3,3.8,3,2,3,2,2,2.4,3.01,3,3,4,4,3.5,-0.46175734994505635,0.7453520670861346,0.28051771496805755,0.23314682033390347,0.04463818092897921,0.02452413828052955,-0.13692552092829502,-0.1551100958008191,-0.199781044509319,-1.1436668913419819,-0.053264226244034214,-1.367284474856077,-1.6382505502764373,0.17295047418335052,-0.2405163329820863,-0.4459185107130317,0.9898138391289075,0.30080786793115566,-0.041597413838092456,0.0,-0.0,-0.0,16-18,Mother-Daughter,3.3927272727272726,3.772727272727273,0.4090909090909091,0,1
F0880,9,C3,Central,60,0,Rural,2,Female,1,Male,44,14.0,3,4.84,3.55,2.66,3.38,3,3,2,2,3,3,2.67,4,4,5,4,5,4.4,2,2,1,1,1,1.4,2.59,2,2,3,3,1,2,2.17,5,3,3,2,3,3.2,1,1,1,1,1,1.0,1.91,3,4,3,4,3.5,-0.8034788120978842,0.1429340869600239,-1.398068322076907,-1.2497141176211466,-1.0624695906957697,-0.4826445422376423,-1.576160070812254,-1.4504655278526113,-0.199781044509319,0.784709566011867,-0.5994948197359252,-1.4485726188594863,-0.07802426223796968,-0.9270495258166496,-0.2405163329820863,-0.7759185107130318,0.1898138391289077,-1.4991921320688446,0.22297055244220249,-0.0,-0.0,0.0,12-15,Mother-Son,3.2008333333333336,3.5104166666666665,0.2916666666666667,1,0
F0884,18,W6,Western,125,0,Rural,2,Female,2,Female,42,13.0,3,3.79,3.34,2.29,2.97,4,3,4,3,2,3,3.17,3,2,2,2,2,2.2,4,3,3,3,3,3.2,2.98,4,3,3,3,4,3,3.33,1,2,1,1,1,1.2,1,1,1,1,1,1.0,1.84,1,1,1,1,1.0,-0.285719020957236,-1.513715358386781,0.28051771496805755,-0.7239725123461742,0.2217754243889392,-2.1732068106315494,-1.576160070812254,-1.5328972371649978,-2.2763660526072798,-0.05545445067756911,-0.9368725392456222,-1.9498495068805093,-0.7809833590465097,-0.5370495258166494,-2.7405163329820863,-0.27591851071303175,-2.0101861608710925,0.30080786793115566,1.4717929971208124,-0.0,-0.0,0.0,12-15,Mother-Daughter,3.3248,3.98,0.4,0,1
F0888,12,C6,Central,83,0,Rural,2,Female,1,Male,48,16.9,2,3.45,3.81,3.97,3.46,3,4,5,4,3,4,3.83,3,4,3,2,3,3.0,2,2,2,2,3,2.2,3.14,3,3,4,3,3,4,3.33,4,4,4,4,3,3.8,3,3,2,2,2,2.4,3.02,4,4,4,5,4.25,0.3977239033484197,-0.9112973782606704,-0.6520300833902559,-0.5082836486436213,0.2217754243889392,0.02452413828052955,-0.13692552092829502,-0.1433341373276207,0.4231944579200692,-0.32750756084367216,-0.18178907177153797,0.3262185252149464,0.05913848835881884,-0.3770495258166493,0.5094836670179137,0.3840814892869684,-1.2101861608710927,-0.6991921320688443,-0.19210057506043202,-0.0,0.0,-0.0,16-18,Mother-Son,3.5046666666666666,3.9916666666666667,0.6666666666666666,1,0
F0889,4,E4,Eastern,25,0,Rural,1,Male,1,Male,40,15.8,3,5.01,4.55,4.22,4.46,3,2,2,2,2,2,2.17,4,4,4,4,3,3.8,2,2,4,3,4,3.0,2.61,1,2,2,1,1,2,1.5,3,4,3,2,3,3.0,2,2,2,2,2,2.0,2.25,3,2,4,3,3.0,-1.3212386032385324,-0.3088793981345596,0.09400815529639468,-1.2227530096583274,-1.8042317976843516,-0.6517007690770332,-0.5481353923237118,-1.0500829397638753,-0.6150980461289112,0.9207361210949185,1.0070657493578703,0.6649191252291504,1.773672870818674,-0.9070495258166495,-0.7405163329820863,-1.2759185107130318,-0.41018616087109283,0.10080786793115548,0.6716849886908856,-0.0,-0.0,0.0,12-15,Father-Son,3.2065217391304346,3.641304347826087,0.2608695652173913,0,0
F0890,8,C2,Central,54,0,Rural,1,Male,1,Male,46,16.1,2,2.5,3.71,3.01,2.51,3,2,3,3,3,3,2.83,4,4,5,6,5,4.8,1,1,1,2,1,1.2,2.97,2,3,4,4,3,3,3.17,3,4,3,3,3,3.2,1,2,2,3,2,2.0,2.62,4,3,4,4,3.75,-0.6377956789328766,0.4441430770230789,-1.5845778817485696,-0.7374530663275835,0.04463818092897921,-0.4826445422376423,-0.5481353923237118,-0.6143724762555451,0.007877456300477073,-1.0876559568960193,-0.34244512868091764,-0.9743917788396002,-1.5696691749780438,-0.5470495258166492,0.0094836670179137,-0.6159185107130316,0.5898138391289072,-1.6991921320688446,-0.005188035545152685,-0.0,0.0,-0.0,16-18,Father-Son,3.5553846153846154,4.134615384615385,0.6153846153846154,1,0
F0898,8,C2,Central,55,0,Rural,1,Male,1,Male,47,17.6,4,4.69,2.83,3.56,2.69,2,1,2,2,2,2,1.83,2,3,3,1,2,2.2,3,3,2,2,3,2.6,2.51,1,1,2,1,2,1,1.33,1,2,1,2,1,1.4,1,2,1,1,2,1.4,1.61,1,1,1,1,1.0,-1.673315261214173,-1.513715358386781,-0.27901096404693065,-1.357558549472423,-1.9924401188605587,-2.004150583792159,-1.1649501994168372,-1.8037442820485545,-2.2763660526072798,0.6646861350562338,-1.7562184294834575,-0.22925045880834952,-1.2610529861352695,-1.0070495258166496,-2.7405163329820863,-1.6159185107130316,-2.0101861608710925,-0.29919213206884443,2.7598356736223937,-0.0,-0.0,0.0,16-18,Father-Son,3.4669565217391303,4.0978260869565215,0.5217391304347826,1,0
F0899,18,W6,Western,125,0,Rural,1,Male,1,Male,45,12.6,2,2.33,3.34,2.29,2.97,3,4,3,2,2,2,2.67,5,5,5,4,4,4.6,3,3,2,2,2,2.4,3.13,2,2,3,2,2,2,2.17,4,3,3,4,3,3.4,2,1,1,2,2,1.6,2.24,4,4,2,4,3.5,-0.8034788120978842,0.2935385819915511,-0.4655205237185935,-0.5217642026250311,-1.0624695906957697,-0.3135883153982518,-0.9593452637191285,-1.0618588982370731,-0.199781044509319,-1.223682511979071,-0.9368725392456222,-1.9498495068805093,-0.7809833590465097,-0.38704952581664953,-0.2405163329820863,-0.7759185107130318,0.389813839128907,-0.4991921320688446,0.09309173263187588,-0.0,-0.0,0.0,12-15,Father-Son,3.3248,3.98,0.4,0,1
F0901,1,E1,Eastern,3,0,Rural,2,Female,2,Female,40,16.1,1,5.05,3.9,3.63,2.24,4,5,4,4,5,5,4.5,4,3,3,2,3,3.0,2,2,3,2,3,2.4,3.02,4,5,3,4,4,4,4.0,4,5,5,5,5,4.8,2,1,3,2,3,2.2,3.62,5,5,4,5,4.75,1.091522023476888,-0.9112973782606704,-0.4655205237185935,-0.6700502964205359,0.9635376313775209,0.8698052724774832,-0.3425304566260032,0.5632233710642661,0.8385114595396613,0.9527423693497543,-0.0371986205530966,-0.13441429080437242,-2.032593458242204,-0.4970495258166494,1.0094836670179137,1.0540814892869683,-1.2101861608710927,-0.4991921320688446,-0.5017633780109064,-0.0,0.0,-0.0,16-18,Mother-Daughter,3.718571428571429,3.3333333333333335,0.5238095238095238,0,0
F0902,9,C3,Central,61,0,Rural,2,Female,1,Male,52,20.0,3,4.6,3.55,2.98,3.67,1,2,3,3,3,3,2.5,3,2,3,2,2,2.4,2,2,2,2,2,2.0,2.08,2,2,2,2,2,2,2.0,3,3,3,4,4,3.4,2,2,2,2,2,2.0,2.33,4,4,4,4,4.0,-0.9795171410857045,-1.3631108633552536,-0.8385396430619187,-1.9372223706730332,-1.250677911871977,-0.3135883153982518,-0.5481353923237118,-0.9558752719782904,0.21553595711027312,0.5926720764828529,-0.5994948197359252,-1.0150358508413044,0.4191907086753883,-1.4370495258166494,0.2594836670179137,-0.9459185107130317,-1.8101861608710927,-0.8991921320688445,-0.3728908806452582,-0.0,0.0,-0.0,19-22,Mother-Son,3.3058333333333336,3.7083333333333335,0.375,1,0
F0904,17,W5,Western,116,0,Rural,2,Female,2,Female,43,13.0,3,3.09,4.08,3.25,3.6,2,3,2,2,3,2,2.33,5,6,5,6,5,5.4,2,2,2,1,2,1.8,3.1,2,3,3,2,2,1,2.17,4,4,2,2,3,3.0,2,3,2,2,2,2.2,2.4,3,4,4,3,3.5,-1.1555554700735249,0.8959565621176624,-1.0250492027335814,-0.5622058645692595,-1.0624695906957697,-0.6517007690770332,-0.3425304566260032,-0.8734435626659038,-0.199781044509319,-0.6155637951371935,0.25198228188378685,-0.6492392028259634,0.29917330190319874,-0.41704952581664934,-0.2405163329820863,-1.1159185107130316,1.1898138391289077,-1.0991921320688445,0.10030722262133843,-0.0,-0.0,0.0,12-15,Mother-Daughter,3.4620689655172416,4.017241379310345,0.5862068965517241,0,1
F0905,8,C2,Central,56,0,Rural,2,Female,2,Female,49,20.6,2,2.61,3.71,3.28,4.03,4,3,3,2,4,2,3.0,5,5,5,6,6,5.4,1,1,1,2,1,1.2,2.99,3,3,4,3,3,3,3.17,5,5,5,5,4,4.8,3,3,2,4,4,3.2,3.91,6,6,6,7,6.25,-0.46175734994505635,0.8959565621176624,-1.5845778817485696,-0.7104919583647643,0.04463818092897921,0.8698052724774832,0.685494221862539,0.9047261667870113,2.0844624643984377,-0.9996387741952215,-0.34244512868091764,-0.6085951308242591,1.0364230863609367,-0.5270495258166492,2.5094836670179137,-0.4459185107130317,1.1898138391289077,-1.6991921320688446,-1.3226221767464175,-0.0,0.0,-0.0,19-22,Mother-Daughter,3.631,4.083333333333333,0.4666666666666667,1,0
F0906,11,C5,Central,76,0,Rural,2,Female,2,Female,55,21.2,1,5.57,3.68,3.43,3.19,4,3,4,3,3,3,3.33,3,4,4,4,3,3.6,2,2,2,3,4,2.6,3.39,4,3,3,5,4,4,3.83,4,4,5,5,5,4.6,3,3,3,3,2,2.8,3.77,5,4,4,4,4.25,-0.12003588779222847,-0.4594838931660871,-0.27901096404693065,-0.17126979910838264,0.7753293102013137,0.7007490456380923,0.2742843504671218,0.7398627481622376,0.4231944579200692,1.3688235966626183,-0.39064194575373123,-0.4053747708157358,-0.40378579490534205,-0.1270495258166493,0.5094836670179137,-0.11591851071303161,-0.6101861608710926,-0.29919213206884443,-0.06472965830595358,-0.0,0.0,-0.0,19-22,Mother-Daughter,3.7304000000000004,3.26,0.64,1,0
F0907,13,W1,Western,87,0,Rural,1,Male,2,Female,40,15.5,1,3.23,3.74,3.03,3.07,6,6,5,5,6,6,5.67,5,6,7,7,7,6.4,4,3,5,5,4,4.2,5.08,4,3,2,3,3,3,3.0,5,4,4,3,4,4.0,1,1,2,1,2,1.4,2.83,2,2,1,3,2.0,2.303079934746005,1.648979037275301,1.213065513326371,2.1069438237498304,-0.14357014024722803,0.1935803651199204,-1.1649501994168372,-0.3670773483183848,-1.4457320493680954,-0.5035419262452685,-0.2942483116081034,-0.9472957308384639,-0.6095299208005248,1.5629504741833506,-1.7405163329820863,2.2240814892869682,2.1898138391289077,1.3008078679311557,-2.7203408279582186,0.0,-0.0,-0.0,12-15,Father-Daughter,3.35,3.0357142857142856,0.42857142857142855,0,1
F0908,7,C1,Central,43,0,Rural,2,Female,2,Female,37,12.7,2,3.63,3.86,3.81,2.49,2,2,2,3,2,3,2.33,1,2,1,2,1,1.4,5,3,4,4,4,4.0,2.3,3,3,2,1,2,3,2.33,3,4,3,3,3,3.2,3,4,3,4,3,3.4,2.68,4,3,2,3,3.0,-1.1555554700735249,-2.116133338512892,1.0265559536547082,-1.6406501830820235,-0.8853323472358098,-0.4826445422376423,0.8910991575602472,-0.5437167254163564,-0.6150980461289112,-0.1834794436969119,-0.10146104331684848,0.10945014120585517,-1.6039598626272402,-1.2170495258166496,-0.7405163329820863,-1.1159185107130316,-2.8101861608710927,1.1008078679311555,0.9012450519153323,-0.0,-0.0,0.0,12-15,Mother-Daughter,3.569130434782609,3.510869565217391,0.43478260869565216,1,0
F0911,8,C2,Central,54,0,Rural,1,Male,2,Female,41,18.4,4,2.96,3.71,3.01,2.51,3,2,4,2,2,2,2.5,3,3,2,2,3,2.6,3,4,3,3,4,3.4,2.77,2,2,1,2,2,2,1.83,2,2,1,2,2,1.8,1,1,2,1,1,1.2,1.77,1,2,1,1,1.25,-0.9795171410857045,-1.2125063683237256,0.46702727463972,-1.0070641459557745,-1.4388862330481842,-1.6660381301133775,-1.3705551351145455,-1.6153289464773848,-2.0687075517974836,-0.7195841019654093,-0.34244512868091764,-0.9743917788396002,-1.5696691749780438,-0.7470495258166494,-2.4905163329820863,-0.9459185107130317,-1.6101861608710926,0.5008078679311554,1.860539045592888,-0.0,-0.0,0.0,16-18,Father-Daughter,3.5553846153846154,4.134615384615385,0.6153846153846154,1,0
F0913,12,C6,Central,82,0,Rural,1,Male,1,Male,46,16.5,2,4.2,3.02,3.37,3.47,2,1,2,2,2,2,1.83,3,3,4,3,3,3.2,3,2,2,2,2,2.2,2.4,3,3,3,1,2,3,2.5,2,3,3,2,3,2.6,1,1,1,2,2,1.4,1.92,2,1,1,1,1.25,-1.673315261214173,-0.7606928832291425,-0.6520300833902559,-1.5058446432679278,-0.6971240260596026,-0.9898132227558145,-1.1649501994168372,-1.438689569379413,-2.0687075517974836,0.27260959393449663,-1.4509719213556365,-0.48666291481914503,0.07628383218341778,-1.1170495258166495,-2.4905163329820863,-1.6159185107130316,-1.0101861608710925,-0.6991921320688443,2.7820300887962603,-0.0,-0.0,0.0,16-18,Father-Son,3.6412,4.06,0.6,1,0
F0917,4,E4,Eastern,28,0,Rural,1,Male,1,Male,43,18.1,2,2.5,4.63,3.85,2.57,4,4,5,4,4,4,4.17,3,3,4,4,3,3.4,2,2,2,2,2,2.0,3.34,3,2,2,2,2,2,2.17,2,3,3,4,4,3.2,2,1,2,1,1,1.4,2.24,2,2,3,2,2.25,0.7498005613240603,-0.610088388197615,-0.8385396430619187,-0.2386725690154307,-1.0624695906957697,-0.4826445422376423,-1.1649501994168372,-1.0618588982370731,-1.2380735485582992,-1.0876559568960193,1.1355905948853742,0.16364223720812796,-1.4667971120304524,-0.17704952581664957,-1.4905163329820863,0.7240814892869682,-0.8101861608710927,-0.8991921320688445,0.2638952099764497,-0.0,-0.0,0.0,16-18,Father-Son,3.8549999999999995,3.6,0.7,0,0
F0918,9,C3,Central,59,0,Rural,2,Female,1,Male,47,18.5,4,4.58,3.16,2.94,2.79,5,5,5,5,5,4,4.83,4,4,3,3,3,3.4,1,2,1,1,1,1.2,2.96,2,1,1,2,1,2,1.5,3,2,1,3,2,2.2,1,1,2,1,1,1.2,1.53,1,2,1,1,1.25,1.433243485629716,-0.610088388197615,-1.5845778817485696,-0.7509336203089932,-1.8042317976843516,-1.327925676434596,-1.3705551351145455,-1.8979519498341395,-2.0687075517974836,0.5766689523554354,-1.2260534416825049,-1.0692279468435772,-1.089599547889284,-0.5570495258166495,-2.4905163329820863,1.3840814892869684,-0.8101861608710927,-1.6991921320688446,1.387340942326292,-0.0,-0.0,0.0,16-18,Mother-Son,3.4848000000000003,3.6,0.56,1,0
F0920,6,E6,Eastern,40,0,Rural,1,Male,2,Female,40,14.1,4,3.19,3.83,3.11,3.21,3,3,4,2,4,4,3.33,2,3,3,4,4,3.2,3,2,3,3,3,2.8,3.04,2,4,3,2,3,3,2.83,4,4,4,4,4,4.0,4,2,2,3,2,2.6,3.11,4,4,4,5,4.25,-0.12003588779222847,-0.7606928832291425,-0.09250140437526819,-0.6430891884577168,-0.33177846142343526,0.1935803651199204,0.06867941476941361,-0.03735051106883788,0.4231944579200692,-0.5355481745001042,-0.14965786038966203,-0.8389115388339182,-0.36949510725614493,-0.4770495258166494,0.5094836670179137,-0.11591851071303161,-1.0101861608710925,-0.0991921320688447,-0.2430489417622234,-0.0,0.0,-0.0,12-15,Father-Daughter,3.296190476190476,3.5714285714285716,0.3333333333333333,0,0
F0921,17,W5,Western,118,0,Rural,2,Female,2,Female,42,15.8,2,3.1,3.02,3.22,2.88,2,2,4,4,4,4,3.33,3,3,3,4,4,3.4,3,3,2,3,2,2.6,3.23,3,1,3,1,2,2,2.0,2,1,1,2,1,1.4,2,1,2,1,1,1.4,1.67,2,1,1,2,1.5,-0.12003588779222847,-0.610088388197615,-0.27901096404693065,-0.38695866281093555,-1.250677911871977,-2.004150583792159,-1.1649501994168372,-1.733088531209366,-1.8610490509876876,-0.6075622330734843,-1.4509719213556365,-0.6898832748276678,-0.9352914534678972,-0.28704952581664944,-2.2405163329820863,-0.11591851071303161,-0.8101861608710927,-0.29919213206884443,0.6431391509669662,-0.0,-0.0,0.0,12-15,Mother-Daughter,3.4221428571428567,3.6607142857142856,0.35714285714285715,0,1
F0923,4,E4,Eastern,28,0,Rural,2,Female,2,Female,51,23.4,2,2.77,4.63,3.85,2.57,3,4,5,5,5,4,4.33,4,3,5,3,3,3.6,3,2,3,2,3,2.6,3.38,2,3,2,3,3,2,2.5,3,3,4,3,3,3.2,3,2,1,3,2,2.2,2.49,2,2,1,4,2.25,0.9154836944890679,-0.4594838931660871,-0.27901096404693065,-0.1847503530897925,-0.6971240260596026,-0.4826445422376423,-0.3425304566260032,-0.7674599364071204,-1.2380735485582992,-0.8716137811758786,1.1355905948853742,0.16364223720812796,-1.4667971120304524,-0.13704952581664953,-1.4905163329820863,0.8840814892869684,-0.6101861608710926,-0.29919213206884443,0.20427455665716623,-0.0,-0.0,0.0,23-25,Mother-Daughter,3.8549999999999995,3.6,0.7,0,0
F0924,16,W4,Western,107,0,Rural,2,Female,2,Female,55,21.5,2,4.29,3.59,2.9,2.83,1,2,1,2,1,2,1.5,4,4,3,4,3,3.6,2,3,4,3,3,3.0,2.62,2,2,2,1,2,1,1.67,3,2,3,1,2,2.2,2,2,2,2,2,2.0,1.88,4,3,2,3,3.0,-2.015036723367001,-0.4594838931660871,0.09400815529639468,-1.2092724556769177,-1.6160234765081443,-1.327925676434596,-0.5481353923237118,-1.4857934032722055,-0.6150980461289112,0.34462365250787674,-0.5352323969721733,-1.12342004284585,-1.0210181725908896,-0.8970495258166493,-0.7405163329820863,-1.9459185107130317,-0.6101861608710926,0.10080786793115548,0.6642798253610646,-0.0,-0.0,0.0,19-22,Mother-Daughter,3.7623809523809526,4.142857142857143,0.5238095238095238,0,1
F0925,4,E4,Eastern,22,0,Rural,2,Female,2,Female,43,18.3,2,2.87,3.42,2.84,2.72,4,4,3,3,3,4,3.5,3,3,1,3,2,2.4,4,3,3,3,3,3.2,2.98,3,4,3,3,3,3,3.17,4,4,4,4,5,4.2,1,2,2,2,2,1.8,3.04,4,5,3,4,4.0,0.05600244119559184,-1.3631108633552536,0.28051771496805755,-0.7239725123461742,0.04463818092897921,0.3626365919593113,-0.7537403280214202,-0.11978222038122448,0.21553595711027312,-0.7915981605387894,-0.8083476937181184,-1.2047081868492593,-1.2096169546614735,-0.5370495258166494,0.2594836670179137,0.05408148928696832,-1.8101861608710927,0.30080786793115566,-0.13935558032913592,-0.0,0.0,-0.0,16-18,Mother-Daughter,3.5074193548387096,3.4919354838709675,0.45161290322580644,0,0
F0926,16,W4,Western,111,0,Rural,2,Female,1,Male,46,15.5,1,3.05,3.08,2.11,2.9,1,1,1,1,2,1,1.17,6,6,6,6,6,6.0,4,4,3,4,5,4.0,3.72,2,1,1,1,1,1,1.17,2,2,2,2,2,2.0,1,3,3,3,2,2.4,1.76,2,3,2,3,2.5,-2.3567581855198285,1.3477700472122454,1.0265559536547082,0.2735884822781324,-2.169577362320519,-1.4969819032739868,-0.13692552092829502,-1.6271049049505828,-1.0304150477485032,-0.6475700433920292,-1.3545782872100087,-2.193713938890737,-0.9010007658187,0.20295047418335077,-1.2405163329820863,-2.2759185107130318,1.7898138391289073,1.1008078679311555,-0.25176337801090587,0.0,-0.0,-0.0,12-15,Mother-Son,3.7265384615384614,4.144230769230769,0.7692307692307693,0,1
F0932,18,W6,Western,125,0,Rural,2,Female,1,Male,45,14.5,3,4.26,3.34,2.29,2.97,5,4,4,3,4,5,4.17,5,5,5,6,5,5.2,3,3,3,3,4,3.2,4.28,3,4,3,3,5,3,3.5,5,5,6,4,5,5.0,4,3,3,4,3,3.4,3.93,5,5,5,5,5.0,0.7498005613240603,0.7453520670861346,0.28051771496805755,1.028499505237067,0.40998374556514644,1.038861499316874,0.8910991575602472,0.9282780837334076,1.0461699603494574,0.3206189663167498,-0.9368725392456222,-1.9498495068805093,-0.7809833590465097,0.7629504741833508,1.2594836670179137,0.7240814892869682,0.9898138391289075,0.30080786793115566,0.9609236609775028,0.0,0.0,0.0,12-15,Mother-Son,3.3248,3.98,0.4,0,1
F0933,7,C1,Central,47,0,Rural,1,Male,2,Female,48,22.2,3,5.43,3.72,2.24,3.12,2,1,2,2,1,1,1.5,2,2,1,1,2,1.6,2,3,3,3,2,2.6,2.04,2,2,2,1,1,1,1.5,2,2,2,2,2,2.0,1,3,1,2,2,1.8,1.87,3,2,3,3,2.75,-2.015036723367001,-1.9655288434813643,-0.27901096404693065,-1.9911445865986712,-1.8042317976843516,-1.4969819032739868,-0.7537403280214202,-1.4975693617454036,-0.8227565469387071,1.256801727770693,-0.32637952298997935,-2.01758962688335,-0.5238032016775316,-1.4770495258166494,-0.9905163329820863,-1.9459185107130317,-2.6101861608710926,-0.29919213206884443,1.463041679944837,-0.0,-0.0,0.0,19-22,Father-Daughter,3.5180000000000002,3.83,0.56,1,0
F0936,17,W5,Western,117,0,Rural,1,Male,1,Male,43,18.2,3,4.84,3.66,2.8,2.69,3,3,3,4,2,3,3.0,5,6,6,5,5,5.4,1,2,2,1,2,1.6,3.49,3,3,3,2,2,4,2.83,2,3,4,3,3,3.0,1,2,2,3,2,2.0,2.49,3,3,3,3,3.0,-0.46175734994505635,0.8959565621176624,-1.2115587624052442,-0.03646425929428708,-0.33177846142343526,-0.6517007690770332,-0.5481353923237118,-0.7674599364071204,-0.6150980461289112,0.784709566011867,-0.42277315713560715,-1.258900282851532,-1.2610529861352695,-0.02704952581664921,-0.7405163329820863,-0.4459185107130317,1.1898138391289077,-1.2991921320688444,0.02003061566664935,-0.0,-0.0,0.0,16-18,Father-Son,3.5182352941176473,3.676470588235294,0.6470588235294118,0,1
F0937,12,C6,Central,83,0,Rural,2,Female,1,Male,40,17.4,3,3.84,3.81,3.97,3.46,3,3,3,3,3,3,3.0,6,5,5,4,4,4.8,1,1,1,1,1,1.0,2.88,3,2,3,2,2,2,2.33,4,3,2,3,3,3.0,1,2,3,3,1,2.0,2.56,3,4,3,3,3.25,-0.46175734994505635,0.4441430770230789,-1.7710874414202322,-0.8587780521602697,-0.8853323472358098,-0.6517007690770332,-0.5481353923237118,-0.6850282270947339,-0.4074395453191151,-0.015446640359024667,-0.18178907177153797,0.3262185252149464,0.05913848835881884,-0.6370495258166495,-0.4905163329820863,-0.4459185107130317,0.5898138391289072,-1.8991921320688445,0.3124831973315598,-0.0,-0.0,0.0,16-18,Mother-Son,3.5046666666666666,3.9916666666666667,0.6666666666666666,1,0
F0939,6,E6,Eastern,37,0,Rural,1,Male,1,Male,42,12.8,2,1.32,3.39,3.05,2.85,3,3,3,3,4,4,3.33,6,6,6,7,5,6.0,1,1,1,1,1,1.0,3.44,2,2,3,3,1,2,2.17,4,3,3,3,4,3.4,1,2,1,1,1,1.2,2.26,2,2,4,3,2.75,-0.12003588779222847,1.3477700472122454,-1.7710874414202322,-0.10386702920133516,-1.0624695906957697,-0.3135883153982518,-1.3705551351145455,-1.0383069812906776,-0.8227565469387071,-2.0318402804136713,-0.856544510790932,-0.9201996828373274,-0.9867274849416925,-0.07704952581664948,-0.9905163329820863,-0.11591851071303161,1.7898138391289073,-1.8991921320688445,0.07631881376991623,-0.0,-0.0,0.0,12-15,Father-Son,3.7880000000000003,3.86,0.6,0,0
F0940,12,C6,Central,78,0,Rural,1,Male,1,Male,46,17.9,2,1.31,3.85,3.99,3.22,3,3,2,2,2,1,2.17,5,5,5,5,4,4.8,2,2,2,3,2,2.2,3.09,2,2,2,1,2,2,1.83,2,1,1,1,1,1.2,1,2,1,2,3,1.8,1.64,2,2,3,2,2.25,-1.3212386032385324,0.4441430770230789,-0.6520300833902559,-0.5756864185506694,-1.4388862330481842,-2.1732068106315494,-0.7537403280214202,-1.7684164066289603,-1.2380735485582992,-2.0398418424773808,-0.11752664900778609,0.35331457321608273,-0.352349763431546,-0.42704952581664957,-1.4905163329820863,-1.2759185107130318,0.5898138391289072,-0.6991921320688443,0.6365242932219713,-0.0,-0.0,0.0,16-18,Father-Son,3.559473684210526,2.9078947368421053,0.3684210526315789,1,0
F0941,4,E4,Eastern,24,0,Rural,1,Male,2,Female,50,17.9,4,3.85,3.62,3.33,3.54,2,2,2,2,2,2,2.0,4,3,3,4,5,3.8,3,3,3,2,3,2.8,2.98,3,2,2,2,1,2,2.0,2,2,2,3,2,2.2,1,1,1,1,2,1.2,1.92,2,3,2,3,2.5,-1.4972769322263526,-0.3088793981345596,-0.09250140437526819,-0.7239725123461742,-1.250677911871977,-1.327925676434596,-1.3705551351145455,-1.438689569379413,-1.0304150477485032,-0.0074450782953155645,-0.48703557989935903,-0.5408550108214178,0.19630123895560736,-0.5370495258166494,-1.2405163329820863,-1.4459185107130317,-0.41018616087109283,-0.0991921320688447,0.6662187083958383,-0.0,-0.0,0.0,16-18,Father-Daughter,3.5157692307692305,3.4615384615384617,0.4230769230769231,0,0
F0944,4,E4,Eastern,22,0,Rural,2,Female,2,Female,39,12.6,2,4.65,3.42,2.84,2.72,5,4,3,5,4,4,4.17,3,4,3,4,3,3.4,4,2,3,3,3,3.0,3.51,4,3,4,3,3,3,3.33,4,4,4,4,4,4.0,2,2,1,3,3,2.2,2.89,2,3,2,3,2.5,0.7498005613240603,-0.610088388197615,0.09400815529639468,-0.009503151331468564,0.2217754243889392,0.1935803651199204,-0.3425304566260032,-0.29642159747919605,-1.0304150477485032,0.632679886801398,-0.8083476937181184,-1.2047081868492593,-1.2096169546614735,-0.007049525816649638,-1.2405163329820863,0.7240814892869682,-0.8101861608710927,0.10080786793115548,0.008745051915332756,-0.0,-0.0,0.0,12-15,Mother-Daughter,3.5074193548387096,3.4919354838709675,0.45161290322580644,0,0
F0951,1,E1,Eastern,1,0,Rural,2,Female,2,Female,44,15.7,2,3.64,2.48,2.61,2.17,3,3,3,3,3,3,3.0,4,4,5,5,4,4.4,2,2,2,2,3,2.2,3.3,4,4,4,3,4,4,3.83,4,4,4,4,3,3.8,3,2,2,3,3,2.6,3.44,4,5,4,4,4.25,-0.46175734994505635,0.1429340869600239,-0.6520300833902559,-0.29259478494106894,0.7753293102013137,0.02452413828052955,0.06867941476941361,0.3512561185466999,0.4231944579200692,-0.1754778816332028,-2.318514628666286,-1.5163127388623276,-2.152610865014394,-0.2170495258166496,0.5094836670179137,-0.4459185107130317,0.1898138391289077,-0.6991921320688443,-0.11058318833756597,-0.0,0.0,-0.0,12-15,Mother-Daughter,3.475909090909091,3.6363636363636362,0.4090909090909091,0,0
F0952,7,C1,Central,46,0,Rural,2,Female,1,Male,54,25.7,1,4.53,3.01,2.63,2.93,4,4,4,4,4,4,4.0,3,2,3,2,3,2.6,5,4,5,3,4,4.2,3.81,2,2,3,2,2,3,2.33,2,3,4,3,3,3.0,3,3,2,3,2,2.6,2.84,5,4,4,5,4.5,0.57376223233624,-1.2125063683237256,1.213065513326371,0.3949134681108181,-0.8853323472358098,-0.6517007690770332,0.06867941476941361,-0.35530138984518694,0.6308529587298652,0.536661142036891,-1.4670375270465748,-1.4892166908611912,-0.849564734344904,0.29295047418335063,0.7594836670179137,0.5540814892869683,-1.6101861608710926,1.3008078679311557,0.2224911003874078,0.0,0.0,0.0,23-25,Mother-Son,3.492,3.51,0.44,1,0
F0953,11,C5,Central,75,0,Rural,2,Female,2,Female,47,21.3,3,5.54,3.62,2.71,3.05,2,3,3,2,1,2,2.17,5,4,4,4,4,4.2,1,1,1,1,1,1.0,2.53,3,3,4,3,3,3,3.17,6,5,6,5,5,5.4,3,2,2,3,2,2.4,3.48,5,5,5,6,5.25,-1.3212386032385324,-0.0076704080715039435,-1.7710874414202322,-1.330597441509604,0.04463818092897921,1.3769739529956557,-0.13692552092829502,0.3983599524394924,1.2538284611592534,1.3448189104714914,-0.48703557989935903,-1.3808324988566456,-0.643820608449722,-0.9870495258166496,1.5094836670179137,-1.2759185107130318,-0.010186160871092476,-1.8991921320688445,-1.4899351377580092,-0.0,0.0,-0.0,19-22,Mother-Daughter,3.659473684210526,3.8421052631578947,0.7368421052631579,1,0
F0955,13,W1,Western,86,0,Rural,1,Male,2,Female,49,19.0,3,3.55,2.68,3.14,3.64,3,4,4,4,5,4,4.0,3,2,3,3,3,2.8,3,2,2,2,2,2.2,2.8,3,3,3,2,3,2,2.67,2,3,3,1,1,2.0,2,1,1,2,2,1.6,2.17,1,2,2,2,1.75,0.57376223233624,-1.061901873292198,-0.6520300833902559,-0.9666224840115462,-0.5089157048833953,-1.4969819032739868,-0.9593452637191285,-1.1442906075494603,-1.6533905501778914,-0.2474919402065833,-1.9972025148475268,-0.7982674668322133,0.367754677201593,-0.7170495258166496,-1.9905163329820863,0.5540814892869683,-1.4101861608710928,-0.6991921320688443,1.4272987926951013,-0.0,-0.0,0.0,19-22,Father-Daughter,3.28962962962963,3.6481481481481484,0.4444444444444444,0,1
F0958,9,C3,Central,59,0,Rural,1,Male,2,Female,48,16.4,4,5.94,3.16,2.94,2.79,4,3,4,3,3,4,3.5,4,4,5,5,5,4.6,4,3,3,3,3,3.2,3.89,5,4,5,4,3,4,4.17,5,4,5,5,4,4.6,3,3,2,3,3,2.8,3.6,4,4,6,5,4.75,0.05600244119559184,0.2935385819915511,0.28051771496805755,0.5027578999620946,1.1517459525537281,0.7007490456380923,0.2742843504671218,0.5396714541178699,0.8385114595396613,1.6648813930198483,-1.2260534416825049,-1.0692279468435772,-1.089599547889284,0.3729504741833507,1.0094836670179137,0.05408148928696832,0.389813839128907,0.30080786793115566,0.37648741229467864,0.0,0.0,0.0,16-18,Father-Daughter,3.4848000000000003,3.6,0.56,1,0
F0965,14,W2,Western,96,0,Rural,2,Female,1,Male,54,23.8,4,2.6,2.82,2.41,2.58,2,3,2,3,2,2,2.33,3,4,3,3,3,3.2,2,3,4,3,3,3.0,3.32,3,3,2,3,3,2,2.67,3,4,3,3,3,3.2,3,3,3,3,3,3.0,3.03,5,4,3,4,4.0,-1.1555554700735249,-0.7606928832291425,0.09400815529639468,-0.26563367697824986,-0.5089157048833953,-0.4826445422376423,0.4798892861648304,-0.13155817885442286,0.21553595711027312,-1.0076403362589301,-1.7722840351743958,-1.787273218873691,-1.4496517682058534,-0.19704952581664958,0.2594836670179137,-1.1159185107130316,-1.0101861608710925,0.10080786793115548,-0.05113113354304529,-0.0,0.0,-0.0,23-25,Mother-Son,3.5119999999999996,3.7375,0.5,0,1
F0966,6,E6,Eastern,41,0,Rural,1,Male,2,Female,46,17.6,3,3.45,3.21,4.31,2.5,3,3,4,3,4,3,3.33,5,4,4,5,3,4.2,2,1,1,1,2,1.4,2.95,2,2,3,4,3,2,2.67,2,2,3,3,2,2.4,2,2,2,1,2,1.8,2.33,3,2,2,2,2.25,-0.12003588779222847,-0.0076704080715039435,-1.398068322076907,-0.7644141742904025,-0.5089157048833953,-1.1588694495952054,-0.7537403280214202,-0.9558752719782904,-1.2380735485582992,-0.32750756084367216,-1.1457254132278154,0.7868513412342639,-1.586814518802642,-0.5670495258166492,-1.4905163329820863,-0.11591851071303161,-0.010186160871092476,-1.4991921320688446,0.845196579839463,-0.0,-0.0,0.0,16-18,Father-Daughter,3.464090909090909,3.465909090909091,0.5454545454545454,0,0
F0967,11,C5,Central,71,0,Rural,2,Female,1,Male,47,16.7,4,4.38,3.96,2.82,4.02,3,3,2,3,1,2,2.33,4,4,4,4,4,4.0,2,1,2,1,1,1.4,2.74,3,2,3,2,3,3,2.67,3,4,4,4,3,3.6,2,2,2,1,1,1.6,2.54,4,3,4,3,3.5,-1.1555554700735249,-0.15827490310303177,-1.398068322076907,-1.047505807900003,-0.5089157048833953,-0.14453208855886093,-0.9593452637191285,-0.7085801440411301,-0.199781044509319,0.4166377110812569,0.05919501359253122,-1.2318042348503957,1.019277742536337,-0.7770495258166492,-0.2405163329820863,-1.1159185107130316,-0.21018616087109265,-1.4991921320688446,0.18689310249488947,-0.0,-0.0,0.0,16-18,Mother-Son,3.4165217391304346,3.782608695652174,0.6086956521739131,1,0
F0968,12,C6,Central,78,0,Rural,2,Female,1,Male,46,17.9,1,2.19,3.85,3.99,3.22,6,5,6,5,4,6,5.33,4,3,2,4,4,3.4,3,2,3,4,2,2.8,3.73,3,3,3,4,3,3,3.17,2,1,2,1,1,1.4,1,1,1,1,1,1.0,1.97,3,2,3,3,2.75,1.9510032767703642,-0.610088388197615,-0.09250140437526819,0.28706903625954167,0.04463818092897921,-2.004150583792159,-1.576160070812254,-1.3798097770134226,-0.8227565469387071,-1.3357043808709959,-0.11752664900778609,0.35331457321608273,-0.352349763431546,0.21295047418335056,-0.9905163329820863,1.8840814892869684,-0.8101861608710927,-0.0991921320688447,-0.21093092279488884,0.0,-0.0,-0.0,16-18,Mother-Son,3.559473684210526,2.9078947368421053,0.3684210526315789,1,0
F0970,7,C1,Central,47,0,Rural,2,Female,2,Female,57,24.2,3,3.79,3.72,2.24,3.12,2,2,2,2,1,2,1.83,3,3,3,2,3,2.8,1,1,2,1,1,1.2,1.92,2,3,2,2,2,2,2.17,2,2,1,2,1,1.6,1,1,1,1,2,1.2,1.5,1,2,1,1,1.25,-1.673315261214173,-1.061901873292198,-1.5845778817485696,-2.152911234375586,-1.0624695906957697,-1.8350943569527682,-1.3705551351145455,-1.9332798252537338,-2.0687075517974836,-0.05545445067756911,-0.32637952298997935,-2.01758962688335,-0.5238032016775316,-1.5970495258166495,-2.4905163329820863,-1.6159185107130316,-1.4101861608710928,-1.6991921320688446,3.977477928627662,-0.0,-0.0,0.0,23-25,Mother-Daughter,3.5180000000000002,3.83,0.56,1,0
F0976,11,C5,Central,73,0,Rural,2,Female,1,Male,41,19.2,2,4.29,3.04,3.51,3.37,1,3,2,2,2,2,2.0,3,3,3,2,3,2.8,2,2,2,1,3,2.0,2.51,1,2,3,3,2,1,2.0,3,3,3,3,3,3.0,3,3,3,3,2,2.8,2.68,5,5,5,4,4.75,-1.4972769322263526,-1.061901873292198,-0.8385396430619187,-1.357558549472423,-1.250677911871977,-0.6517007690770332,0.2742843504671218,-0.5437167254163564,0.8385114595396613,0.34462365250787674,-1.4188407099737605,-0.29699057881119084,-0.09516960606256787,-1.0070495258166496,1.0094836670179137,-1.4459185107130317,-1.4101861608710928,-0.8991921320688445,-1.0166000481900426,-0.0,0.0,-0.0,19-22,Mother-Son,3.2838461538461536,3.8365384615384617,0.5384615384615384,1,0
F0977,13,W1,Western,85,0,Rural,2,Female,2,Female,39,17.0,3,4.22,3.69,3.93,3.15,2,1,2,3,2,2,2.0,3,3,3,2,4,3.0,1,3,2,3,3,2.4,2.7,2,3,2,3,2,3,2.5,3,3,3,4,4,3.4,2,4,3,3,2,2.8,3.05,6,4,4,5,4.75,-1.4972769322263526,-0.9112973782606704,-0.4655205237185935,-1.101428023825641,-0.6971240260596026,-0.3135883153982518,0.2742843504671218,-0.10800626190802662,0.8385114595396613,0.2886127180619141,-0.3745763400627936,0.27202642921267356,-0.4723671702037363,-0.8170495258166492,1.0094836670179137,-1.4459185107130317,-1.2101861608710927,-0.4991921320688446,-0.8247981514566386,-0.0,0.0,-0.0,16-18,Mother-Daughter,3.5095652173913043,4.032608695652174,0.5217391304347826,0,1
F0978,12,C6,Central,82,0,Rural,2,Female,1,Male,45,20.9,2,5.69,3.02,3.37,3.47,3,3,4,4,3,4,3.5,5,4,3,3,4,3.8,3,4,3,3,3,3.2,3.15,3,2,3,2,2,4,2.67,2,2,3,3,2,2.4,1,2,2,1,1,1.4,2.01,2,2,3,2,2.25,0.05600244119559184,-0.3088793981345596,0.28051771496805755,-0.494803094662212,-0.5089157048833953,-1.1588694495952054,-1.1649501994168372,-1.3327059431206303,-1.2380735485582992,1.4648423414271254,-1.4509719213556365,-0.48666291481914503,0.07628383218341778,-0.3670495258166495,-1.4905163329820863,0.05408148928696832,-0.41018616087109283,0.30080786793115566,0.547093313243046,-0.0,-0.0,0.0,19-22,Mother-Son,3.6412,4.06,0.6,1,0
F0980,17,W5,Western,118,0,Rural,1,Male,2,Female,40,17.2,2,1.29,3.02,3.22,2.88,4,4,4,4,4,3,3.83,2,2,1,1,2,1.6,3,1,2,2,2,2.0,2.47,2,2,3,3,2,3,2.5,1,2,2,2,2,1.8,1,1,1,2,2,1.4,1.8,3,2,1,2,2.0,0.3977239033484197,-1.9655288434813643,-0.8385396430619187,-1.4114807653980606,-0.6971240260596026,-1.6660381301133775,-1.1649501994168372,-1.5800010710577903,-1.4457320493680954,-2.0558449666047984,-1.4509719213556365,-0.6898832748276678,-0.9352914534678972,-1.0470495258166492,-1.7405163329820863,0.3840814892869684,-2.6101861608710926,-0.8991921320688445,1.8224068011250265,-0.0,-0.0,0.0,16-18,Father-Daughter,3.4221428571428567,3.6607142857142856,0.35714285714285715,0,1
F0981,8,C2,Central,52,0,Rural,2,Female,2,Female,53,24.1,4,1.01,3.34,2.96,2.87,2,3,4,4,3,3,3.17,6,6,6,6,5,5.8,1,1,1,1,1,1.0,3.31,3,3,2,2,2,3,2.5,5,4,5,5,4,4.6,1,1,2,2,1,1.4,2.93,4,4,4,5,4.25,-0.285719020957236,1.1971655521807174,-1.7710874414202322,-0.2791142309596591,-0.6971240260596026,0.7007490456380923,-1.1649501994168372,-0.24931776358640356,0.4231944579200692,-2.2798887043886484,-0.9368725392456222,-1.0421318988424408,-0.9524367972924954,-0.20704952581664937,0.5094836670179137,-0.27591851071303175,1.5898138391289072,-1.8991921320688445,-0.10548835166738671,-0.0,0.0,-0.0,23-25,Mother-Daughter,3.4015,3.575,0.5,1,0
F0982,7,C1,Central,49,0,Rural,2,Female,1,Male,40,13.5,4,2.06,3.27,4.07,3.75,4,5,5,5,4,5,4.67,4,4,4,3,3,3.6,3,4,3,4,4,3.6,4.09,4,4,3,4,4,4,3.83,4,5,6,4,5,4.8,5,5,3,4,5,4.4,4.39,5,5,5,6,5.25,1.2675603524647086,-0.4594838931660871,0.6535368343113829,0.7723689795902852,0.7753293102013137,0.8698052724774832,1.9191238360487899,1.4699721735005202,1.2538284611592534,-1.4397246876992118,-1.0493317790821877,0.46169876522062836,0.5563534592721768,0.5729504741833504,1.5094836670179137,1.2240814892869682,-0.6101861608710926,0.7008078679311556,0.8648593827899363,0.0,0.0,0.0,12-15,Mother-Son,3.39,3.4711538461538463,0.4230769230769231,1,0
F0991,12,C6,Central,82,0,Rural,1,Male,1,Male,44,15.5,5,3.61,3.02,3.37,3.47,5,4,4,4,4,3,4.0,3,3,3,3,4,3.2,3,4,3,3,2,3.0,3.43,1,3,2,1,2,2,1.83,3,4,4,3,4,3.6,2,1,1,1,3,1.6,2.35,3,3,3,2,2.75,0.57376223233624,-0.7606928832291425,0.09400815529639468,-0.11734758318274442,-1.4388862330481842,-0.14453208855886093,-0.9593452637191285,-0.9323233550318941,-0.8227565469387071,-0.19948256782432974,-1.4509719213556365,-0.48666291481914503,0.07628383218341778,-0.08704952581664926,-0.9905163329820863,0.5540814892869683,-1.0101861608710925,0.10080786793115548,0.08622397709973688,-0.0,-0.0,0.0,12-15,Father-Son,3.6412,4.06,0.6,1,0
F0992,1,E1,Eastern,7,0,Rural,1,Male,2,Female,41,14.4,3,1.64,3.56,4.48,3.65,3,4,2,3,4,3,3.17,6,6,4,4,5,5.0,2,1,1,3,1,1.6,3.36,4,4,4,5,4,5,4.33,5,5,4,5,5,4.8,2,1,3,2,2,2.0,3.48,4,4,4,4,4.0,-0.285719020957236,0.5947475720546067,-1.2115587624052442,-0.21171146105261163,1.3288831960136882,0.8698052724774832,-0.5481353923237118,0.3983599524394924,0.21553595711027312,-1.7757902943749866,-0.5834292140449868,1.0171677492439242,0.3849000210261912,-0.15704952581664955,0.2594836670179137,-0.27591851071303175,0.7898138391289073,-1.2991921320688444,-0.040751786862328734,-0.0,0.0,-0.0,12-15,Father-Daughter,3.5557575757575757,3.537878787878788,0.5757575757575758,0,0
F0996,1,E1,Eastern,7,0,Rural,2,Female,2,Female,45,16.8,2,5.15,3.56,4.48,3.65,3,3,3,4,3,2,3.0,3,3,3,4,3,3.2,4,5,5,3,4,4.2,3.37,2,2,1,2,2,2,1.83,4,4,3,3,2,3.2,3,3,3,4,4,3.4,2.79,4,4,4,4,4.0,-0.46175734994505635,-0.7606928832291425,1.213065513326371,-0.19823090707120175,-1.4388862330481842,-0.4826445422376423,0.8910991575602472,-0.4141811822111773,0.21553595711027312,1.032757989986844,-0.5834292140449868,1.0171677492439242,0.3849000210261912,-0.14704952581664932,0.2594836670179137,-0.4459185107130317,-1.0101861608710925,1.3008078679311557,-0.038156950192149534,-0.0,0.0,-0.0,16-18,Mother-Daughter,3.5557575757575757,3.537878787878788,0.5757575757575758,0,0
F0998,2,E2,Eastern,10,0,Rural,2,Female,1,Male,52,25.5,4,4.25,3.38,2.75,2.71,3,4,3,4,3,4,3.5,2,3,2,4,3,2.8,2,2,2,1,1,1.6,2.62,4,3,3,3,3,3,3.17,4,4,4,3,4,3.8,2,3,4,3,2,2.8,3.03,5,5,5,5,5.0,0.05600244119559184,-1.061901873292198,-1.2115587624052442,-1.2092724556769177,0.04463818092897921,0.02452413828052955,0.2742843504671218,-0.13155817885442286,1.0461699603494574,0.3126174042530411,-0.8726101164818703,-1.3266404028543728,-1.2267622984860724,-0.8970495258166493,1.2594836670179137,0.05408148928696832,-1.4101861608710928,-1.2991921320688444,-1.1298192262722342,-0.0,0.0,-0.0,23-25,Mother-Son,3.5320689655172415,3.7241379310344827,0.6206896551724138,0,0
F0999,4,E4,Eastern,25,0,Rural,2,Female,2,Female,60,25.6,3,3.43,4.55,4.22,4.46,4,4,3,4,5,3,3.83,2,1,2,2,1,1.6,3,2,2,3,2,2.4,2.69,4,3,2,4,3,2,3.0,3,3,2,2,1,2.2,3,2,2,2,3,2.4,2.41,6,5,5,5,5.25,0.3977239033484197,-1.9655288434813643,-0.4655205237185935,-1.114908577807051,-0.14357014024722803,-1.327925676434596,-0.13692552092829502,-0.8616676041927054,1.2538284611592534,-0.34351068497109005,1.0070657493578703,0.6649191252291504,1.773672870818674,-0.8270495258166495,1.5094836670179137,0.3840814892869684,-2.6101861608710926,-0.4991921320688446,-1.2484177510351426,-0.0,0.0,-0.0,23-25,Mother-Daughter,3.2065217391304346,3.641304347826087,0.2608695652173913,0,0
F1003,13,W1,Western,87,0,Rural,2,Female,2,Female,35,12.4,3,3.53,3.74,3.03,3.07,4,3,3,4,4,4,3.67,1,2,2,2,2,1.8,1,1,1,1,2,1.2,2.06,3,3,2,2,2,2,2.33,2,2,3,3,1,2.2,2,1,1,1,3,1.6,2.15,3,2,2,3,2.5,0.23204077018341215,-1.8149243484498367,-1.5845778817485696,-1.964183478635852,-0.8853323472358098,-1.327925676434596,-0.9593452637191285,-1.1678425244958566,-1.0304150477485032,-0.26349506433400116,-0.2942483116081034,-0.9472957308384639,-0.6095299208005248,-1.4570495258166494,-1.2405163329820863,0.22408148928696825,-2.410186160871093,-1.6991921320688446,1.8074937347393576,-0.0,-0.0,0.0,12-15,Mother-Daughter,3.35,3.0357142857142856,0.42857142857142855,0,1
F1004,11,C5,Central,73,0,Rural,2,Female,2,Female,41,13.2,3,3.54,3.04,3.51,3.37,1,1,2,2,2,1,1.5,3,4,4,3,3,3.4,2,2,2,3,3,2.4,2.56,2,3,2,2,2,2,2.17,3,4,3,4,3,3.4,3,2,2,3,3,2.6,2.92,3,3,4,4,3.5,-2.015036723367001,-0.610088388197615,-0.4655205237185935,-1.2901557795653749,-1.0624695906957697,-0.3135883153982518,0.06867941476941361,-0.26109372205960196,-0.199781044509319,-0.25549350227029205,-1.4188407099737605,-0.29699057881119084,-0.09516960606256787,-0.9570495258166494,-0.2405163329820863,-1.9459185107130317,-0.8101861608710927,-0.4991921320688446,0.23018604243166504,-0.0,-0.0,0.0,12-15,Mother-Daughter,3.2838461538461536,3.8365384615384617,0.5384615384615384,1,0
F1006,12,C6,Central,83,0,Rural,2,Female,2,Female,42,16.6,2,1.77,3.81,3.97,3.46,2,2,3,1,2,2,2.0,2,3,3,3,3,2.8,1,1,2,1,1,1.2,2.1,3,2,2,2,2,3,2.33,4,5,4,4,4,4.2,1,2,2,2,2,1.8,2.72,3,3,2,3,2.75,-1.4972769322263526,-1.061901873292198,-1.5845778817485696,-1.910261262710214,-0.8853323472358098,0.3626365919593113,-0.7537403280214202,-0.49661289152356386,-0.8227565469387071,-1.6717699875467704,-0.18178907177153797,0.3262185252149464,0.05913848835881884,-1.4170495258166493,-0.9905163329820863,-1.4459185107130317,-1.4101861608710928,-1.6991921320688446,1.4036106999659117,-0.0,-0.0,0.0,16-18,Mother-Daughter,3.5046666666666666,3.9916666666666667,0.6666666666666666,1,0
F1008,12,C6,Central,80,0,Rural,2,Female,1,Male,48,20.3,4,2.21,4.09,3.92,3.52,2,2,2,1,1,3,1.83,1,1,2,2,1,1.4,3,2,3,2,3,2.6,2.08,2,2,3,2,2,2,2.17,2,3,2,2,3,2.4,1,2,3,2,1,1.8,2.09,3,3,3,3,3.0,-1.673315261214173,-2.116133338512892,-0.27901096404693065,-1.9372223706730332,-1.0624695906957697,-1.1588694495952054,-0.7537403280214202,-1.2384982753350453,-0.6150980461289112,-1.319701256743578,0.2680478875747245,0.2584784052121051,0.16201055130641023,-1.4370495258166494,-0.7405163329820863,-1.6159185107130316,-2.8101861608710927,-0.29919213206884443,1.0641586451713911,-0.0,-0.0,0.0,19-22,Mother-Son,3.4740625,3.40625,0.53125,1,0
F1009,3,E3,Eastern,16,0,Rural,2,Female,1,Male,51,19.1,3,3.62,2.85,2.85,2.75,3,4,3,4,3,3,3.33,3,6,4,4,5,4.4,4,3,2,3,3,3.0,3.58,2,2,2,2,2,2,2.0,4,4,4,4,4,4.0,2,2,3,1,2,2.0,2.71,4,4,3,4,3.75,-0.12003588779222847,0.1429340869600239,0.09400815529639468,0.08486072653839863,-1.250677911871977,0.1935803651199204,-0.5481353923237118,-0.5083888499967623,0.007877456300477073,-0.19148100576062063,-1.7240872181015816,-1.1911601628486908,-1.1581809231876783,0.06295047418335065,0.0094836670179137,-0.11591851071303161,0.1898138391289077,0.10080786793115548,0.0005970013357746703,0.0,0.0,0.0,19-22,Mother-Son,3.6174074074074074,3.6666666666666665,0.48148148148148145,0,0
F1012,12,C6,Central,78,0,Rural,1,Male,2,Female,40,14.6,3,4.76,3.85,3.99,3.22,5,4,4,4,4,4,4.17,3,2,3,3,4,3.0,3,3,3,3,2,2.8,3.49,4,3,4,3,4,4,3.67,3,2,3,2,2,2.4,1,1,1,1,1,1.0,2.02,4,2,2,3,2.75,0.7498005613240603,-0.9112973782606704,-0.09250140437526819,-0.03646425929428708,0.5981920667413537,-1.1588694495952054,-1.576160070812254,-1.3209299846474318,-0.8227565469387071,0.7206970695021957,-0.11752664900778609,0.35331457321608273,-0.352349763431546,-0.02704952581664921,-0.9905163329820863,0.7240814892869682,-1.2101861608710927,-0.0991921320688447,0.02679299712081165,-0.0,-0.0,0.0,12-15,Father-Daughter,3.559473684210526,2.9078947368421053,0.3684210526315789,1,0
F1014,13,W1,Western,89,0,Rural,2,Female,2,Female,49,20.6,3,3.16,3.01,3.49,2.63,3,3,2,2,2,3,2.5,5,5,6,5,5,5.2,4,4,3,5,3,3.8,3.9,2,1,2,2,2,2,1.83,2,2,2,3,3,2.4,2,1,2,2,2,1.8,2.19,4,3,2,3,3.0,-0.9795171410857045,0.7453520670861346,0.8400463939830453,0.5162384539435039,-1.4388862330481842,-1.1588694495952054,-0.7537403280214202,-1.120738690603064,-0.6150980461289112,-0.5595528606912308,-1.4670375270465748,-0.32408662681232664,-1.363925049082861,0.3829504741833505,-0.7405163329820863,-0.9459185107130317,0.9898138391289075,0.9008078679311553,-0.2835810808560058,0.0,-0.0,-0.0,19-22,Mother-Daughter,3.5733333333333337,3.8425925925925926,0.6296296296296297,0,1
F1015,12,C6,Central,78,0,Rural,2,Female,1,Male,43,17.5,3,3.49,3.85,3.99,3.22,3,3,2,3,3,2,2.67,2,2,2,2,2,2.0,2,1,1,1,2,1.4,2.05,4,3,3,2,3,1,2.67,1,2,3,2,2,2.0,3,2,2,2,2,2.2,2.08,3,2,3,4,3.0,-0.8034788120978842,-1.6643198534183088,-1.398068322076907,-1.977664032617262,-0.5089157048833953,-1.4969819032739868,-0.3425304566260032,-1.250274233808243,-0.6150980461289112,-0.2955013125888365,-0.11752664900778609,0.35331457321608273,-0.352349763431546,-1.4670495258166496,-0.7405163329820863,-0.7759185107130318,-2.2101861608710927,-1.4991921320688446,1.086374135160854,-0.0,-0.0,0.0,16-18,Mother-Son,3.559473684210526,2.9078947368421053,0.3684210526315789,1,0
F1016,15,W3,Western,101,0,Rural,2,Female,2,Female,49,23.8,2,1.82,4.09,3.37,3.1,4,3,3,3,3,3,3.17,2,3,3,4,4,3.2,2,3,3,2,4,2.8,3.13,2,2,3,4,2,4,2.83,2,2,3,2,2,2.2,1,1,1,1,1,1.0,2.07,2,3,1,2,2.0,-0.285719020957236,-0.7606928832291425,-0.09250140437526819,-0.5217642026250311,-0.33177846142343526,-1.327925676434596,-1.576160070812254,-1.2620501922814416,-1.4457320493680954,-1.6317621772282256,0.2680478875747245,-0.48666291481914503,-0.5580938893267288,-0.38704952581664953,-1.7405163329820863,-0.27591851071303175,-1.0101861608710925,-0.0991921320688447,0.6736660213568502,-0.0,-0.0,0.0,23-25,Mother-Daughter,3.8754166666666667,3.6354166666666665,0.5416666666666666,0,1
F1019,9,C3,Central,62,0,Rural,2,Female,2,Female,43,18.1,2,4.81,3.76,3.41,3.26,4,4,4,4,4,3,3.83,2,3,1,2,2,2.0,2,1,1,1,1,1.2,2.24,4,2,3,2,3,3,2.83,2,3,3,3,5,3.2,1,2,2,1,2,1.6,2.57,4,4,3,4,3.75,0.3977239033484197,-1.6643198534183088,-1.5845778817485696,-1.7215335069704802,-0.33177846142343526,-0.4826445422376423,-0.9593452637191285,-0.673252268621536,0.007877456300477073,0.7607048798207401,-0.2621171002262282,-0.4324708188168722,-0.28376838813315247,-1.2770495258166492,0.0094836670179137,0.3840814892869684,-2.2101861608710927,-1.6991921320688446,-0.012111112468229686,-0.0,0.0,-0.0,16-18,Mother-Daughter,3.4633333333333334,3.6944444444444446,0.5,1,0
F1020,3,E3,Eastern,19,0,Rural,2,Female,2,Female,48,16.0,2,3.28,4.25,3.44,3.17,3,2,2,2,4,4,2.83,4,3,3,3,4,3.4,2,2,1,1,1,1.4,2.23,3,3,3,2,2,3,2.67,3,4,4,4,3,3.6,2,2,2,2,2,2.0,2.51,3,3,4,4,3.5,-0.6377956789328766,-0.610088388197615,-1.398068322076907,-1.73501406095189,-0.5089157048833953,-0.14453208855886093,-0.5481353923237118,-0.7439080194607247,-0.199781044509319,-0.46353411592672406,0.5250975786297319,-0.39182674681516794,-0.4380764825545392,-1.2870495258166494,-0.2405163329820863,-0.6159185107130316,-0.8101861608710927,-1.4991921320688446,0.3095564323157535,-0.0,-0.0,0.0,16-18,Mother-Daughter,3.5727272727272723,3.8295454545454546,0.5909090909090909,0,0
F1026,11,C5,Central,72,0,Rural,1,Male,1,Male,39,12.9,2,1.81,4.17,3.75,3.55,3,3,2,3,3,3,2.83,5,3,4,5,4,4.2,2,2,1,1,2,1.6,2.91,3,2,2,2,3,2,2.33,4,5,4,3,4,4.0,1,2,2,2,1,1.6,2.83,3,4,3,4,3.5,-0.6377956789328766,-0.0076704080715039435,-1.2115587624052442,-0.8183363902160408,-0.8853323472358098,0.1935803651199204,-0.9593452637191285,-0.3670773483183848,-0.199781044509319,-1.6397637392919346,0.39657273310222824,0.028161997202445964,0.21344658278020553,-0.6070495258166493,-0.2405163329820863,-0.6159185107130316,-0.010186160871092476,-1.2991921320688444,0.1460053258879348,-0.0,-0.0,0.0,12-15,Father-Son,3.5436,3.8,0.64,1,0
F1027,6,E6,Eastern,36,0,Rural,2,Female,2,Female,49,17.9,1,4.1,3.73,2.59,3.07,2,2,2,2,2,3,2.17,5,5,5,5,5,5.0,3,4,4,4,2,3.4,3.37,3,1,3,2,3,3,2.5,3,3,4,3,3,3.2,1,2,1,1,1,1.2,2.31,3,4,3,3,3.25,-1.3212386032385324,0.5947475720546067,0.46702727463972,-0.19823090707120175,-0.6971240260596026,-0.4826445422376423,-1.3705551351145455,-0.9794271889246866,-0.4074395453191151,0.19259397329740702,-0.31031391729904173,-1.543408786863464,-0.6095299208005248,-0.14704952581664932,-0.4905163329820863,-1.2759185107130318,0.7898138391289073,0.5008078679311554,0.07213019417033745,-0.0,-0.0,0.0,16-18,Mother-Daughter,3.4104347826086956,3.967391304347826,0.4782608695652174,0,0
F1029,11,C5,Central,72,0,Rural,2,Female,2,Female,40,15.8,4,1.16,4.17,3.75,3.55,2,2,1,2,1,1,1.5,3,4,3,3,3,3.2,5,4,5,4,4,4.4,3.14,2,1,2,3,3,2,2.17,4,4,4,4,3,3.8,3,3,3,2,3,2.8,2.93,3,3,2,3,2.75,-2.015036723367001,-0.7606928832291425,1.3995750729980339,-0.5082836486436213,-1.0624695906957697,0.02452413828052955,0.2742843504671218,-0.24931776358640356,-0.8227565469387071,-2.1598652734330144,0.39657273310222824,0.028161997202445964,0.21344658278020553,-0.3770495258166493,-0.9905163329820863,-1.9459185107130317,-1.0101861608710925,1.5008078679311558,0.37347371366454196,-0.0,-0.0,0.0,12-15,Mother-Daughter,3.5436,3.8,0.64,1,0
F1030,10,C4,Central,66,0,Rural,1,Male,1,Male,44,16.8,2,2.79,4.29,4.3,3.24,3,4,3,3,4,4,3.5,4,3,5,4,4,4.0,3,3,2,3,3,2.8,3.24,2,1,3,2,2,3,2.17,3,2,3,2,3,2.6,2,3,3,2,2,2.4,2.53,4,4,3,4,3.75,0.05600244119559184,-0.15827490310303177,-0.09250140437526819,-0.3734781088295257,-1.0624695906957697,-0.9898132227558145,-0.13692552092829502,-0.7203561025143285,0.007877456300477073,-0.8556106570484608,0.5893600013934839,0.773303317233696,-0.3180590757823488,-0.2770495258166492,0.0094836670179137,0.05408148928696832,-0.21018616087109265,-0.0991921320688447,-0.0026274454503159863,-0.0,0.0,-0.0,16-18,Father-Son,3.546666666666667,3.425925925925926,0.4444444444444444,1,0
F1035,17,W5,Western,117,0,Rural,2,Female,1,Male,44,19.6,3,2.31,3.66,2.8,2.69,5,5,5,3,4,5,4.5,4,3,4,3,3,3.4,2,2,3,2,3,2.4,3.4,3,4,4,4,4,4,3.83,2,1,3,2,2,2.0,1,1,2,2,1,1.4,2.28,2,3,3,2,2.5,1.091522023476888,-0.610088388197615,-0.4655205237185935,-0.1577892451269734,0.7753293102013137,-1.4969819032739868,-1.1649501994168372,-1.0147550643442813,-1.0304150477485032,-1.2396856361064887,-0.42277315713560715,-1.258900282851532,-1.2610529861352695,-0.11704952581664951,-1.2405163329820863,1.0540814892869683,-0.8101861608710927,-0.4991921320688446,0.1452018485433621,-0.0,-0.0,0.0,19-22,Mother-Son,3.5182352941176473,3.676470588235294,0.6470588235294118,0,1
F1036,4,E4,Eastern,22,0,Rural,2,Female,1,Male,41,14.4,5,4.75,3.42,2.84,2.72,4,4,3,3,4,4,3.67,2,2,2,2,2,2.0,2,2,3,1,1,1.8,2.28,2,2,2,2,2,2,2.0,2,1,1,2,1,1.4,2,1,1,1,1,1.2,1.65,2,2,1,1,1.5,0.23204077018341215,-1.6643198534183088,-1.0250492027335814,-1.6676112910448426,-1.250677911871977,-2.004150583792159,-1.3705551351145455,-1.7566404481557623,-1.8610490509876876,0.7126955074384869,-0.8083476937181184,-1.2047081868492593,-1.2096169546614735,-1.2370495258166496,-2.2405163329820863,0.22408148928696825,-2.2101861608710927,-1.0991921320688445,2.7716296672999485,-0.0,-0.0,0.0,12-15,Mother-Son,3.5074193548387096,3.4919354838709675,0.45161290322580644,0,0
F1037,10,C4,Central,66,0,Rural,1,Male,1,Male,42,16.0,3,4.22,4.29,4.3,3.24,3,5,6,6,5,6,5.17,2,2,2,3,2,2.2,2,2,1,3,3,2.2,3.62,4,4,3,3,3,3,3.33,4,5,5,3,4,4.2,3,2,2,2,3,2.4,3.43,4,5,4,4,4.25,1.7853201436053567,-1.513715358386781,-0.6520300833902559,0.13878294246403686,0.2217754243889392,0.3626365919593113,-0.13692552092829502,0.339480160073502,0.4231944579200692,0.2886127180619141,0.5893600013934839,0.773303317233696,-0.3180590757823488,0.10295047418335068,0.5094836670179137,1.7240814892869682,-2.0101861608710925,-0.6991921320688443,0.05245158510816656,0.0,0.0,0.0,16-18,Father-Son,3.546666666666667,3.425925925925926,0.4444444444444444,1,0
F1038,17,W5,Western,116,0,Rural,2,Female,2,Female,43,18.4,1,2.52,4.08,3.25,3.6,4,2,3,2,3,3,2.83,1,1,1,2,2,1.4,4,4,3,3,4,3.6,2.7,3,3,3,3,2,2,2.67,4,3,3,3,4,3.4,3,5,4,3,3,3.6,3.1,4,5,5,4,4.5,-0.6377956789328766,-2.116133338512892,0.6535368343113829,-1.101428023825641,-0.5089157048833953,-0.3135883153982518,1.0967040932579557,-0.04912646954203574,0.6308529587298652,-1.0716528327686017,0.25198228188378685,-0.6492392028259634,0.29917330190319874,-0.8170495258166492,0.7594836670179137,-0.6159185107130316,-2.8101861608710927,0.7008078679311556,-0.6205357700024763,-0.0,0.0,-0.0,16-18,Mother-Daughter,3.4620689655172416,4.017241379310345,0.5862068965517241,0,1
F1039,8,C2,Central,50,0,Rural,2,Female,2,Female,40,14.8,4,5.92,4.16,2.96,2.84,1,2,2,2,2,2,1.83,4,4,3,4,5,4.0,1,2,1,2,3,1.8,2.45,2,3,2,2,3,3,2.5,4,3,4,4,4,3.8,3,2,4,2,3,2.8,3.1,5,4,5,5,4.75,-1.673315261214173,-0.15827490310303177,-1.0250492027335814,-1.4384418733608797,-0.6971240260596026,0.02452413828052955,0.2742843504671218,-0.04912646954203574,0.8385114595396613,1.6488782688924302,0.3805071274112906,-1.0421318988424408,-1.0038728287662915,-1.0670495258166492,1.0094836670179137,-1.6159185107130316,-0.21018616087109265,-1.0991921320688445,-1.077169068211117,-0.0,0.0,-0.0,12-15,Mother-Daughter,3.4087878787878787,3.984848484848485,0.5454545454545454,1,0
F1040,14,W2,Western,98,0,Rural,1,Male,2,Female,46,18.8,3,5.11,3.58,3.19,3.23,5,4,6,4,5,5,4.83,7,6,7,5,5,6.0,2,1,1,1,2,1.4,4.32,3,4,3,3,2,5,3.33,4,4,5,4,4,4.2,1,1,1,1,2,1.2,3.29,3,4,2,4,3.25,1.433243485629716,1.3477700472122454,-1.398068322076907,1.0824217211627052,0.2217754243889392,0.3626365919593113,-1.3705551351145455,0.17461674144872832,-0.4074395453191151,1.0007517417320082,-0.5512980026631109,-0.7305273468293726,-0.3352044196069478,0.8029504741833509,-0.4905163329820863,1.3840814892869684,1.7898138391289073,-1.4991921320688446,-0.3938603221626446,0.0,-0.0,-0.0,16-18,Father-Daughter,3.403461538461538,3.8173076923076925,0.46153846153846156,0,1
F1041,15,W3,Western,99,0,Rural,2,Female,1,Male,51,20.2,3,3.85,4.43,3.47,4.21,4,5,4,5,5,5,4.67,3,3,2,4,5,3.4,1,2,2,1,1,1.4,2.99,2,4,2,2,3,3,2.67,3,3,4,3,3,3.2,1,1,2,1,2,1.4,2.19,2,2,2,2,2.0,1.2675603524647086,-0.610088388197615,-1.398068322076907,-0.7104919583647643,-0.5089157048833953,-0.4826445422376423,-1.1649501994168372,-1.120738690603064,-1.4457320493680954,-0.0074450782953155645,0.8142784810666147,-0.35118267481346305,1.3450392752037101,-0.5270495258166492,-1.7405163329820863,1.2240814892869682,-0.8101861608710927,-1.4991921320688446,0.9173383079743417,-0.0,-0.0,0.0,19-22,Mother-Son,3.5144,3.74,0.44,0,1
F1042,8,C2,Central,52,0,Rural,2,Female,1,Male,38,13.0,3,2.53,3.34,2.96,2.87,2,3,3,2,3,3,2.67,4,4,5,4,5,4.4,3,2,3,3,3,2.8,3.1,1,2,2,1,1,1,1.33,2,3,3,4,3,3.0,1,2,1,1,1,1.2,2.06,3,2,2,3,2.5,-0.8034788120978842,0.1429340869600239,-0.09250140437526819,-0.5622058645692595,-1.9924401188605587,-0.6517007690770332,-1.3705551351145455,-1.2738261507546393,-1.0304150477485032,-1.0636512707048928,-0.9368725392456222,-1.0421318988424408,-0.9524367972924954,-0.41704952581664934,-1.2405163329820863,-0.7759185107130318,0.1898138391289077,-0.0991921320688447,0.5173567484379877,-0.0,-0.0,0.0,12-15,Mother-Son,3.4015,3.575,0.5,1,0
F1043,12,C6,Central,82,0,Rural,1,Male,1,Male,38,12.1,5,1.96,3.02,3.37,3.47,2,3,3,3,3,2,2.67,4,3,4,2,3,3.2,4,5,4,4,4,4.2,3.43,2,4,3,3,2,4,3.0,4,5,4,4,4,4.2,3,3,5,4,5,4.0,3.67,7,7,6,6,6.5,-0.8034788120978842,-0.7606928832291425,1.213065513326371,-0.11734758318274442,-0.14357014024722803,0.3626365919593113,1.5079139646533726,0.6221031634302564,2.292120965208234,-1.519740308336301,-1.4509719213556365,-0.48666291481914503,0.07628383218341778,-0.08704952581664926,2.7594836670179137,-0.7759185107130318,-1.0101861608710925,1.3008078679311557,-0.24021174471269785,-0.0,0.0,-0.0,12-15,Father-Son,3.6412,4.06,0.6,1,0
F1044,14,W2,Western,98,0,Rural,2,Female,2,Female,50,20.5,3,3.04,3.58,3.19,3.23,3,3,2,2,3,2,2.5,5,4,4,4,4,4.2,2,2,1,1,1,1.4,2.73,3,3,2,3,3,2,2.67,2,3,3,2,2,2.4,1,2,2,2,2,1.8,2.14,4,3,2,3,3.0,-0.9795171410857045,-0.0076704080715039435,-1.398068322076907,-1.0609863618814128,-0.5089157048833953,-1.1588694495952054,-0.7537403280214202,-1.1796184829690544,-0.6150980461289112,-0.6555716054557379,-0.5512980026631109,-0.7305273468293726,-0.3352044196069478,-0.7870495258166494,-0.7405163329820863,-0.9459185107130317,-0.010186160871092476,-1.4991921320688446,0.5828230287330352,-0.0,-0.0,0.0,19-22,Mother-Daughter,3.403461538461538,3.8173076923076925,0.46153846153846156,0,1
F1045,6,E6,Eastern,37,0,Rural,2,Female,2,Female,43,18.5,2,4.21,3.39,3.05,2.85,1,1,1,1,2,1,1.17,4,5,4,4,4,4.2,2,3,3,1,3,2.4,2.84,3,3,3,2,1,2,2.33,3,2,2,2,1,2.0,2,2,2,3,3,2.4,2.1,2,3,2,1,2.0,-2.3567581855198285,-0.0076704080715039435,-0.4655205237185935,-0.912700268085908,-0.8853323472358098,-1.4969819032739868,-0.13692552092829502,-1.2267223168618469,-1.4457320493680954,0.28061115599820535,-0.856544510790932,-0.9201996828373274,-0.9867274849416925,-0.6770495258166496,-1.7405163329820863,-2.2759185107130318,-0.010186160871092476,-0.4991921320688446,1.1784157579216552,-0.0,-0.0,0.0,16-18,Mother-Daughter,3.7880000000000003,3.86,0.6,0,0
F1046,5,E5,Eastern,33,0,Rural,2,Female,1,Male,40,15.1,2,1.64,2.98,3.33,2.77,2,2,3,3,3,3,2.67,5,4,4,4,4,4.2,4,4,4,4,4,4.0,3.68,2,1,2,2,1,2,1.67,4,4,3,5,4,4.0,3,3,2,2,3,2.6,2.89,3,4,5,5,4.25,-0.8034788120978842,-0.0076704080715039435,1.0265559536547082,0.2196662663524942,-1.6160234765081443,0.1935803651199204,0.06867941476941361,-0.29642159747919605,0.4231944579200692,-1.7757902943749866,-1.5152343441193883,-0.5408550108214178,-1.123890235538481,0.16295047418335074,0.5094836670179137,-0.7759185107130318,-0.010186160871092476,1.1008078679311555,0.0830206051292414,0.0,0.0,0.0,12-15,Mother-Son,3.4548275862068967,4.094827586206897,0.6206896551724138,0,0
F1051,7,C1,Central,44,0,Rural,2,Female,2,Female,52,23.2,3,4.19,3.06,3.55,3.41,1,1,1,1,2,2,1.33,4,4,3,4,4,3.8,1,1,1,1,1,1.0,2.06,1,1,1,1,1,1,1.0,2,3,2,2,2,2.2,2,2,2,2,3,2.2,2.04,3,2,4,4,3.25,-2.191075052354821,-0.3088793981345596,-1.7710874414202322,-1.964183478635852,-2.357785683496726,-1.327925676434596,-0.3425304566260032,-1.2973780677010356,-0.4074395453191151,0.26460803187078785,-1.3867094985918846,-0.24279848280891803,-0.02658823076417361,-1.4570495258166494,-0.4905163329820863,-2.1159185107130316,-0.41018616087109283,-1.8991921320688445,0.7147065903768706,-0.0,-0.0,0.0,23-25,Mother-Daughter,3.2842105263157895,3.8552631578947367,0.5263157894736842,1,0
F1054,9,C3,Central,59,0,Rural,2,Female,2,Female,45,19.9,5,2.5,3.16,2.94,2.79,4,4,5,3,4,5,4.17,4,4,4,4,4,4.0,2,2,2,2,2,2.0,3.35,3,3,2,3,2,4,2.83,1,2,2,1,1,1.4,1,1,2,1,1,1.2,1.77,2,1,1,2,1.5,0.7498005613240603,-0.15827490310303177,-0.8385396430619187,-0.22519201503402086,-0.33177846142343526,-2.004150583792159,-1.3705551351145455,-1.6153289464773848,-1.8610490509876876,-1.0876559568960193,-1.2260534416825049,-1.0692279468435772,-1.089599547889284,-0.16704952581664934,-2.2405163329820863,0.7240814892869682,-0.21018616087109265,-0.8991921320688445,0.37427719100911555,-0.0,-0.0,0.0,19-22,Mother-Daughter,3.4848000000000003,3.6,0.56,1,0
F1059,18,W6,Western,126,0,Rural,2,Female,2,Female,40,13.8,1,6.58,4.33,3.87,2.65,4,4,6,5,5,4,4.67,6,7,7,7,6,6.6,2,1,2,2,2,1.8,4.41,3,1,3,3,3,3,2.67,5,5,5,6,5,5.2,2,3,3,3,2,2.6,3.48,4,3,4,4,3.75,1.2675603524647086,1.799583532306828,-1.0250492027335814,1.2037467069953909,-0.5089157048833953,1.2079177261562648,0.06867941476941361,0.3983599524394924,0.007877456300477073,2.1769813650972187,0.6536224241572357,0.19073828520926436,-1.3296343614336639,0.8929504741833507,0.0094836670179137,1.2240814892869682,2.389813839128907,-1.0991921320688445,0.008468444960643041,0.0,0.0,0.0,12-15,Mother-Daughter,3.7065217391304346,3.989130434782609,0.5652173913043478,0,1
F1061,18,W6,Western,121,0,Rural,2,Female,2,Female,51,21.3,2,3.62,3.74,2.85,2.64,4,4,4,3,3,3,3.5,5,5,5,4,4,4.6,4,4,4,4,4,4.0,3.94,2,3,2,3,2,2,2.33,4,4,5,4,5,4.4,2,2,3,3,3,2.6,3.12,3,3,3,3,3.0,0.05600244119559184,0.2935385819915511,1.0265559536547082,0.570160669869142,-0.8853323472358098,0.5316928187987021,0.06867941476941361,-0.025574552595639496,-0.6150980461289112,-0.19148100576062063,-0.2942483116081034,-1.1911601628486908,-1.346779705258262,0.4229504741833505,-0.7405163329820863,0.05408148928696832,0.389813839128907,1.1008078679311555,-0.3132017341752893,0.0,-0.0,-0.0,19-22,Mother-Daughter,3.6463636363636365,3.7954545454545454,0.5909090909090909,0,1
F1065,9,C3,Central,58,0,Rural,1,Male,2,Female,44,14.3,3,2.78,3.04,2.73,3.17,4,4,2,4,3,4,3.5,2,3,2,3,4,2.8,1,2,1,1,3,1.6,2.58,3,2,4,3,3,3,3.0,2,4,2,3,3,2.8,2,2,2,2,2,2.0,2.55,4,3,3,3,3.25,0.05600244119559184,-1.061901873292198,-1.2115587624052442,-1.2631946716025557,-0.14357014024722803,-0.820756995916424,-0.5481353923237118,-0.6968041855679322,-0.4074395453191151,-0.8636122191121699,-1.4188407099737605,-1.3537364508555092,-0.4380764825545392,-0.9370495258166494,-0.4905163329820863,0.05408148928696832,-1.4101861608710928,-1.2991921320688444,0.45963809722618565,-0.0,-0.0,0.0,12-15,Father-Daughter,3.3766666666666665,3.475,0.43333333333333335,1,0
F1066,2,E2,Eastern,12,0,Rural,2,Female,2,Female,42,16.8,3,2.34,3.05,2.8,2.59,2,3,1,3,2,2,2.17,5,5,5,4,5,4.8,2,1,2,2,2,1.8,2.81,3,3,3,2,3,3,2.83,4,3,3,2,2,2.8,1,1,2,2,1,1.4,2.44,3,2,3,3,2.75,-1.3212386032385324,0.4441430770230789,-1.0250492027335814,-0.9531419300301364,-0.33177846142343526,-0.820756995916424,-1.1649501994168372,-0.8263397287731113,-0.8227565469387071,-1.2156809499153622,-1.402775104282823,-1.258900282851532,-1.4325064243812553,-0.7070495258166494,-0.9905163329820863,-1.2759185107130318,0.5898138391289072,-1.0991921320688445,0.7003441035486305,-0.0,-0.0,0.0,16-18,Mother-Daughter,3.502,3.24,0.6,0,0
F1067,8,C2,Central,53,0,Rural,2,Female,2,Female,41,14.3,4,4.25,2.95,2.41,3.09,3,3,3,2,2,3,2.67,4,4,4,4,4,4.0,2,2,1,2,3,2.0,2.8,3,3,3,3,3,3,3.0,4,4,5,3,5,4.2,3,2,4,4,3,3.2,3.49,5,3,4,5,4.25,-0.8034788120978842,-0.15827490310303177,-0.8385396430619187,-0.9666224840115462,-0.14357014024722803,0.3626365919593113,0.685494221862539,0.41013591091269075,0.4231944579200692,0.3126174042530411,-1.5634311611922018,-1.787273218873691,-0.5752392331513277,-0.7170495258166496,0.5094836670179137,-0.7759185107130318,-0.21018616087109265,-0.8991921320688445,-0.3653250218465228,-0.0,0.0,-0.0,12-15,Mother-Daughter,3.6231578947368424,3.8026315789473686,0.5789473684210527,1,0
F1068,12,C6,Central,83,0,Rural,1,Male,2,Female,44,16.9,4,1.12,3.81,3.97,3.46,5,5,5,5,4,5,4.83,4,3,4,5,3,3.8,3,3,1,2,1,2.0,3.35,3,2,3,3,4,3,3.0,3,3,4,3,3,3.2,1,1,1,1,3,1.4,2.47,2,2,1,1,1.5,1.433243485629716,-0.3088793981345596,-0.8385396430619187,-0.22519201503402086,-0.14357014024722803,-0.4826445422376423,-1.1649501994168372,-0.7910118533535166,-1.8610490509876876,-2.1918715216878497,-0.18178907177153797,0.3262185252149464,0.05913848835881884,-0.16704952581664934,-2.2405163329820863,1.3840814892869684,-0.41018616087109283,-0.8991921320688445,0.37427719100911555,-0.0,-0.0,0.0,16-18,Father-Daughter,3.5046666666666666,3.9916666666666667,0.6666666666666666,1,0
F1069,3,E3,Eastern,15,0,Rural,2,Female,2,Female,43,12.6,2,1.25,4.68,4.44,3.04,4,4,3,3,3,3,3.33,4,3,3,3,3,3.2,1,1,1,2,1,1.2,2.91,4,4,4,3,4,3,3.67,5,4,5,4,4,4.4,1,2,3,2,2,2.0,3.43,5,5,4,3,4.25,-0.12003588779222847,-0.7606928832291425,-1.5845778817485696,-0.8183363902160408,0.5981920667413537,0.5316928187987021,-0.5481353923237118,0.339480160073502,0.4231944579200692,-2.087851214859634,1.2159186233400636,0.9629756532416515,-0.6609659522743202,-0.6070495258166493,0.5094836670179137,-0.11591851071303161,-1.0101861608710925,-1.6991921320688446,-0.30928181847455216,-0.0,0.0,-0.0,12-15,Mother-Daughter,3.4895833333333335,3.5416666666666665,0.4166666666666667,0,0
F1070,3,E3,Eastern,18,0,Rural,2,Female,2,Female,44,16.9,2,1.6,4.05,3.49,3.46,5,4,4,5,5,4,4.5,4,3,4,3,3,3.4,2,2,3,3,3,2.6,3.64,3,3,4,4,3,4,3.5,5,3,4,4,5,4.2,2,3,2,2,2,2.2,3.2,4,4,4,4,4.0,1.091522023476888,-0.610088388197615,-0.27901096404693065,0.16574405042685597,0.40998374556514644,0.3626365919593113,-0.3425304566260032,0.06863311518994548,0.21553595711027312,-1.807796542629822,0.2037854648109726,-0.32408662681232664,0.05913848835881884,0.1229504741833507,0.2594836670179137,1.0540814892869683,-0.8101861608710927,-0.29919213206884443,0.031903639902687166,0.0,0.0,0.0,16-18,Mother-Daughter,3.6612500000000003,3.71875,0.7083333333333334,0,0
F1071,12,C6,Central,83,0,Rural,1,Male,1,Male,40,18.8,3,2.26,3.81,3.97,3.46,2,4,5,3,2,3,3.17,3,4,2,3,3,3.0,2,2,2,2,2,2.0,2.87,2,2,3,2,3,2,2.33,2,4,3,3,3,3.0,1,1,1,1,1,1.0,2.31,3,2,3,3,2.75,-0.285719020957236,-0.9112973782606704,-0.8385396430619187,-0.8722586061416789,-0.8853323472358098,-0.6517007690770332,-1.576160070812254,-0.9794271889246866,-0.8227565469387071,-1.2796934464250336,-0.18178907177153797,0.3262185252149464,0.05913848835881884,-0.6470495258166493,-0.9905163329820863,-0.27591851071303175,-1.2101861608710927,-0.8991921320688445,0.6409131235697053,-0.0,-0.0,0.0,16-18,Father-Son,3.5046666666666666,3.9916666666666667,0.6666666666666666,1,0
F1073,16,W4,Western,107,0,Rural,2,Female,1,Male,45,18.9,2,5.01,3.59,2.9,2.83,6,7,5,4,5,6,5.5,2,1,2,2,3,2.0,4,3,3,3,4,3.4,3.52,5,5,4,4,4,4,4.33,4,3,3,3,3,3.2,1,2,2,1,3,1.8,2.97,4,4,4,3,3.75,2.1270416057581847,-1.6643198534183088,0.46702727463972,0.003977402649941291,1.3288831960136882,-0.4826445422376423,-0.7537403280214202,-0.20221392969361107,0.007877456300477073,0.9207361210949185,-0.5352323969721733,-1.12342004284585,-1.0210181725908896,0.002950474183350593,0.0094836670179137,2.0540814892869683,-2.2101861608710927,0.5008078679311554,2.798131469984788e-05,0.0,0.0,0.0,16-18,Mother-Son,3.7623809523809526,4.142857142857143,0.5238095238095238,0,1
F1075,6,E6,Eastern,36,0,Rural,2,Female,2,Female,51,18.7,3,4.96,3.73,2.59,3.07,4,4,4,4,4,5,4.17,7,6,7,6,5,6.2,5,6,5,5,5,5.2,4.98,4,4,4,4,3,4,3.83,5,6,5,5,4,5.0,3,3,3,2,2,2.6,3.55,3,3,3,3,3.0,0.7498005613240603,1.498374542243773,2.1456133116846843,1.9721382839357353,0.7753293102013137,1.038861499316874,0.06867941476941361,0.480791661751879,-0.6150980461289112,0.8807283107763741,-0.31031391729904173,-1.543408786863464,-0.6095299208005248,1.462950474183351,-0.7405163329820863,0.7240814892869682,1.9898138391289075,2.3008078679311557,-1.0833387204766594,0.0,-0.0,-0.0,16-18,Mother-Daughter,3.4104347826086956,3.967391304347826,0.4782608695652174,0,0
F1077,3,E3,Eastern,21,0,Rural,1,Male,1,Male,42,16.8,3,3.26,4.0,4.15,3.16,1,2,1,1,1,2,1.33,2,2,2,2,2,2.0,3,4,4,4,4,3.8,2.32,2,1,1,2,1,2,1.5,1,2,3,4,2,2.4,2,2,2,3,2,2.2,1.91,3,3,3,4,3.25,-2.191075052354821,-1.6643198534183088,0.8400463939830453,-1.6136890751192043,-1.8042317976843516,-1.1588694495952054,-0.3425304566260032,-1.4504655278526113,-0.4074395453191151,-0.47953724005414194,0.1234574363562831,0.570082957225174,-0.4552218263791374,-1.1970495258166496,-0.4905163329820863,-2.1159185107130316,-2.2101861608710927,0.9008078679311553,0.5871723438015282,-0.0,-0.0,0.0,16-18,Father-Son,3.367142857142857,3.4107142857142856,0.6071428571428571,0,0
F1079,3,E3,Eastern,16,0,Rural,2,Female,1,Male,44,17.1,2,2.81,2.85,2.85,2.75,4,6,5,5,5,4,4.83,2,2,1,1,1,1.4,4,4,3,3,4,3.6,3.45,4,4,4,4,5,3,4.0,5,3,3,3,4,3.6,4,3,4,3,4,3.6,3.84,5,5,5,5,5.0,1.433243485629716,-2.116133338512892,0.6535368343113829,-0.09038647521992531,0.9635376313775209,-0.14453208855886093,1.0967040932579557,0.8222944574746243,1.0461699603494574,-0.839607532921043,-1.7240872181015816,-1.1911601628486908,-1.1581809231876783,-0.06704952581664925,1.2594836670179137,1.3840814892869684,-2.8101861608710927,0.7008078679311556,-0.08444778264736567,-0.0,0.0,-0.0,16-18,Mother-Son,3.6174074074074074,3.6666666666666665,0.48148148148148145,0,0
F1080,1,E1,Eastern,1,0,Rural,2,Female,2,Female,35,13.0,3,3.78,2.48,2.61,2.17,3,4,5,3,4,4,3.83,2,2,3,2,2,2.2,3,3,2,3,1,2.4,2.89,4,4,4,4,4,3,3.83,3,4,2,3,2,2.8,2,1,1,2,2,1.6,2.7,2,3,3,2,2.5,0.3977239033484197,-1.513715358386781,-0.4655205237185935,-0.8452974981788599,0.7753293102013137,-0.820756995916424,-0.9593452637191285,-0.5201648084699602,-1.0304150477485032,-0.06345601274127821,-2.318514628666286,-1.5163127388623276,-2.152610865014394,-0.6270495258166493,-1.2405163329820863,0.3840814892869684,-2.0101861608710925,-0.4991921320688446,0.7778651783642259,-0.0,-0.0,0.0,12-15,Mother-Daughter,3.475909090909091,3.6363636363636362,0.4090909090909091,0,0
F1083,16,W4,Western,111,0,Rural,2,Female,2,Female,47,19.2,2,5.29,3.08,2.11,2.9,4,4,5,5,5,4,4.5,5,6,4,4,5,4.8,2,1,1,2,2,1.6,3.26,4,3,3,4,3,4,3.5,4,5,4,4,4,4.2,2,2,3,2,3,2.4,3.41,3,4,4,4,3.75,1.091522023476888,0.4441430770230789,-1.2115587624052442,-0.34651700086670717,0.40998374556514644,0.3626365919593113,-0.13692552092829502,0.31592824312710577,0.007877456300477073,1.1447798588787685,-1.3545782872100087,-2.193713938890737,-0.9010007658187,-0.25704952581664964,0.0094836670179137,1.0540814892869683,0.5898138391289072,-1.2991921320688444,-0.002437772109957716,-0.0,0.0,-0.0,19-22,Mother-Daughter,3.7265384615384614,4.144230769230769,0.7692307692307693,0,1
F1086,4,E4,Eastern,24,0,Rural,1,Male,2,Female,41,15.9,1,3.59,3.62,3.33,3.54,5,3,5,4,4,4,4.17,4,4,4,4,4,4.0,3,4,4,4,4,3.8,4.0,3,3,3,3,3,3,3.0,2,1,2,3,2,2.0,2,2,2,2,2,2.0,2.36,2,2,1,2,1.75,0.7498005613240603,-0.15827490310303177,0.8400463939830453,0.6510439937575994,-0.14357014024722803,-1.4969819032739868,-0.5481353923237118,-0.9205473965586963,-1.6533905501778914,-0.2154856919517476,-0.48703557989935903,-0.5408550108214178,0.19630123895560736,0.4829504741833506,-1.9905163329820863,0.7240814892869682,-0.21018616087109265,0.9008078679311553,-0.9613208068834027,0.0,-0.0,-0.0,12-15,Father-Daughter,3.5157692307692305,3.4615384615384617,0.4230769230769231,0,0
F1088,6,E6,Eastern,41,0,Rural,2,Female,2,Female,46,15.6,3,1.41,3.21,4.31,2.5,2,2,2,2,2,2,2.0,2,3,2,2,2,2.2,2,2,4,2,2,2.4,2.46,3,2,1,3,2,2,2.17,4,3,2,4,3,3.2,2,1,2,1,2,1.6,1.98,4,2,3,3,3.0,-1.4972769322263526,-1.513715358386781,-0.4655205237185935,-1.4249613193794706,-1.0624695906957697,-0.4826445422376423,-0.9593452637191285,-1.3680338185402243,-0.6150980461289112,-1.9598262218402913,-1.1457254132278154,0.7868513412342639,-1.586814518802642,-1.0570495258166495,-0.7405163329820863,-1.4459185107130317,-2.0101861608710925,-0.4991921320688446,0.7827624386381984,-0.0,-0.0,0.0,12-15,Mother-Daughter,3.464090909090909,3.465909090909091,0.5454545454545454,0,0
F1089,16,W4,Western,110,0,Rural,2,Female,2,Female,41,14.1,3,1.72,3.88,3.51,2.65,4,3,4,3,4,3,3.5,3,4,5,3,4,3.8,4,5,3,4,4,4.0,3.92,3,3,3,3,3,4,3.17,2,3,3,2,3,2.6,2,2,2,2,2,2.0,2.64,3,4,2,4,3.25,0.05600244119559184,-0.3088793981345596,1.0265559536547082,0.5431995619063229,0.04463818092897921,-0.9898132227558145,-0.5481353923237118,-0.5908205593091489,-0.4074395453191151,-1.7117777978653153,-0.06932983193497254,-0.29699057881119084,-1.3296343614336639,0.4029504741833505,-0.4905163329820863,0.05408148928696832,-0.41018616087109283,1.1008078679311555,-0.19765378896980992,0.0,-0.0,-0.0,12-15,Mother-Daughter,3.667333333333333,3.941666666666667,0.5333333333333333,0,1
F1090,8,C2,Central,50,0,Rural,2,Female,1,Male,44,17.5,2,3.22,4.16,2.96,2.84,3,3,3,2,3,2,2.67,4,4,3,4,4,3.8,4,4,4,5,4,4.2,3.7,2,3,1,2,2,2,2.0,4,4,4,4,4,4.0,3,3,3,1,3,2.6,2.95,4,4,5,4,4.25,-0.8034788120978842,-0.3088793981345596,1.213065513326371,0.2466273743153133,-1.250677911871977,0.1935803651199204,0.06867941476941361,-0.22576584664000732,0.4231944579200692,-0.5115434883089772,0.3805071274112906,-1.0421318988424408,-1.0038728287662915,0.18295047418335075,0.5094836670179137,-0.7759185107130318,-0.41018616087109283,1.3008078679311557,0.09321027846959969,0.0,0.0,0.0,16-18,Mother-Son,3.4087878787878787,3.984848484848485,0.5454545454545454,1,0
F1091,4,E4,Eastern,27,0,Rural,2,Female,1,Male,50,19.6,5,3.5,3.06,2.86,2.82,2,3,2,2,3,3,2.5,2,3,2,3,4,2.8,2,1,2,2,1,1.6,2.36,3,3,4,3,3,2,3.0,3,2,2,3,3,2.6,2,3,2,2,1,2.0,2.31,4,4,4,4,4.0,-0.9795171410857045,-1.061901873292198,-1.2115587624052442,-1.559766859193566,-0.14357014024722803,-0.9898132227558145,-0.5481353923237118,-0.9794271889246866,0.21553595711027312,-0.2874997505251277,-1.3867094985918846,-1.1776121388481229,-1.0381635164154885,-1.1570495258166495,0.2594836670179137,-0.9459185107130317,-1.4101861608710928,-1.2991921320688444,-0.3002354538802424,-0.0,0.0,-0.0,19-22,Mother-Son,3.616842105263158,4.0,0.631578947368421,0,0
F1093,9,C3,Central,61,0,Rural,1,Male,1,Male,37,13.4,5,3.83,3.55,2.98,3.67,3,2,2,3,2,1,2.17,4,3,3,3,2,3.0,2,3,3,1,3,2.4,2.36,3,2,1,3,2,2,2.17,2,3,2,2,2,2.2,1,2,1,1,3,1.6,2.21,3,3,3,3,3.0,-1.3212386032385324,-0.9112973782606704,-0.4655205237185935,-1.559766859193566,-1.0624695906957697,-1.327925676434596,-0.9593452637191285,-1.0971867736566678,-0.6150980461289112,-0.023448202422733412,-0.5994948197359252,-1.0150358508413044,0.4191907086753883,-1.1570495258166495,-0.7405163329820863,-1.2759185107130318,-1.2101861608710927,-0.4991921320688446,0.8568140719364071,-0.0,-0.0,0.0,12-15,Father-Son,3.3058333333333336,3.7083333333333335,0.375,1,0
F1094,13,W1,Western,89,0,Rural,1,Male,1,Male,45,19.7,3,2.07,3.01,3.49,2.63,3,2,4,3,3,3,3.0,4,4,4,4,3,3.8,3,5,3,4,4,3.8,3.54,1,2,3,3,2,2,2.17,2,2,3,1,2,2.0,1,1,1,1,1,1.0,1.69,1,1,2,1,1.25,-0.46175734994505635,-0.3088793981345596,0.8400463939830453,0.030938510612760404,-1.0624695906957697,-1.4969819032739868,-1.576160070812254,-1.7095366142629698,-2.0687075517974836,-1.431723125635503,-1.4670375270465748,-0.32408662681232664,-1.363925049082861,0.02295047418335061,-2.4905163329820863,-0.4459185107130317,-0.41018616087109283,0.9008078679311553,-0.057158530803318404,0.0,-0.0,-0.0,19-22,Father-Son,3.5733333333333337,3.8425925925925926,0.6296296296296297,0,1
F1095,4,E4,Eastern,25,0,Rural,1,Male,2,Female,47,15.9,4,3.44,4.55,4.22,4.46,2,2,2,1,2,2,1.83,5,4,4,4,4,4.2,3,3,3,2,3,2.8,3.16,3,3,2,3,2,3,2.67,4,3,4,4,5,4.0,2,3,2,2,2,2.2,2.92,3,4,3,3,3.25,-1.673315261214173,-0.0076704080715039435,-0.09250140437526819,-0.48132254068080216,-0.5089157048833953,0.1935803651199204,-0.3425304566260032,-0.26109372205960196,-0.4074395453191151,-0.3355091229073813,1.0070657493578703,0.6649191252291504,1.773672870818674,-0.3570495258166493,-0.4905163329820863,-1.6159185107130316,-0.010186160871092476,-0.0991921320688447,0.17513862409657555,-0.0,-0.0,0.0,12-15,Father-Daughter,3.2065217391304346,3.641304347826087,0.2608695652173913,0,0
F1098,4,E4,Eastern,28,0,Rural,2,Female,2,Female,53,24.6,2,4.54,4.63,3.85,2.57,5,3,4,3,3,4,3.67,2,2,3,4,3,2.8,2,2,1,2,2,1.8,2.54,4,3,3,2,3,3,3.0,2,1,2,1,1,1.4,3,3,3,2,2,2.6,2.19,5,3,4,3,3.75,0.23204077018341215,-1.061901873292198,-1.0250492027335814,-1.317116887528194,-0.14357014024722803,-2.004150583792159,0.06867941476941361,-1.120738690603064,0.007877456300477073,0.5446627041005997,1.1355905948853742,0.16364223720812796,-1.4667971120304524,-0.9770495258166494,0.0094836670179137,0.22408148928696825,-1.4101861608710928,-1.0991921320688445,-0.009266012362855578,-0.0,0.0,-0.0,23-25,Mother-Daughter,3.8549999999999995,3.6,0.7,0,0
F1099,7,C1,Central,44,0,Rural,2,Female,1,Male,42,14.7,3,2.55,3.06,3.55,3.41,1,2,2,1,1,1,1.33,4,3,3,3,3,3.2,2,3,4,3,2,2.8,2.5,2,2,2,3,2,2,2.17,3,3,3,4,4,3.4,1,1,1,2,1,1.2,2.27,3,3,3,3,3.0,-2.191075052354821,-0.7606928832291425,-0.09250140437526819,-1.3710391034538323,-1.0624695906957697,-0.3135883153982518,-1.3705551351145455,-1.026531022817479,-0.6150980461289112,-1.047648146577475,-1.3867094985918846,-0.24279848280891803,-0.02658823076417361,-1.0170495258166494,-0.7405163329820863,-2.1159185107130316,-1.0101861608710925,-0.0991921320688447,0.753141785318915,-0.0,-0.0,0.0,12-15,Mother-Son,3.2842105263157895,3.8552631578947367,0.5263157894736842,1,0
F1105,6,E6,Eastern,36,0,Rural,1,Male,2,Female,48,20.0,2,2.78,3.73,2.59,3.07,4,5,4,5,4,4,4.33,4,3,4,3,4,3.6,2,2,3,1,2,2.0,3.2,3,3,3,4,3,4,3.33,2,3,3,3,2,2.6,3,1,2,2,2,2.0,2.67,3,4,4,4,3.75,0.9154836944890679,-0.4594838931660871,-0.8385396430619187,-0.42740032475516393,0.2217754243889392,-0.9898132227558145,-0.5481353923237118,-0.5554926838895548,0.007877456300477073,-0.8636122191121699,-0.31031391729904173,-1.543408786863464,-0.6095299208005248,-0.31704952581664925,0.0094836670179137,0.8840814892869684,-0.6101861608710926,-0.8991921320688445,-0.0030067921310325345,-0.0,0.0,-0.0,19-22,Father-Daughter,3.4104347826086956,3.967391304347826,0.4782608695652174,0,0
F1113,5,E5,Eastern,29,0,Rural,1,Male,1,Male,48,16.1,4,4.09,3.32,2.76,2.84,2,2,3,4,2,3,2.67,3,3,2,3,3,2.8,1,1,1,1,1,1.0,1.98,3,3,3,2,3,2,2.67,2,2,2,3,2,2.2,3,4,3,4,3,3.4,2.73,5,6,5,6,5.5,-0.8034788120978842,-1.061901873292198,-1.7710874414202322,-2.0720279104871286,-0.5089157048833953,-1.327925676434596,0.8910991575602472,-0.484836933050366,1.4614869619690496,0.18459241123369827,-0.9690037506274981,-1.313092378853805,-1.0038728287662915,-1.5370495258166494,1.7594836670179137,-0.7759185107130318,-1.4101861608710928,-1.8991921320688445,-2.704413536072024,-0.0,0.0,-0.0,16-18,Father-Son,3.325,3.775,0.4,0,0
F1114,9,C3,Central,58,0,Rural,1,Male,2,Female,42,12.5,4,3.43,3.04,2.73,3.17,3,3,3,3,4,3,3.17,5,6,5,7,6,5.8,4,3,2,4,3,3.2,4.05,2,2,3,4,2,2,2.5,5,5,5,5,5,5.0,2,3,3,3,3,2.8,3.34,3,5,4,4,4.0,-0.285719020957236,1.1971655521807174,0.28051771496805755,0.7184467636646469,-0.6971240260596026,1.038861499316874,0.2742843504671218,0.23349653381471866,0.21553595711027312,-0.34351068497109005,-1.4188407099737605,-1.3537364508555092,-0.4380764825545392,0.5329504741833504,0.2594836670179137,-0.27591851071303175,1.5898138391289072,0.30080786793115566,0.1382919433800317,0.0,0.0,0.0,12-15,Father-Daughter,3.3766666666666665,3.475,0.43333333333333335,1,0
F1121,12,C6,Central,80,0,Rural,1,Male,2,Female,43,16.6,3,3.4,4.09,3.92,3.52,2,2,2,3,2,2,2.17,4,4,4,4,4,4.0,4,5,3,3,4,3.8,3.09,3,2,2,2,2,3,2.33,4,4,3,4,4,3.8,1,2,1,2,1,1.4,2.73,3,2,2,2,2.25,-1.3212386032385324,-0.15827490310303177,0.8400463939830453,-0.5756864185506694,-0.8853323472358098,0.02452413828052955,-1.1649501994168372,-0.484836933050366,-1.2380735485582992,-0.367515371162217,0.2680478875747245,0.2584784052121051,0.16201055130641023,-0.42704952581664957,-1.4905163329820863,-1.2759185107130318,-0.21018616087109265,0.9008078679311553,0.6365242932219713,-0.0,-0.0,0.0,16-18,Father-Daughter,3.4740625,3.40625,0.53125,1,0
F1122,1,E1,Eastern,6,0,Rural,2,Female,2,Female,46,16.8,2,1.92,3.78,2.24,2.08,2,2,2,1,2,3,2.0,4,3,4,4,3,3.6,2,1,2,1,2,1.6,2.48,2,2,2,2,3,2,2.17,3,2,2,2,2,2.2,2,2,1,1,2,1.6,1.86,2,2,2,2,2.0,-1.4972769322263526,-0.4594838931660871,-1.2115587624052442,-1.3980002114166514,-1.0624695906957697,-1.327925676434596,-0.9593452637191285,-1.5093453202186016,-1.4457320493680954,-1.5517465565911368,-0.22998588884435223,-2.01758962688335,-2.306918959435781,-1.0370495258166494,-1.7405163329820863,-1.4459185107130317,-0.6101861608710926,-1.2991921320688444,1.805001637795206,-0.0,-0.0,0.0,16-18,Mother-Daughter,3.266111111111111,3.9722222222222223,0.5555555555555556,0,0
F1123,3,E3,Eastern,15,0,Rural,2,Female,1,Male,43,17.4,1,2.73,4.68,4.44,3.04,2,3,3,3,3,2,2.67,4,4,4,4,5,4.2,2,3,2,2,3,2.4,3.17,3,2,3,3,3,3,2.83,4,3,3,3,3,3.2,1,1,1,1,1,1.0,2.43,4,3,3,3,3.25,-0.8034788120978842,-0.0076704080715039435,-0.4655205237185935,-0.46784198669939286,-0.33177846142343526,-0.4826445422376423,-1.576160070812254,-0.8381156872463091,-0.4074395453191151,-0.9036200294307144,1.2159186233400636,0.9629756532416515,-0.6609659522743202,-0.3470495258166495,-0.4905163329820863,-0.7759185107130318,-0.010186160871092476,-0.4991921320688446,0.1702334607667548,-0.0,-0.0,0.0,16-18,Mother-Son,3.4895833333333335,3.5416666666666665,0.4166666666666667,0,0
F1125,6,E6,Eastern,42,0,Rural,1,Male,1,Male,46,18.6,2,3.88,3.18,3.09,3.67,5,4,4,5,5,5,4.67,3,4,3,4,4,3.6,4,4,3,3,3,3.4,3.79,6,5,5,5,4,5,5.0,3,4,3,3,4,3.4,4,2,2,2,2,2.4,3.45,4,4,5,4,4.25,1.2675603524647086,-0.4594838931660871,0.46702727463972,0.36795236014799904,2.07064540300227,-0.3135883153982518,-0.13692552092829502,0.36303207701989826,0.4231944579200692,0.01655960789581103,-1.193922230300629,-0.8660075868350546,0.4191907086753883,0.2729504741833506,0.5094836670179137,1.2240814892869682,-0.6101861608710926,0.5008078679311554,0.13906380850121186,0.0,0.0,0.0,16-18,Father-Son,3.636060606060606,3.909090909090909,0.5757575757575758,0,0
F1127,16,W4,Western,112,0,Rural,2,Female,1,Male,44,17.5,4,3.85,3.61,3.08,3.45,2,2,2,3,2,2,2.17,4,4,3,4,4,3.8,2,2,3,3,3,2.6,2.93,2,3,3,3,3,3,2.83,4,5,4,5,4,4.4,3,2,3,3,3,2.8,3.39,5,5,6,5,5.25,-1.3212386032385324,-0.3088793981345596,-0.27901096404693065,-0.7913752822532216,-0.33177846142343526,0.5316928187987021,0.2742843504671218,0.2923763261807095,1.2538284611592534,-0.0074450782953155645,-0.5031011855902974,-0.8795556108356225,0.04199314453422065,-0.5870495258166493,1.5094836670179137,-1.2759185107130318,-0.41018616087109283,-0.29919213206884443,-0.8861416709508432,-0.0,0.0,-0.0,16-18,Mother-Son,3.465,3.9166666666666665,0.3333333333333333,0,1
F1135,7,C1,Central,44,0,Rural,1,Male,2,Female,47,16.6,3,3.79,3.06,3.55,3.41,4,2,2,3,4,2,2.83,3,4,4,4,4,3.8,2,2,2,2,2,2.0,3.11,1,2,2,2,3,2,2.0,5,4,4,3,3,3.8,1,1,1,2,2,1.4,2.62,5,4,5,5,4.75,-0.6377956789328766,-0.3088793981345596,-0.8385396430619187,-0.5487253105878502,-1.250677911871977,0.02452413828052955,-1.1649501994168372,-0.6143724762555451,0.8385114595396613,-0.05545445067756911,-1.3867094985918846,-0.24279848280891803,-0.02658823076417361,-0.40704952581664955,1.0094836670179137,-0.6159185107130316,-0.41018616087109283,-0.8991921320688445,-0.4109098479792943,-0.0,0.0,-0.0,16-18,Father-Daughter,3.2842105263157895,3.8552631578947367,0.5263157894736842,1,0
F1139,5,E5,Eastern,32,0,Rural,1,Male,2,Female,53,25.8,2,4.36,3.47,4.33,4.2,1,1,2,1,2,2,1.5,4,3,3,2,4,3.2,5,5,4,4,3,4.2,3.08,2,1,3,2,2,4,2.33,2,1,2,2,3,2.0,2,1,1,1,2,1.4,1.75,2,2,2,2,2.0,-2.015036723367001,-0.7606928832291425,1.213065513326371,-0.5891669725320786,-0.8853323472358098,-1.4969819032739868,-1.1649501994168372,-1.638880863423781,-1.4457320493680954,0.4006345869538394,-0.7280196652634282,0.8139473892354009,1.3278939313791118,-0.43704952581664935,-1.7405163329820863,-1.9459185107130317,-1.0101861608710925,1.3008078679311557,0.7606918380059542,-0.0,-0.0,0.0,23-25,Father-Daughter,3.5572000000000004,3.65,0.56,0,0
F1141,10,C4,Central,65,0,Rural,2,Female,1,Male,40,20.3,3,2.13,3.33,2.3,2.29,2,2,2,2,3,2,2.17,5,4,5,4,5,4.6,7,6,7,7,6,6.6,4.31,1,2,3,1,1,2,1.67,4,5,4,4,4,4.2,5,6,6,6,6,5.8,3.87,6,5,5,5,5.25,-1.3212386032385324,0.2935385819915511,3.4511802293863227,1.0689411671812947,-1.6160234765081443,0.3626365919593113,3.3583583859327484,0.8576223328942189,1.2538284611592534,-1.3837137532532495,-0.9529381449365598,-1.9363014828799414,-1.9468667391192114,0.7929504741833502,1.5094836670179137,-1.2759185107130318,0.389813839128907,3.700807867931155,1.1969457895338769,0.0,0.0,0.0,19-22,Mother-Son,3.693157894736842,4.078947368421052,0.6842105263157895,1,0
F1143,8,C2,Central,55,0,Rural,1,Male,2,Female,46,17.4,4,2.37,2.83,3.56,2.69,3,2,3,3,3,3,2.83,3,3,4,3,3,3.2,4,5,3,4,3,3.8,3.34,2,3,2,3,3,2,2.5,2,3,3,4,3,3.0,1,1,2,3,2,1.8,2.74,4,4,4,4,4.0,-0.6377956789328766,-0.7606928832291425,0.8400463939830453,-0.2386725690154307,-0.6971240260596026,-0.6517007690770332,-0.7537403280214202,-0.4730609745771676,0.21553595711027312,-1.1916762637242353,-1.7562184294834575,-0.22925045880834952,-1.2610529861352695,-0.17704952581664957,0.2594836670179137,-0.6159185107130316,-1.0101861608710925,0.9008078679311553,-0.04594146020268701,-0.0,0.0,-0.0,16-18,Father-Daughter,3.4669565217391303,4.0978260869565215,0.5217391304347826,1,0
F1145,1,E1,Eastern,6,0,Rural,2,Female,1,Male,40,17.9,1,6.69,3.78,2.24,2.08,2,3,3,2,2,3,2.5,4,3,3,4,4,3.6,3,5,4,3,3,3.6,3.27,2,3,3,3,2,3,2.67,3,3,3,3,3,3.0,3,4,4,3,4,3.6,2.99,5,5,4,5,4.75,-0.9795171410857045,-0.4594838931660871,0.6535368343113829,-0.3330364468852973,-0.5089157048833953,-0.6517007690770332,1.0967040932579557,-0.17866201274721483,0.8385114595396613,2.264998547798017,-0.22998588884435223,-2.01758962688335,-2.306918959435781,-0.2470495258166494,1.0094836670179137,-0.9459185107130317,-0.6101861608710926,0.7008078679311556,-0.24939246125642797,-0.0,0.0,-0.0,16-18,Mother-Son,3.266111111111111,3.9722222222222223,0.5555555555555556,0,0
F1146,6,E6,Eastern,40,0,Rural,1,Male,2,Female,44,16.2,4,4.78,3.83,3.11,3.21,3,2,4,3,3,2,2.83,2,2,2,1,2,1.8,1,1,1,1,1,1.0,1.8,3,3,3,2,3,4,3.0,3,2,2,3,2,2.4,2,1,1,2,1,1.4,2.07,3,4,5,4,4.0,-0.6377956789328766,-1.8149243484498367,-1.7710874414202322,-2.3146778821525005,-0.14357014024722803,-1.1588694495952054,-1.1649501994168372,-1.2620501922814416,0.21553595711027312,0.7367001936296138,-0.14965786038966203,-0.8389115388339182,-0.36949510725614493,-1.7170495258166494,0.2594836670179137,-0.6159185107130316,-2.410186160871093,-1.8991921320688445,-0.44554630741027407,-0.0,0.0,-0.0,16-18,Father-Daughter,3.296190476190476,3.5714285714285716,0.3333333333333333,0,0
F1147,7,C1,Central,45,0,Rural,2,Female,2,Female,53,22.7,2,3.14,2.97,3.01,3.44,6,4,4,5,5,5,4.83,4,4,3,4,4,3.8,2,2,2,2,3,2.2,3.85,4,4,4,3,6,4,4.17,5,5,5,5,4,4.8,3,2,2,4,2,2.6,3.78,4,4,4,5,4.25,1.433243485629716,-0.3088793981345596,-0.6520300833902559,0.44883568403645635,1.1517459525537281,0.8698052724774832,0.06867941476941361,0.7516387066354355,0.4231944579200692,-0.5755559848186487,-1.531299949810326,-0.9743917788396002,0.024847800709621705,0.33295047418335066,0.5094836670179137,1.3840814892869684,-0.41018616087109283,-0.6991921320688443,0.1696328285222867,0.0,0.0,0.0,19-22,Mother-Daughter,3.4618181818181815,3.534090909090909,0.45454545454545453,1,0
F1149,4,E4,Eastern,26,0,Rural,2,Female,1,Male,49,20.1,4,3.03,4.8,3.85,3.5,2,3,3,4,4,3,3.17,4,5,4,4,5,4.4,2,1,2,2,2,1.8,2.87,3,3,3,3,2,4,3.0,4,3,4,3,3,3.4,1,2,1,1,1,1.2,2.36,3,2,3,2,2.5,-0.285719020957236,0.1429340869600239,-1.0250492027335814,-0.8722586061416789,-0.14357014024722803,-0.3135883153982518,-1.3705551351145455,-0.9205473965586963,-1.0304150477485032,-0.663573167519447,1.4087058916313193,0.16364223720812796,0.1277198636572131,-0.6470495258166493,-1.2405163329820863,-0.27591851071303175,0.1898138391289077,-1.0991921320688445,0.8026755050238676,-0.0,-0.0,0.0,19-22,Mother-Son,3.4605882352941175,3.7205882352941178,0.6470588235294118,0,0
F1150,10,C4,Central,70,0,Rural,2,Female,1,Male,52,25.9,3,2.95,3.76,4.15,2.89,5,4,4,3,4,4,4.0,4,4,4,5,5,4.4,2,3,3,3,4,3.0,3.72,3,3,4,4,4,3,3.5,4,4,4,4,3,3.8,4,3,4,4,4,3.8,3.74,6,5,5,6,5.5,0.57376223233624,0.1429340869600239,0.09400815529639468,0.2735884822781324,0.40998374556514644,0.02452413828052955,1.302309028955664,0.7045348727426436,1.4614869619690496,-0.7275856640291181,-0.2621171002262282,0.570082957225174,-0.9181461096432982,0.20295047418335077,1.7594836670179137,0.5540814892869683,0.1898138391289077,0.10080786793115548,0.35708804453914644,0.0,0.0,0.0,23-25,Mother-Son,3.5570833333333334,3.75,0.5416666666666666,1,0
F1152,1,E1,Eastern,7,0,Rural,2,Female,1,Male,41,21.6,3,4.32,3.56,4.48,3.65,3,4,4,4,4,3,3.67,6,6,6,6,5,5.8,2,2,2,1,2,1.8,3.72,3,2,3,3,3,3,2.83,4,3,5,4,4,4.0,2,2,2,1,2,1.8,2.9,3,4,3,3,3.25,0.23204077018341215,1.1971655521807174,-1.0250492027335814,0.2735884822781324,-0.33177846142343526,0.1935803651199204,-0.7537403280214202,-0.2846456390059982,-0.4074395453191151,0.3686283386990037,-0.5834292140449868,1.0171677492439242,0.3849000210261912,0.20295047418335077,-0.4905163329820863,0.22408148928696825,1.5898138391289072,-1.0991921320688445,-0.09955052237339279,0.0,-0.0,-0.0,19-22,Mother-Son,3.5557575757575757,3.537878787878788,0.5757575757575758,0,0
F1153,9,C3,Central,61,0,Rural,1,Male,1,Male,39,15.2,2,1.41,3.55,2.98,3.67,3,2,2,3,3,2,2.5,2,2,3,2,3,2.4,1,1,2,1,2,1.4,2.1,2,2,2,2,2,2,2.0,3,2,3,3,3,2.8,1,3,1,1,2,1.6,1.97,3,2,2,3,2.5,-0.9795171410857045,-1.3631108633552536,-1.398068322076907,-1.910261262710214,-1.250677911871977,-0.820756995916424,-0.9593452637191285,-1.3798097770134226,-1.0304150477485032,-1.9598262218402913,-0.5994948197359252,-1.0150358508413044,0.4191907086753883,-1.4170495258166493,-1.2405163329820863,-0.9459185107130317,-1.8101861608710927,-1.4991921320688446,1.757873081420074,-0.0,-0.0,0.0,12-15,Father-Son,3.3058333333333336,3.7083333333333335,0.375,1,0
F1155,7,C1,Central,47,0,Rural,2,Female,1,Male,47,18.7,2,2.44,3.72,2.24,3.12,3,3,4,3,2,2,2.83,2,2,2,3,2,2.2,1,1,1,2,2,1.4,1.84,2,3,3,4,3,3,3.0,2,2,3,3,3,2.6,4,4,4,4,3,3.8,3.1,5,4,4,5,4.5,-0.6377956789328766,-1.513715358386781,-1.398068322076907,-2.260755666226862,-0.14357014024722803,-0.9898132227558145,1.302309028955664,-0.04912646954203574,0.6308529587298652,-1.135665329278273,-0.32637952298997935,-2.01758962688335,-0.5238032016775316,-1.6770495258166493,0.7594836670179137,-0.6159185107130316,-2.0101861608710925,-1.4991921320688446,-1.2736917236378822,-0.0,0.0,-0.0,16-18,Mother-Son,3.5180000000000002,3.83,0.56,1,0
F1157,16,W4,Western,109,0,Rural,1,Male,1,Male,47,16.9,3,3.83,3.72,3.19,3.1,1,2,2,3,2,3,2.17,5,3,3,4,4,3.8,3,3,3,2,3,2.8,2.84,3,4,4,2,4,3,3.33,3,3,2,3,3,2.8,2,2,2,2,3,2.2,2.6,2,3,4,2,2.75,-1.3212386032385324,-0.3088793981345596,-0.09250140437526819,-0.912700268085908,0.2217754243889392,-0.820756995916424,-0.3425304566260032,-0.6379243932019414,-0.8227565469387071,-0.023448202422733412,-0.32637952298997935,-0.7305273468293726,-0.5580938893267288,-0.6770495258166496,-0.9905163329820863,-1.2759185107130318,-0.41018616087109283,-0.0991921320688447,0.6706286135591681,-0.0,-0.0,0.0,16-18,Father-Son,3.7354999999999996,3.8625,0.55,0,1
F1158,3,E3,Eastern,15,0,Rural,2,Female,1,Male,46,21.5,3,1.14,4.68,4.44,3.04,2,2,2,2,2,2,2.0,3,3,3,3,2,2.8,2,1,3,1,2,1.8,2.19,1,2,1,1,1,3,1.5,2,2,3,2,2,2.2,3,2,2,2,3,2.4,1.93,4,2,3,2,2.75,-1.4972769322263526,-1.061901873292198,-1.0250492027335814,-1.7889362768775283,-1.8042317976843516,-1.327925676434596,-0.13692552092829502,-1.426913610906215,-0.8227565469387071,-2.1758683975604325,1.2159186233400636,0.9629756532416515,-0.6609659522743202,-1.3270495258166495,-0.9905163329820863,-1.4459185107130317,-1.4101861608710928,-1.0991921320688445,1.3144642299975242,-0.0,-0.0,0.0,19-22,Mother-Son,3.4895833333333335,3.5416666666666665,0.4166666666666667,0,0
F1161,9,C3,Central,60,0,Rural,1,Male,1,Male,50,23.5,2,3.93,3.55,2.66,3.38,6,5,7,6,5,6,5.83,2,3,2,2,4,2.6,3,3,4,3,3,3.2,3.97,4,4,3,4,4,4,3.83,3,3,4,3,3,3.2,3,2,2,3,3,2.6,3.21,5,3,3,3,3.5,2.4687630679110124,-1.2125063683237256,0.28051771496805755,0.6106023318133711,0.7753293102013137,-0.4826445422376423,0.06867941476941361,0.08040907366314334,-0.199781044509319,0.056567418214355826,-0.5994948197359252,-1.4485726188594863,-0.07802426223796968,0.45295047418335077,-0.2405163329820863,2.3840814892869684,-1.6101861608710926,0.30080786793115566,-0.10894198707307667,0.0,-0.0,-0.0,23-25,Father-Son,3.2008333333333336,3.5104166666666665,0.2916666666666667,1,0
F1162,3,E3,Eastern,15,0,Rural,2,Female,2,Female,44,18.1,2,4.2,4.68,4.44,3.04,4,4,3,4,3,5,3.83,4,3,5,5,4,4.2,4,2,4,3,4,3.4,3.89,3,4,3,3,4,4,3.5,5,4,4,3,3,3.8,2,2,1,2,2,1.8,3.16,3,4,3,5,3.75,0.3977239033484197,-0.0076704080715039435,0.46702727463972,0.5027578999620946,0.40998374556514644,0.02452413828052955,-0.7537403280214202,0.02152928129715299,0.007877456300477073,0.27260959393449663,1.2159186233400636,0.9629756532416515,-0.6609659522743202,0.3729504741833507,0.0094836670179137,0.3840814892869684,-0.010186160871092476,0.5008078679311554,0.0035369381113279177,0.0,0.0,0.0,16-18,Mother-Daughter,3.4895833333333335,3.5416666666666665,0.4166666666666667,0,0
F1165,12,C6,Central,82,0,Rural,1,Male,1,Male,49,16.3,2,1.71,3.02,3.37,3.47,4,6,5,4,6,5,5.0,5,4,5,5,5,4.8,3,3,4,4,3,3.4,4.35,2,2,2,2,1,2,1.83,3,4,3,2,3,3.0,1,2,2,2,3,2.0,2.33,3,3,2,4,3.0,1.6092818146175363,0.4441430770230789,0.46702727463972,1.122863383106933,-1.4388862330481842,-0.6517007690770332,-0.5481353923237118,-0.9558752719782904,-0.6150980461289112,-1.7197793599290239,-1.4509719213556365,-0.48666291481914503,0.07628383218341778,0.8329504741833502,-0.7405163329820863,1.5540814892869683,0.5898138391289072,0.5008078679311554,-0.6168134306979445,0.0,-0.0,-0.0,16-18,Father-Son,3.6412,4.06,0.6,1,0
F1167,9,C3,Central,62,0,Rural,1,Male,2,Female,48,18.0,2,2.48,3.76,3.41,3.26,4,3,4,3,4,4,3.67,5,5,6,5,5,5.2,4,3,3,4,4,3.6,4.19,3,4,4,5,4,4,4.0,3,4,5,5,4,4.2,3,3,4,3,3,3.2,3.69,5,5,4,4,4.5,0.23204077018341215,0.7453520670861346,0.6535368343113829,0.9071745194043813,0.9635376313775209,0.3626365919593113,0.685494221862539,0.6456550803766526,0.6308529587298652,-1.1036590810234372,-0.2621171002262282,-0.4324708188168722,-0.28376838813315247,0.672950474183351,0.7594836670179137,0.22408148928696825,0.9898138391289075,0.7008078679311556,0.5110948938542152,0.0,0.0,0.0,16-18,Father-Daughter,3.4633333333333334,3.6944444444444446,0.5,1,0
F1169,14,W2,Western,93,0,Rural,1,Male,2,Female,42,12.7,1,3.97,3.89,2.72,2.47,1,3,2,3,2,2,2.17,4,3,3,3,3,3.2,3,3,3,3,3,3.0,3.03,3,4,3,3,2,2,2.83,3,3,2,2,2,2.4,2,3,3,3,3,2.8,2.78,4,3,4,3,3.5,-1.3212386032385324,-0.7606928832291425,0.09400815529639468,-0.6565697424391267,-0.33177846142343526,-1.1588694495952054,0.2742843504671218,-0.4259571406843757,-0.199781044509319,0.08857366646919153,-0.053264226244034214,-1.367284474856077,-1.6382505502764373,-0.4870495258166496,-0.2405163329820863,-1.2759185107130318,-1.0101861608710925,0.10080786793115548,0.11714336593008454,-0.0,-0.0,0.0,12-15,Father-Daughter,3.3927272727272726,3.772727272727273,0.4090909090909091,0,1
F1170,17,W5,Western,118,0,Rural,2,Female,1,Male,54,23.2,1,2.58,3.02,3.22,2.88,4,3,4,4,4,3,3.67,3,3,4,4,4,3.6,3,2,2,2,3,2.4,3.03,3,3,3,3,3,3,3.0,3,3,4,3,3,3.2,3,1,2,2,3,2.2,2.66,4,5,5,5,4.75,0.23204077018341215,-0.4594838931660871,-0.4655205237185935,-0.6565697424391267,-0.14357014024722803,-0.4826445422376423,-0.3425304566260032,-0.5672686423627527,0.8385114595396613,-1.023643460386348,-1.4509719213556365,-0.6898832748276678,-0.9352914534678972,-0.4870495258166496,1.0094836670179137,0.22408148928696825,-0.6101861608710926,-0.4991921320688446,-0.49166854134072746,-0.0,0.0,-0.0,23-25,Mother-Son,3.4221428571428567,3.6607142857142856,0.35714285714285715,0,1
F1174,18,W6,Western,126,0,Rural,2,Female,1,Male,52,21.8,2,2.38,4.33,3.87,2.65,5,5,6,6,5,6,5.5,3,3,3,3,2,2.8,4,4,4,4,4,4.0,3.85,4,5,3,3,3,4,3.67,2,2,2,2,2,2.0,3,4,4,4,3,3.6,3.01,6,5,5,5,5.25,2.1270416057581847,-1.061901873292198,1.0265559536547082,0.44883568403645635,0.5981920667413537,-1.4969819032739868,1.0967040932579557,-0.1551100958008191,1.2538284611592534,-1.1836747016605265,0.6536224241572357,0.19073828520926436,-1.3296343614336639,0.33295047418335066,1.5094836670179137,2.0540814892869683,-1.4101861608710928,1.1008078679311555,0.5025833027056373,0.0,0.0,0.0,19-22,Mother-Son,3.7065217391304346,3.989130434782609,0.5652173913043478,0,1
F1178,10,C4,Central,70,0,Rural,1,Male,2,Female,45,13.7,2,3.54,3.76,4.15,2.89,1,1,3,2,2,2,1.83,4,4,6,5,5,4.8,4,5,3,4,4,4.0,3.44,2,3,3,3,4,2,2.83,3,4,4,3,3,3.4,2,4,2,3,3,2.8,2.99,4,5,5,3,4.25,-1.673315261214173,0.4441430770230789,1.0265559536547082,-0.10386702920133516,-0.33177846142343526,-0.3135883153982518,0.2742843504671218,-0.17866201274721483,0.4231944579200692,-0.25549350227029205,-0.2621171002262282,0.570082957225174,-0.9181461096432982,-0.07704952581664948,0.5094836670179137,-1.6159185107130316,0.5898138391289072,1.1008078679311555,-0.03925547495505799,-0.0,0.0,-0.0,12-15,Father-Daughter,3.5570833333333334,3.75,0.5416666666666666,1,0
F1185,2,E2,Eastern,14,0,Rural,1,Male,1,Male,41,15.7,1,3.54,4.0,2.67,2.74,3,3,3,4,3,4,3.33,2,1,3,1,1,1.6,1,2,2,3,1,1.8,2.23,3,4,3,3,3,3,3.17,2,2,3,2,2,2.2,3,2,3,2,2,2.4,2.73,4,4,3,4,3.75,-0.12003588779222847,-1.9655288434813643,-1.0250492027335814,-1.73501406095189,0.04463818092897921,-1.327925676434596,-0.13692552092829502,-0.484836933050366,0.007877456300477073,-0.25549350227029205,0.1234574363562831,-1.4350245948589184,-1.1753262670122764,-1.2870495258166494,0.0094836670179137,-0.11591851071303161,-2.6101861608710926,-1.0991921320688445,-0.012205949138408825,-0.0,0.0,-0.0,12-15,Father-Son,3.43,3.8684210526315788,0.5263157894736842,0,0
F1187,10,C4,Central,69,0,Rural,2,Female,1,Male,44,17.4,1,3.72,4.3,2.82,2.9,3,3,2,3,3,1,2.5,4,3,3,4,4,3.6,2,3,2,3,3,2.6,2.87,3,2,2,3,2,2,2.33,3,3,4,3,2,3.0,1,1,2,1,2,1.4,2.3,2,3,2,2,2.25,-0.9795171410857045,-0.4594838931660871,-0.27901096404693065,-0.8722586061416789,-0.8853323472358098,-0.6517007690770332,-1.1649501994168372,-0.9912031473978851,-1.2380735485582992,-0.11146538512353141,0.6054256070844215,-1.2318042348503957,-0.9010007658187,-0.6470495258166493,-1.4905163329820863,-0.9459185107130317,-0.6101861608710926,-0.29919213206884443,0.96443788647803,-0.0,-0.0,0.0,16-18,Mother-Son,3.4778260869565214,4.086956521739131,0.5652173913043478,1,0
F1190,16,W4,Western,110,0,Rural,2,Female,2,Female,47,17.0,3,4.62,3.88,3.51,2.65,5,6,6,6,5,5,5.5,3,4,4,4,5,4.0,2,2,2,3,3,2.4,4.0,5,4,6,5,5,7,5.33,5,5,5,4,6,5.0,3,4,3,4,4,3.6,4.63,6,6,6,6,6.0,2.1270416057581847,-0.15827490310303177,-0.4655205237185935,0.6510439937575994,2.4359909676384373,1.038861499316874,1.0967040932579557,1.7525951768572752,1.8768039635886415,0.608675200610271,-0.06932983193497254,-0.29699057881119084,-1.3296343614336639,0.4829504741833506,2.2594836670179137,2.0540814892869683,-0.21018616087109265,-0.4991921320688446,1.0912187083958371,0.0,0.0,0.0,16-18,Mother-Daughter,3.667333333333333,3.941666666666667,0.5333333333333333,0,1
F1195,5,E5,Eastern,33,0,Rural,2,Female,1,Male,40,12.8,1,1.43,2.98,3.33,2.77,3,3,3,2,2,3,2.67,3,3,4,2,3,3.0,2,3,3,3,3,2.8,3.03,4,2,4,3,2,2,2.83,4,4,4,5,4,4.2,2,3,3,2,2,2.4,3.25,4,5,6,6,5.25,-0.8034788120978842,-0.9112973782606704,-0.09250140437526819,-0.6565697424391267,-0.33177846142343526,0.3626365919593113,-0.13692552092829502,0.12751290755593583,1.2538284611592534,-1.9438230977128739,-1.5152343441193883,-0.5408550108214178,-1.123890235538481,-0.4870495258166496,1.5094836670179137,-0.7759185107130318,-1.2101861608710927,-0.0991921320688447,-0.7351933042490523,-0.0,0.0,-0.0,12-15,Mother-Son,3.4548275862068967,4.094827586206897,0.6206896551724138,0,0
F1197,10,C4,Central,69,0,Rural,1,Male,2,Female,49,18.6,2,2.81,4.3,2.82,2.9,4,4,3,4,4,3,3.67,2,3,3,3,2,2.6,2,2,2,3,3,2.4,2.99,3,2,2,3,3,3,2.67,3,4,3,3,4,3.4,4,3,2,3,3,3.0,3.05,4,4,4,3,3.75,0.23204077018341215,-1.2125063683237256,-0.4655205237185935,-0.7104919583647643,-0.5089157048833953,-0.3135883153982518,0.4798892861648304,-0.10800626190802662,0.007877456300477073,-0.839607532921043,0.6054256070844215,-1.2318042348503957,-0.9010007658187,-0.5270495258166492,0.0094836670179137,0.22408148928696825,-1.6101861608710926,-0.4991921320688446,-0.004998362204794411,-0.0,0.0,-0.0,16-18,Father-Daughter,3.4778260869565214,4.086956521739131,0.5652173913043478,1,0
F1199,18,W6,Western,120,0,Rural,2,Female,1,Male,38,13.6,1,1.56,3.14,3.45,2.92,3,4,4,3,3,3,3.33,4,4,4,5,3,4.0,3,3,3,2,3,2.8,3.24,1,2,2,1,2,2,1.67,3,2,3,2,2,2.4,1,1,1,1,1,1.0,1.64,1,1,1,2,1.25,-0.12003588779222847,-0.15827490310303177,-0.09250140437526819,-0.3734781088295257,-1.6160234765081443,-1.1588694495952054,-1.576160070812254,-1.7684164066289603,-2.0687075517974836,-1.8398027908846577,-1.2581846530643808,-0.3782787228145994,-0.866710078169503,-0.2770495258166492,-2.4905163329820863,-0.11591851071303161,-0.21018616087109265,-0.0991921320688447,0.689996369091307,-0.0,-0.0,0.0,12-15,Mother-Son,3.4250000000000003,3.1354166666666665,0.4166666666666667,0,1
F1201,14,W2,Western,96,0,Rural,2,Female,2,Female,42,12.8,3,3.2,2.82,2.41,2.58,3,4,3,3,4,3,3.33,6,5,4,5,5,5.0,3,2,1,1,2,1.8,3.26,3,3,3,3,2,3,2.83,5,5,5,6,6,5.4,3,4,2,4,3,3.2,4.09,5,4,5,4,4.5,-0.12003588779222847,0.5947475720546067,-1.0250492027335814,-0.34651700086670717,-0.33177846142343526,1.3769739529956557,0.685494221862539,1.116693419304577,0.6308529587298652,-0.5275466124363951,-1.7722840351743958,-1.787273218873691,-1.4496517682058534,-0.25704952581664964,0.7594836670179137,-0.11591851071303161,0.7898138391289073,-1.0991921320688445,-0.19522491647244494,-0.0,0.0,-0.0,12-15,Mother-Daughter,3.5119999999999996,3.7375,0.5,0,1
F1204,6,E6,Eastern,38,0,Rural,1,Male,2,Female,53,19.5,1,3.85,3.36,3.5,2.51,2,4,2,3,3,2,2.67,3,4,4,3,3,3.4,1,1,1,1,1,1.0,2.38,2,3,2,2,2,2,2.17,2,3,2,1,2,2.0,2,1,1,1,1,1.2,1.59,2,2,2,1,1.75,-0.8034788120978842,-0.610088388197615,-1.7710874414202322,-1.532805751230747,-1.0624695906957697,-1.4969819032739868,-1.3705551351145455,-1.8272961989949508,-1.6533905501778914,-0.0074450782953155645,-0.9047413278637463,-0.3105386028117587,-1.5696691749780438,-1.1370495258166495,-1.9905163329820863,-0.7759185107130318,-0.8101861608710927,-1.8991921320688445,2.2633156525475773,-0.0,-0.0,0.0,19-22,Father-Daughter,3.5205263157894735,3.8026315789473686,0.42105263157894735,0,0
F1205,8,C2,Central,53,0,Rural,1,Male,2,Female,36,13.6,2,3.03,2.95,2.41,3.09,2,2,3,3,3,3,2.67,4,5,5,5,5,4.8,2,2,2,2,3,2.2,3.3,3,4,2,4,2,2,2.83,4,4,4,4,3,3.8,2,3,2,2,2,2.2,2.85,2,3,4,4,3.25,-0.8034788120978842,0.4441430770230789,-0.6520300833902559,-0.29259478494106894,-0.33177846142343526,0.02452413828052955,-0.3425304566260032,-0.34352543137198854,-0.4074395453191151,-0.663573167519447,-1.5634311611922018,-1.787273218873691,-0.5752392331513277,-0.2170495258166496,-0.4905163329820863,-0.7759185107130318,0.5898138391289072,-0.6991921320688443,0.10646633747908363,-0.0,-0.0,0.0,12-15,Father-Daughter,3.6231578947368424,3.8026315789473686,0.5789473684210527,1,0
F1206,5,E5,Eastern,35,0,Rural,2,Female,1,Male,41,16.8,5,3.39,3.52,3.79,3.18,4,3,3,3,3,3,3.17,3,3,2,3,4,3.0,3,3,4,3,4,3.4,3.14,3,2,3,3,2,3,2.67,3,3,3,3,2,2.8,4,3,4,2,4,3.4,2.92,4,4,4,4,4.0,-0.285719020957236,-0.9112973782606704,0.46702727463972,-0.5082836486436213,-0.5089157048833953,-0.820756995916424,0.8910991575602472,-0.26109372205960196,0.21553595711027312,-0.3755169332259257,-0.6476916368087388,0.08235409320471876,-0.42093113872994026,-0.3770495258166493,0.2594836670179137,-0.27591851071303175,-1.2101861608710927,0.5008078679311554,-0.09783819360626968,-0.0,0.0,-0.0,16-18,Mother-Son,3.447777777777778,3.6944444444444446,0.4444444444444444,0,0
F1209,14,W2,Western,98,0,Rural,1,Male,2,Female,48,15.2,2,3.85,3.58,3.19,3.23,3,3,4,3,4,3,3.33,5,4,4,4,3,4.0,2,3,4,3,3,3.0,3.45,3,3,4,3,3,3,3.17,2,2,3,2,3,2.4,1,2,1,1,1,1.2,2.35,3,3,2,3,2.75,-0.12003588779222847,-0.15827490310303177,0.09400815529639468,-0.09038647521992531,0.04463818092897921,-1.1588694495952054,-1.3705551351145455,-0.9323233550318941,-0.8227565469387071,-0.0074450782953155645,-0.5512980026631109,-0.7305273468293726,-0.3352044196069478,-0.06704952581664925,-0.9905163329820863,-0.11591851071303161,-0.21018616087109265,0.10080786793115548,0.06641365044009513,-0.0,-0.0,0.0,12-15,Father-Daughter,3.403461538461538,3.8173076923076925,0.46153846153846156,0,1
F1212,7,C1,Central,47,0,Rural,1,Male,2,Female,41,14.7,2,3.67,3.72,2.24,3.12,1,1,1,1,1,1,1.0,4,5,4,4,4,4.2,5,5,5,4,4,4.6,3.02,2,2,2,3,2,2,2.17,5,6,5,5,5,5.2,5,4,5,6,4,4.8,4.17,5,5,5,5,5.0,-2.532796514507649,-0.0076704080715039435,1.5860846326696958,-0.6700502964205359,-1.0624695906957697,1.2079177261562648,2.3303337074442063,1.210901087090162,1.0461699603494574,-0.15147319544207621,-0.32637952298997935,-2.01758962688335,-0.5238032016775316,-0.4970495258166494,1.2594836670179137,-2.4459185107130317,-0.010186160871092476,1.7008078679311551,-0.6260257594650688,-0.0,0.0,-0.0,12-15,Father-Daughter,3.5180000000000002,3.83,0.56,1,0
F1213,10,C4,Central,67,0,Rural,2,Female,2,Female,47,16.9,1,4.3,2.47,3.79,2.77,4,2,3,4,4,4,3.5,2,2,2,3,2,2.2,2,2,2,2,1,1.8,2.65,4,3,5,4,3,3,3.67,3,3,3,4,3,3.2,2,2,3,4,3,2.8,2.98,5,4,4,4,4.25,0.05600244119559184,-1.513715358386781,-1.0250492027335814,-1.1688307937326892,0.5981920667413537,-0.4826445422376423,0.2742843504671218,-0.1904379712204132,0.4231944579200692,0.35262521457158547,-2.3345802343572237,0.08235409320471876,-1.123890235538481,-0.8670495258166495,0.5094836670179137,0.05408148928696832,-2.0101861608710925,-1.0991921320688445,-0.4417475718992098,-0.0,0.0,-0.0,16-18,Mother-Daughter,3.5427999999999997,3.84,0.72,1,0
F1215,5,E5,Eastern,34,0,Rural,1,Male,2,Female,59,23.6,2,2.82,3.13,2.93,2.16,1,1,1,1,1,1,1.0,4,4,4,4,4,4.0,1,2,1,1,1,1.2,2.07,2,2,1,2,2,2,1.83,2,3,4,3,2,2.8,2,1,2,2,2,1.8,1.9,3,2,2,2,2.25,-2.532796514507649,-0.15827490310303177,-1.5845778817485696,-1.950702924654443,-1.4388862330481842,-0.820756995916424,-0.7537403280214202,-1.4622414863258093,-1.2380735485582992,-0.8316059708573342,-1.2742502587553193,-1.0827759708441451,-2.1697562088389923,-1.4470495258166496,-1.4905163329820863,-2.4459185107130317,-0.21018616087109265,-1.6991921320688446,2.1568509528636994,-0.0,-0.0,0.0,23-25,Father-Daughter,3.33125,3.453125,0.375,0,0
F1216,3,E3,Eastern,16,0,Rural,2,Female,2,Female,48,24.0,2,3.96,2.85,2.85,2.75,4,4,4,4,4,4,4.0,4,2,3,3,4,3.2,2,2,1,2,2,1.8,2.86,2,4,3,3,2,3,2.83,2,3,2,3,3,2.6,2,2,1,2,2,1.8,2.5,2,2,2,2,2.0,0.57376223233624,-0.7606928832291425,-1.0250492027335814,-0.8857391601230888,-0.33177846142343526,-0.9898132227558145,-0.7537403280214202,-0.7556839779339226,-1.4457320493680954,0.08057210440548243,-1.7240872181015816,-1.1911601628486908,-1.1581809231876783,-0.6570495258166495,-1.7405163329820863,0.5540814892869683,-1.0101861608710925,-1.0991921320688445,1.1436054312620134,-0.0,-0.0,0.0,23-25,Mother-Daughter,3.6174074074074074,3.6666666666666665,0.48148148148148145,0,0
F1218,12,C6,Central,82,0,Rural,2,Female,1,Male,38,12.4,2,2.65,3.02,3.37,3.47,2,3,4,4,3,2,3.0,4,4,5,3,4,4.0,3,2,3,3,3,2.8,3.17,2,3,3,3,3,2,2.67,2,2,2,2,3,2.2,1,3,2,3,4,2.6,2.49,3,2,3,2,2.5,-0.46175734994505635,-0.15827490310303177,-0.09250140437526819,-0.46784198669939286,-0.5089157048833953,-1.327925676434596,0.06867941476941361,-0.7674599364071204,-1.0304150477485032,-0.9676325259403857,-1.4509719213556365,-0.48666291481914503,0.07628383218341778,-0.3470495258166495,-1.2405163329820863,-0.4459185107130317,-0.21018616087109265,-0.0991921320688447,0.4305206051292419,-0.0,-0.0,0.0,12-15,Mother-Son,3.6412,4.06,0.6,1,0
F1219,7,C1,Central,43,0,Rural,2,Female,1,Male,46,16.4,3,3.01,3.86,3.81,2.49,5,5,5,5,5,5,5.0,3,3,3,4,3,3.2,1,2,1,1,2,1.4,2.81,2,2,2,3,3,2,2.33,3,3,3,2,3,2.8,1,2,2,1,1,1.4,2.16,3,3,4,3,3.25,1.6092818146175363,-0.7606928832291425,-1.398068322076907,-0.9531419300301364,-0.8853323472358098,-0.820756995916424,-1.1649501994168372,-1.1560665660226581,-0.4074395453191151,-0.6795762916468648,-0.10146104331684848,0.10945014120585517,-1.6039598626272402,-0.7070495258166494,-0.4905163329820863,1.5540814892869683,-1.0101861608710925,-1.4991921320688446,0.3468193406403058,-0.0,-0.0,0.0,16-18,Mother-Son,3.569130434782609,3.510869565217391,0.43478260869565216,1,0
F1220,13,W1,Western,85,0,Rural,2,Female,1,Male,50,20.1,1,4.02,3.69,3.93,3.15,4,3,3,3,2,2,2.83,3,5,3,4,3,3.6,4,4,3,4,2,3.4,3.47,2,3,3,3,2,2,2.5,2,2,3,3,1,2.2,1,2,2,2,3,2.0,2.19,3,3,3,2,2.75,-0.6377956789328766,-0.4594838931660871,0.46702727463972,-0.0634253672571062,-0.6971240260596026,-1.327925676434596,-0.5481353923237118,-1.120738690603064,-0.8227565469387071,0.12858147678773563,-0.3745763400627936,0.27202642921267356,-0.4723671702037363,-0.04704952581664923,-0.9905163329820863,-0.6159185107130316,-0.6101861608710926,0.5008078679311554,0.04660332378045339,-0.0,-0.0,0.0,19-22,Mother-Son,3.5095652173913043,4.032608695652174,0.5217391304347826,0,1
F1221,16,W4,Western,109,0,Rural,1,Male,1,Male,43,17.5,3,3.3,3.72,3.19,3.1,3,3,3,3,3,3,3.0,5,5,4,5,5,4.8,2,4,4,3,3,3.2,3.62,2,2,2,2,3,3,2.33,4,4,4,4,4,4.0,2,3,3,2,2,2.4,2.9,4,5,4,4,4.25,-0.46175734994505635,0.4441430770230789,0.28051771496805755,0.13878294246403686,-0.8853323472358098,0.1935803651199204,-0.13692552092829502,-0.2846456390059982,0.4231944579200692,-0.4475309917993062,-0.32637952298997935,-0.7305273468293726,-0.5580938893267288,0.10295047418335068,0.5094836670179137,-0.4459185107130317,0.5898138391289072,0.30080786793115566,0.05245158510816656,0.0,0.0,0.0,16-18,Father-Son,3.7354999999999996,3.8625,0.55,0,1
F1223,16,W4,Western,110,0,Rural,1,Male,2,Female,50,20.9,3,4.79,3.88,3.51,2.65,3,4,4,3,3,3,3.33,1,1,1,1,2,1.2,1,1,2,1,1,1.2,2.1,3,3,4,2,4,3,3.17,2,2,3,3,3,2.6,2,2,2,2,2,2.0,2.62,4,4,4,4,4.0,-0.12003588779222847,-2.2667378335444197,-1.5845778817485696,-1.910261262710214,0.04463818092897921,-0.9898132227558145,-0.5481353923237118,-0.6143724762555451,0.21553595711027312,0.7447017556933226,-0.06932983193497254,-0.29699057881119084,-1.3296343614336639,-1.4170495258166493,0.2594836670179137,-0.11591851071303161,-3.0101861608710925,-1.6991921320688446,-0.3677012073048999,-0.0,0.0,-0.0,19-22,Father-Daughter,3.667333333333333,3.941666666666667,0.5333333333333333,0,1
F1224,17,W5,Western,118,0,Rural,2,Female,2,Female,40,12.2,2,2.65,3.02,3.22,2.88,4,5,4,3,4,4,4.0,4,1,2,2,2,2.2,4,3,3,3,3,3.2,3.22,2,2,3,3,4,3,2.83,2,3,2,2,3,2.4,1,2,1,2,1,1.4,2.11,2,1,1,1,1.25,0.57376223233624,-1.513715358386781,0.28051771496805755,-0.4004392167923448,-0.33177846142343526,-1.1588694495952054,-1.1649501994168372,-1.214946358388649,-2.0687075517974836,-0.9676325259403857,-1.4509719213556365,-0.6898832748276678,-0.9352914534678972,-0.29704952581664923,-2.4905163329820863,0.5540814892869683,-2.0101861608710925,0.30080786793115566,0.7398066957509488,-0.0,-0.0,0.0,12-15,Mother-Daughter,3.4221428571428567,3.6607142857142856,0.35714285714285715,0,1
F1227,8,C2,Central,55,0,Rural,2,Female,2,Female,35,12.6,4,1.0,2.83,3.56,2.69,3,2,2,3,3,2,2.5,6,7,6,6,6,6.2,2,2,3,3,1,2.2,3.81,2,3,2,2,3,3,2.5,4,3,2,4,3,3.2,2,1,2,2,2,1.8,2.81,2,2,3,2,2.25,-0.9795171410857045,1.498374542243773,-0.6520300833902559,0.3949134681108181,-0.6971240260596026,-0.4826445422376423,-0.7537403280214202,-0.39062926526478103,-1.2380735485582992,-2.287890266452357,-1.7562184294834575,-0.22925045880834952,-1.2610529861352695,0.29295047418335063,-1.4905163329820863,-0.9459185107130317,1.9898138391289075,-0.6991921320688443,-0.43664746652513114,0.0,-0.0,-0.0,12-15,Mother-Daughter,3.4669565217391303,4.0978260869565215,0.5217391304347826,1,0
F1228,11,C5,Central,74,0,Rural,2,Female,1,Male,42,15.1,3,4.05,3.0,2.97,2.41,3,4,3,4,3,3,3.33,3,2,4,3,2,2.8,2,3,2,3,3,2.6,2.89,3,3,3,3,2,3,2.83,1,1,1,2,1,1.2,2,3,3,1,1,2.0,1.86,2,2,2,3,2.25,-0.12003588779222847,-1.061901873292198,-0.27901096404693065,-0.8452974981788599,-0.33177846142343526,-2.1732068106315494,-0.5481353923237118,-1.5093453202186016,-1.2380735485582992,0.15258616297886257,-1.4831031327375124,-1.0285838748418723,-1.7411226132240287,-0.6270495258166493,-1.4905163329820863,-0.11591851071303161,-1.4101861608710928,-0.29919213206884443,0.9346275598183882,-0.0,-0.0,0.0,12-15,Mother-Son,3.5776470588235294,3.7058823529411766,0.7058823529411765,1,0
F1229,15,W3,Western,101,0,Rural,2,Female,1,Male,51,20.5,2,4.0,4.09,3.37,3.1,4,5,4,5,5,5,4.67,4,4,4,3,3,3.6,3,4,3,4,3,3.4,4.04,3,2,3,2,3,4,2.83,5,3,4,3,3,3.6,2,1,1,2,1,1.4,2.69,3,3,3,2,2.75,1.2675603524647086,-0.4594838931660871,0.46702727463972,0.7049662096832376,-0.33177846142343526,-0.14453208855886093,-1.1649501994168372,-0.5319407669431585,-0.8227565469387071,0.11257835266031813,0.2680478875747245,-0.48666291481914503,-0.5580938893267288,0.5229504741833506,-0.9905163329820863,1.2240814892869682,-0.6101861608710926,0.5008078679311554,-0.5179909860193357,0.0,-0.0,-0.0,19-22,Mother-Son,3.8754166666666667,3.6354166666666665,0.5416666666666666,0,1
F1230,12,C6,Central,82,0,Rural,1,Male,2,Female,43,19.1,2,2.58,3.02,3.37,3.47,4,4,5,5,3,4,4.17,5,4,4,5,3,4.2,3,3,4,4,3,3.4,3.65,3,3,3,3,3,4,3.17,5,4,5,6,5,5.0,3,3,4,3,3,3.2,3.8,4,3,4,5,4.0,0.7498005613240603,-0.0076704080715039435,0.46702727463972,0.17922460440826524,0.04463818092897921,1.038861499316874,0.685494221862539,0.7751906235818318,0.21553595711027312,-1.023643460386348,-1.4509719213556365,-0.48666291481914503,0.07628383218341778,0.1329504741833505,0.2594836670179137,0.7240814892869682,-0.010186160871092476,0.5008078679311554,0.03449847657286625,0.0,0.0,0.0,19-22,Father-Daughter,3.6412,4.06,0.6,1,0
F1233,6,E6,Eastern,37,0,Rural,1,Male,1,Male,41,18.5,2,2.68,3.39,3.05,2.85,4,5,3,4,4,4,4.0,2,2,3,1,3,2.2,3,4,4,3,4,3.6,3.08,3,3,3,2,3,3,2.83,1,2,2,1,3,1.8,1,1,1,1,1,1.0,1.99,2,2,2,2,2.0,0.57376223233624,-1.513715358386781,0.6535368343113829,-0.5891669725320786,-0.33177846142343526,-1.6660381301133775,-1.576160070812254,-1.3562578600670263,-1.4457320493680954,-0.9436278397492588,-0.856544510790932,-0.9201996828373274,-0.9867274849416925,-0.43704952581664935,-1.7405163329820863,0.5540814892869683,-2.0101861608710925,0.7008078679311556,0.7606918380059542,-0.0,-0.0,0.0,16-18,Father-Son,3.7880000000000003,3.86,0.6,0,0
F1234,11,C5,Central,76,0,Rural,2,Female,1,Male,44,21.4,4,3.81,3.68,3.43,3.19,4,4,4,4,4,5,4.17,2,2,2,2,3,2.2,3,4,4,3,3,3.4,3.21,2,2,2,2,1,3,2.0,1,2,1,1,1,1.2,2,2,2,3,2,2.2,1.7,2,1,1,1,1.25,0.7498005613240603,-1.513715358386781,0.46702727463972,-0.41391977077375464,-1.250677911871977,-2.1732068106315494,-0.3425304566260032,-1.6977606557897715,-2.0687075517974836,-0.03945132655015126,-0.39064194575373123,-0.4053747708157358,-0.40378579490534205,-0.30704952581664946,-2.4905163329820863,0.7240814892869682,-2.0101861608710925,0.5008078679311554,0.7647118590807702,-0.0,-0.0,0.0,19-22,Mother-Son,3.7304000000000004,3.26,0.64,1,0
F1239,17,W5,Western,116,0,Rural,2,Female,1,Male,46,18.1,2,5.92,4.08,3.25,3.6,3,1,3,4,2,3,2.67,3,4,3,2,3,3.0,1,1,1,1,2,1.2,2.26,2,2,2,3,1,2,2.0,1,3,2,2,1,1.8,1,2,2,1,2,1.6,1.91,3,4,3,3,3.25,-0.8034788120978842,-0.9112973782606704,-1.5845778817485696,-1.6945723990076615,-1.250677911871977,-1.6660381301133775,-0.9593452637191285,-1.4504655278526113,-0.4074395453191151,1.6488782688924302,0.25198228188378685,-0.6492392028259634,0.29917330190319874,-1.2570495258166496,-0.4905163329820863,-0.7759185107130318,-1.2101861608710927,-1.6991921320688446,0.6166033237804533,-0.0,-0.0,0.0,16-18,Mother-Son,3.4620689655172416,4.017241379310345,0.5862068965517241,0,1
F1240,18,W6,Western,120,0,Rural,1,Male,1,Male,47,15.8,1,2.8,3.14,3.45,2.92,5,5,4,6,5,6,5.17,4,5,5,3,3,4.0,1,1,1,2,1,1.2,3.39,3,3,3,3,4,3,3.17,3,3,4,3,4,3.4,1,1,1,1,1,1.0,2.56,3,2,3,2,2.5,1.7853201436053567,-0.15827490310303177,-1.5845778817485696,-0.17126979910838264,0.04463818092897921,-0.3135883153982518,-1.576160070812254,-0.6850282270947339,-1.0304150477485032,-0.8476090949847521,-1.2581846530643808,-0.3782787228145994,-0.866710078169503,-0.1270495258166493,-1.2405163329820863,1.7240814892869682,-0.21018616087109265,-1.6991921320688446,0.15760701187318268,-0.0,-0.0,0.0,12-15,Father-Son,3.4250000000000003,3.1354166666666665,0.4166666666666667,0,1
F1241,14,W2,Western,95,0,Rural,2,Female,2,Female,35,13.3,2,2.8,4.22,3.12,4.17,5,4,5,4,4,4,4.33,3,5,5,5,5,4.6,1,1,1,1,1,1.0,3.38,2,3,3,3,4,3,3.0,3,3,2,2,3,2.6,1,1,1,1,2,1.2,2.3,2,1,3,1,1.75,0.9154836944890679,0.2935385819915511,-1.7710874414202322,-0.1847503530897925,-0.14357014024722803,-0.9898132227558145,-1.3705551351145455,-0.9912031473978851,-1.6533905501778914,-0.8476090949847521,0.47690076155691774,-0.8253635148333497,1.2764578999053158,-0.13704952581664953,-1.9905163329820863,0.8840814892869684,0.389813839128907,-1.8991921320688445,0.27279931956549097,-0.0,-0.0,0.0,12-15,Mother-Daughter,3.0213636363636365,3.159090909090909,0.45454545454545453,0,1
F1243,5,E5,Eastern,35,0,Rural,2,Female,2,Female,46,22.3,2,1.61,3.52,3.79,3.18,3,4,4,3,4,3,3.5,4,6,5,4,5,4.8,2,3,3,3,2,2.6,3.51,4,2,3,3,3,3,3.0,4,4,5,4,4,4.2,2,2,3,3,3,2.6,3.34,5,3,3,4,3.75,0.05600244119559184,0.4441430770230789,-0.27901096404693065,-0.009503151331468564,-0.14357014024722803,0.3626365919593113,0.06867941476941361,0.23349653381471866,0.007877456300477073,-1.7997949805661129,-0.6476916368087388,0.08235409320471876,-0.42093113872994026,-0.007049525816649638,0.0094836670179137,0.05408148928696832,0.5898138391289072,-0.29919213206884443,-6.68553554792913e-05,-0.0,0.0,-0.0,19-22,Mother-Daughter,3.447777777777778,3.6944444444444446,0.4444444444444444,0,0
F1244,13,W1,Western,86,0,Rural,2,Female,1,Male,45,16.3,2,3.42,2.68,3.14,3.64,5,3,3,3,3,4,3.5,3,4,3,3,4,3.4,5,5,6,5,6,5.4,3.7,3,3,4,2,2,3,2.83,4,3,3,4,4,3.6,3,2,3,3,3,2.8,3.08,4,4,4,3,3.75,0.05600244119559184,-0.610088388197615,2.3321228713563475,0.2466273743153133,-0.33177846142343526,-0.14453208855886093,0.2742843504671218,-0.07267838648843199,0.007877456300477073,-0.3515122470347991,-1.9972025148475268,-0.7982674668322133,0.367754677201593,0.18295047418335075,0.0094836670179137,0.05408148928696832,-0.8101861608710927,2.500807867931156,0.0017350413779243152,0.0,0.0,0.0,16-18,Mother-Son,3.28962962962963,3.6481481481481484,0.4444444444444444,0,1
F1247,18,W6,Western,121,0,Rural,2,Female,2,Female,38,14.9,3,3.18,3.74,2.85,2.64,2,2,2,2,2,3,2.17,6,6,6,5,5,5.6,2,2,2,2,3,2.2,3.28,2,3,3,2,2,2,2.33,2,4,4,2,4,3.2,3,2,3,4,3,3.0,2.57,3,4,3,4,3.5,-1.3212386032385324,1.0465610571491897,-0.6520300833902559,-0.3195558929038881,-0.8853323472358098,-0.4826445422376423,0.4798892861648304,-0.673252268621536,-0.199781044509319,-0.543549736563813,-0.2942483116081034,-1.1911601628486908,-1.346779705258262,-0.23704952581664962,-0.2405163329820863,-1.2759185107130318,1.389813839128907,-0.6991921320688443,0.05701428268456296,-0.0,-0.0,0.0,12-15,Mother-Daughter,3.6463636363636365,3.7954545454545454,0.5909090909090909,0,1
F1249,6,E6,Eastern,36,0,Rural,2,Female,1,Male,45,16.0,2,1.13,3.73,2.59,3.07,3,3,3,4,3,2,3.0,2,1,1,1,2,1.4,1,2,2,1,2,1.6,1.72,4,3,3,3,3,4,3.33,2,3,4,4,3,3.2,3,1,3,3,1,2.2,2.62,4,4,5,4,4.25,-0.46175734994505635,-2.116133338512892,-1.2115587624052442,-2.4225223140037766,0.2217754243889392,-0.4826445422376423,-0.3425304566260032,-0.6143724762555451,0.4231944579200692,-2.183869959624141,-0.31031391729904173,-1.543408786863464,-0.6095299208005248,-1.7970495258166495,0.5094836670179137,-0.4459185107130317,-2.8101861608710927,-1.2991921320688444,-0.9155673822258695,-0.0,0.0,-0.0,16-18,Mother-Son,3.4104347826086956,3.967391304347826,0.4782608695652174,0,0
F1251,9,C3,Central,60,0,Rural,1,Male,2,Female,48,19.9,4,3.06,3.55,2.66,3.38,3,3,3,3,3,3,3.0,3,4,3,3,3,3.2,1,1,1,2,1,1.2,2.31,3,3,3,2,3,3,2.83,2,2,3,3,3,2.6,1,2,1,1,2,1.4,2.19,1,2,2,2,1.75,-0.46175734994505635,-0.7606928832291425,-1.5845778817485696,-1.6271696291006135,-0.33177846142343526,-0.9898132227558145,-1.1649501994168372,-1.120738690603064,-1.6533905501778914,-0.63956848132832,-0.5994948197359252,-1.4485726188594863,-0.07802426223796968,-1.2070495258166494,-1.9905163329820863,-0.4459185107130317,-1.0101861608710925,-1.6991921320688446,2.402651795856323,-0.0,-0.0,0.0,19-22,Father-Daughter,3.2008333333333336,3.5104166666666665,0.2916666666666667,1,0
F1254,5,E5,Eastern,34,0,Rural,2,Female,2,Female,40,13.4,2,4.11,3.13,2.93,2.16,2,1,1,2,3,2,1.83,3,4,4,4,3,3.6,2,4,3,4,3,3.2,2.93,3,3,3,3,4,4,3.33,3,3,2,4,3,3.0,2,4,3,2,4,3.0,3.09,3,4,4,4,3.75,-1.673315261214173,-0.4594838931660871,0.28051771496805755,-0.7913752822532216,0.2217754243889392,-0.6517007690770332,0.4798892861648304,-0.06090242801523413,0.007877456300477073,0.20059553536111646,-1.2742502587553193,-1.0827759708441451,-2.1697562088389923,-0.5870495258166493,0.0094836670179137,-1.6159185107130316,-0.6101861608710926,0.30080786793115566,-0.005567382225869233,-0.0,0.0,-0.0,12-15,Mother-Daughter,3.33125,3.453125,0.375,0,0
F1255,12,C6,Central,81,0,Rural,2,Female,2,Female,38,12.8,2,5.6,2.58,3.33,2.75,1,1,1,1,1,1,1.0,2,2,2,2,3,2.2,2,3,3,3,4,3.0,2.08,2,2,1,2,2,2,1.83,3,3,2,2,4,2.8,4,5,3,2,4,3.6,2.68,3,4,4,3,3.5,-2.532796514507649,-1.513715358386781,0.09400815529639468,-1.9372223706730332,-1.4388862330481842,-0.820756995916424,1.0967040932579557,-0.5437167254163564,-0.199781044509319,1.3928282828537446,-2.1578585717569063,-0.5408550108214178,-1.1581809231876783,-1.4370495258166494,-0.2405163329820863,-2.4459185107130317,-2.0101861608710925,0.10080786793115548,0.34563388226306646,-0.0,-0.0,0.0,12-15,Mother-Daughter,3.0680952380952378,3.857142857142857,0.23809523809523808,1,0
F1258,13,W1,Western,90,0,Rural,2,Female,2,Female,45,16.5,2,2.86,3.02,2.42,2.99,3,2,2,2,3,2,2.33,4,3,4,5,3,3.8,3,4,3,4,5,3.8,3.19,2,3,4,4,2,2,2.83,4,4,3,4,3,3.6,3,2,3,2,3,2.6,2.95,4,3,4,3,3.5,-1.1555554700735249,-0.3088793981345596,0.8400463939830453,-0.4408808787365738,-0.33177846142343526,-0.14453208855886093,0.06867941476941361,-0.22576584664000732,-0.199781044509319,-0.7995997226024986,-1.4509719213556365,-1.773725194873123,-0.7466926713973127,-0.3270495258166495,-0.2405163329820863,-1.1159185107130316,-0.41018616087109283,0.9008078679311553,0.0786607526529507,-0.0,-0.0,0.0,16-18,Mother-Daughter,3.4153846153846152,3.4326923076923075,0.38461538461538464,0,1
F1265,5,E5,Eastern,35,0,Rural,1,Male,2,Female,50,20.8,4,1.39,3.52,3.79,3.18,2,1,1,2,2,2,1.67,3,4,3,4,4,3.6,1,1,1,1,2,1.2,2.03,1,2,2,2,2,1,1.67,3,3,4,4,4,3.6,2,2,2,2,2,2.0,2.28,5,4,4,3,4.0,-1.8389983943791806,-0.4594838931660871,-1.5845778817485696,-2.0046251405800812,-1.6160234765081443,-0.14453208855886093,-0.5481353923237118,-1.0147550643442813,0.21553595711027312,-1.9758293459677094,-0.6476916368087388,0.08235409320471876,-0.42093113872994026,-1.4870495258166496,0.2594836670179137,-1.7759185107130318,-0.6101861608710926,-1.6991921320688446,-0.38586506399615395,-0.0,0.0,-0.0,19-22,Father-Daughter,3.447777777777778,3.6944444444444446,0.4444444444444444,0,0
F1267,3,E3,Eastern,21,0,Rural,1,Male,2,Female,44,18.0,3,3.31,4.0,4.15,3.16,3,3,3,2,4,4,3.17,3,3,3,3,3,3.0,2,3,2,2,3,2.4,2.84,2,1,3,2,2,4,2.33,1,2,2,3,2,2.0,1,1,1,1,1,1.0,1.71,3,1,1,1,1.5,-0.285719020957236,-0.9112973782606704,-0.4655205237185935,-0.912700268085908,-0.8853323472358098,-1.4969819032739868,-1.576160070812254,-1.6859846973165735,-1.8610490509876876,-0.4395294297355971,0.1234574363562831,0.570082957225174,-0.4552218263791374,-0.6770495258166496,-2.2405163329820863,-0.27591851071303175,-1.2101861608710927,-0.4991921320688446,1.51694052082998,-0.0,-0.0,0.0,16-18,Father-Daughter,3.367142857142857,3.4107142857142856,0.6071428571428571,0,0
F1268,18,W6,Western,121,0,Rural,2,Female,1,Male,42,16.1,2,3.2,3.74,2.85,2.64,3,3,4,4,2,2,3.0,4,4,4,5,5,4.4,2,2,2,2,3,2.2,3.09,3,2,4,3,3,3,3.0,3,4,3,2,3,3.0,3,4,4,4,3,3.6,3.37,4,4,5,5,4.5,-0.46175734994505635,0.1429340869600239,-0.6520300833902559,-0.5756864185506694,-0.14357014024722803,-0.6517007690770332,1.0967040932579557,0.2688244092343133,0.6308529587298652,-0.5275466124363951,-0.2942483116081034,-1.1911601628486908,-1.346779705258262,-0.42704952581664957,0.7594836670179137,-0.4459185107130317,0.1898138391289077,-0.6991921320688443,-0.32433713986549023,-0.0,0.0,-0.0,16-18,Mother-Son,3.6463636363636365,3.7954545454545454,0.5909090909090909,0,1
F1271,12,C6,Central,84,0,Rural,1,Male,1,Male,38,12.3,3,1.8,3.46,2.93,3.01,3,2,2,3,3,2,2.5,5,5,4,4,5,4.6,1,2,1,2,1,1.4,2.85,2,3,3,2,3,2,2.5,3,4,2,4,3,3.2,2,2,1,1,2,1.6,2.43,3,3,3,3,3.0,-0.9795171410857045,0.2935385819915511,-1.398068322076907,-0.8992197141044981,-0.6971240260596026,-0.4826445422376423,-0.9593452637191285,-0.8381156872463091,-0.6150980461289112,-1.6477653013556437,-0.7440852709543665,-1.0827759708441451,-0.7124019837481163,-0.6670495258166493,-0.7405163329820863,-0.9459185107130317,0.389813839128907,-1.4991921320688446,0.4939610687751847,-0.0,-0.0,0.0,12-15,Father-Son,3.320909090909091,3.897727272727273,0.45454545454545453,1,0
F1272,17,W5,Western,119,0,Rural,1,Male,1,Male,40,19.8,3,3.72,3.37,2.99,3.4,3,4,4,3,3,4,3.5,3,3,4,4,4,3.6,3,2,2,3,3,2.6,3.17,2,2,2,2,3,2,2.17,1,1,2,1,1,1.2,1,3,2,2,2,2.0,1.92,4,4,4,3,3.75,0.05600244119559184,-0.4594838931660871,-0.27901096404693065,-0.46784198669939286,-1.0624695906957697,-2.1732068106315494,-0.5481353923237118,-1.438689569379413,0.007877456300477073,-0.11146538512353141,-0.8886757221728079,-1.001487826840736,-0.043733574588772556,-0.3470495258166495,0.0094836670179137,0.05408148928696832,-0.6101861608710926,-0.29919213206884443,-0.003291302141569948,-0.0,0.0,-0.0,19-22,Father-Son,3.413529411764706,3.7794117647058822,0.5294117647058824,0,1
F1273,15,W3,Western,102,0,Rural,2,Female,1,Male,44,16.7,2,1.92,3.12,1.74,2.85,3,2,1,2,2,2,2.0,4,4,5,5,4,4.4,1,2,1,1,2,1.4,2.46,2,2,2,2,2,2,2.0,3,3,4,3,3,3.2,1,1,1,1,1,1.0,2.03,3,3,3,3,3.0,-1.4972769322263526,0.1429340869600239,-1.398068322076907,-1.4249613193794706,-1.250677911871977,-0.4826445422376423,-1.576160070812254,-1.309154026174234,-0.6150980461289112,-1.5517465565911368,-1.290315864446257,-2.6949908269117597,-0.9867274849416925,-1.0570495258166495,-0.7405163329820863,-1.4459185107130317,0.1898138391289077,-1.4991921320688446,0.7827624386381984,-0.0,-0.0,0.0,16-18,Mother-Son,3.3176923076923077,3.826923076923077,0.46153846153846156,0,1
F1275,17,W5,Western,114,0,Rural,1,Male,1,Male,50,17.3,2,3.27,4.42,3.87,3.41,4,4,2,3,4,3,3.33,2,3,2,2,3,2.4,5,4,4,3,3,3.8,3.23,2,2,3,3,2,3,2.5,2,2,2,2,2,2.0,1,1,1,1,2,1.2,1.77,1,3,1,2,1.75,-0.12003588779222847,-1.3631108633552536,0.8400463939830453,-0.38695866281093555,-0.6971240260596026,-1.4969819032739868,-1.3705551351145455,-1.6153289464773848,-1.6533905501778914,-0.47153567799043283,0.7982128753756771,0.19073828520926436,-0.02658823076417361,-0.28704952581664944,-1.9905163329820863,-0.11591851071303161,-1.8101861608710927,0.9008078679311553,0.5713767695128038,-0.0,-0.0,0.0,16-18,Father-Son,3.439090909090909,3.522727272727273,0.5909090909090909,0,1
F1276,9,C3,Central,60,0,Rural,2,Female,1,Male,51,21.4,2,3.71,3.55,2.66,3.38,5,3,4,5,4,3,4.0,2,2,1,3,2,2.0,1,1,1,2,1,1.2,2.47,3,2,2,3,3,2,2.5,2,2,2,2,3,2.2,2,2,1,1,2,1.6,1.84,2,2,1,2,1.75,0.57376223233624,-1.6643198534183088,-1.5845778817485696,-1.4114807653980606,-0.6971240260596026,-1.327925676434596,-0.9593452637191285,-1.5328972371649978,-1.6533905501778914,-0.1194669471872405,-0.5994948197359252,-1.4485726188594863,-0.07802426223796968,-1.0470495258166492,-1.9905163329820863,0.5540814892869683,-2.2101861608710927,-1.6991921320688446,2.084169182579189,-0.0,-0.0,0.0,19-22,Mother-Son,3.2008333333333336,3.5104166666666665,0.2916666666666667,1,0
F1278,16,W4,Western,107,0,Rural,1,Male,2,Female,37,12.3,1,1.9,3.59,2.9,2.83,3,4,3,3,4,3,3.33,7,7,6,6,7,6.6,2,2,2,2,2,2.0,4.14,1,3,3,2,2,3,2.33,4,4,4,4,4,4.0,2,1,1,1,2,1.4,2.43,3,2,3,3,2.75,-0.12003588779222847,1.799583532306828,-0.8385396430619187,0.8397717494973326,-0.8853323472358098,0.1935803651199204,-1.1649501994168372,-0.8381156872463091,-0.8227565469387071,-1.5677496807185545,-0.5352323969721733,-1.12342004284585,-1.0210181725908896,0.6229504741833503,-0.9905163329820863,-0.11591851071303161,2.389813839128907,-0.8991921320688445,-0.6170426193175439,0.0,-0.0,-0.0,12-15,Father-Daughter,3.7623809523809526,4.142857142857143,0.5238095238095238,0,1
F1280,13,W1,Western,86,0,Rural,1,Male,2,Female,43,16.3,2,3.57,2.68,3.14,3.64,4,3,2,3,2,3,2.83,4,4,5,4,3,4.0,3,1,2,3,3,2.4,3.38,3,3,2,3,2,3,2.67,4,3,3,2,3,3.0,2,2,2,2,1,1.8,2.42,3,2,3,2,2.5,-0.6377956789328766,-0.15827490310303177,-0.4655205237185935,-0.1847503530897925,-0.5089157048833953,-0.6517007690770332,-0.7537403280214202,-0.8498916457195076,-1.0304150477485032,-0.23148881607916544,-1.9972025148475268,-0.7982674668322133,0.367754677201593,-0.13704952581664953,-1.2405163329820863,-0.6159185107130316,-0.21018616087109265,-0.4991921320688446,0.17001217520300385,-0.0,-0.0,0.0,16-18,Father-Daughter,3.28962962962963,3.6481481481481484,0.4444444444444444,0,1
F1282,8,C2,Central,56,0,Rural,2,Female,2,Female,42,16.1,2,1.14,3.71,3.28,4.03,4,2,3,3,3,3,3.0,4,4,4,4,5,4.2,3,2,1,2,2,2.0,3.39,3,3,2,3,2,3,2.67,6,5,6,5,6,5.6,2,2,1,2,2,1.8,3.53,4,5,5,5,4.75,-0.46175734994505635,-0.0076704080715039435,-0.8385396430619187,-0.17126979910838264,-0.5089157048833953,1.5460301798350458,-0.7537403280214202,0.45723974480548274,0.8385114595396613,-2.1758683975604325,-0.34244512868091764,-0.6085951308242591,1.0364230863609367,-0.1270495258166493,1.0094836670179137,-0.4459185107130317,-0.010186160871092476,-0.8991921320688445,-0.12825442121427824,-0.0,0.0,-0.0,16-18,Mother-Daughter,3.631,4.083333333333333,0.4666666666666667,1,0
F1283,2,E2,Eastern,10,0,Rural,2,Female,1,Male,43,14.2,3,2.05,3.38,2.75,2.71,4,3,3,4,4,3,3.5,6,6,7,6,6,6.2,3,2,2,2,2,2.2,3.8,3,4,3,5,4,4,3.83,4,5,5,3,3,4.0,5,4,3,3,3,3.6,3.59,5,5,4,5,4.75,0.05600244119559184,1.498374542243773,-0.6520300833902559,0.3814329141294083,0.7753293102013137,0.1935803651199204,1.0967040932579557,0.5278954956446714,0.8385114595396613,-1.4477262497629209,-0.8726101164818703,-1.3266404028543728,-1.2267622984860724,0.2829504741833504,1.0094836670179137,0.05408148928696832,1.9898138391289075,-0.6991921320688443,0.2856338822630661,0.0,0.0,0.0,12-15,Mother-Son,3.5320689655172415,3.7241379310344827,0.6206896551724138,0,0
F1284,14,W2,Western,97,0,Rural,2,Female,2,Female,48,17.1,2,3.95,2.53,3.33,2.43,2,2,4,3,2,2,2.5,1,1,1,1,1,1.0,2,3,3,4,3,3.0,2.05,3,3,2,2,2,3,2.5,2,3,3,2,3,2.6,3,3,1,3,2,2.4,2.53,5,5,4,4,4.5,-0.9795171410857045,-2.4173423285759474,0.09400815529639468,-1.977664032617262,-0.6971240260596026,-0.9898132227558145,-0.13692552092829502,-0.7203561025143285,0.6308529587298652,0.07257054234177368,-2.2381866002115967,-0.5408550108214178,-1.7068319255748314,-1.4670495258166496,0.7594836670179137,-0.9459185107130317,-3.2101861608710927,0.10080786793115548,-1.1142001535641204,-0.0,0.0,-0.0,16-18,Mother-Daughter,3.580769230769231,3.9423076923076925,0.6153846153846154,0,1
F1285,5,E5,Eastern,32,0,Rural,2,Female,1,Male,43,19.0,4,1.51,3.47,4.33,4.2,1,2,2,2,2,2,1.83,2,3,2,3,3,2.6,4,3,3,3,4,3.4,2.65,2,2,2,1,2,2,1.83,2,2,3,2,3,2.4,2,2,2,1,2,1.8,1.9,3,2,3,2,2.5,-1.673315261214173,-1.2125063683237256,0.46702727463972,-1.1688307937326892,-1.4388862330481842,-1.1588694495952054,-0.7537403280214202,-1.4622414863258093,-1.0304150477485032,-1.8798106012032023,-0.7280196652634282,0.8139473892354009,1.3278939313791118,-0.8670495258166495,-1.2405163329820863,-1.6159185107130316,-1.6101861608710926,0.5008078679311554,1.0755890982799268,-0.0,-0.0,0.0,19-22,Mother-Son,3.5572000000000004,3.65,0.56,0,0
F1286,9,C3,Central,58,0,Rural,1,Male,1,Male,48,22.4,4,1.24,3.04,2.73,3.17,2,2,2,3,1,1,1.83,5,5,5,4,4,4.6,3,2,2,2,3,2.4,3.17,3,2,3,3,2,2,2.5,4,4,4,4,4,4.0,2,2,3,2,2,2.2,2.79,5,5,4,5,4.75,-1.673315261214173,0.2935385819915511,-0.4655205237185935,-0.46784198669939286,-0.6971240260596026,0.1935803651199204,-0.3425304566260032,-0.4141811822111773,0.8385114595396613,-2.095852776923343,-1.4188407099737605,-1.3537364508555092,-0.4380764825545392,-0.3470495258166495,1.0094836670179137,-1.6159185107130316,0.389813839128907,-0.4991921320688446,-0.35034082795821947,-0.0,0.0,-0.0,19-22,Father-Son,3.3766666666666665,3.475,0.43333333333333335,1,0
F1292,15,W3,Western,101,0,Rural,2,Female,1,Male,46,19.3,2,4.99,4.09,3.37,3.1,5,5,4,4,5,5,4.67,3,3,4,3,4,3.4,3,2,2,3,3,2.6,3.6,3,4,4,4,4,4,3.83,3,4,4,4,3,3.6,2,3,2,3,2,2.4,3.27,5,4,4,4,4.25,1.2675603524647086,-0.610088388197615,-0.27901096404693065,0.11182183450121774,0.7753293102013137,-0.14453208855886093,-0.13692552092829502,0.15106482450233208,0.4231944579200692,0.9047329969675011,0.2680478875747245,-0.48666291481914503,-0.5580938893267288,0.08295047418335066,0.5094836670179137,1.2240814892869682,-0.8101861608710927,-0.29919213206884443,0.042261911767808275,0.0,0.0,0.0,19-22,Mother-Son,3.8754166666666667,3.6354166666666665,0.5416666666666666,0,1
F1295,11,C5,Central,72,0,Rural,2,Female,2,Female,43,16.7,2,3.56,4.17,3.75,3.55,4,5,4,5,3,4,4.17,5,5,5,6,5,5.2,3,2,2,4,2,2.6,3.91,4,2,4,4,3,3,3.33,4,3,2,3,3,3.0,1,1,1,1,1,1.0,2.42,1,1,1,2,1.25,0.7498005613240603,0.7453520670861346,-0.27901096404693065,0.5297190079249137,0.2217754243889392,-0.6517007690770332,-1.576160070812254,-0.8498916457195076,-2.0687075517974836,-0.2394903781428742,0.39657273310222824,0.028161997202445964,0.21344658278020553,0.3929504741833507,-2.4905163329820863,0.7240814892869682,0.9898138391289075,-0.29919213206884443,-0.9786495740066906,0.0,-0.0,-0.0,16-18,Mother-Daughter,3.5436,3.8,0.64,1,0
F1300,4,E4,Eastern,25,0,Rural,2,Female,2,Female,43,12.9,4,4.4,4.55,4.22,4.46,2,2,2,2,2,2,2.0,2,2,4,3,3,2.8,5,4,4,4,5,4.4,3.13,2,1,3,2,1,2,1.83,2,1,2,2,1,1.6,1,1,1,1,1,1.0,1.59,1,1,1,1,1.0,-1.4972769322263526,-1.061901873292198,1.3995750729980339,-0.5217642026250311,-1.4388862330481842,-1.8350943569527682,-1.576160070812254,-1.8272961989949508,-2.2763660526072798,0.4326408352086751,1.0070657493578703,0.6649191252291504,1.773672870818674,-0.38704952581664953,-2.7405163329820863,-1.4459185107130317,-1.4101861608710928,1.5008078679311558,1.0607155471734997,-0.0,-0.0,0.0,12-15,Mother-Daughter,3.2065217391304346,3.641304347826087,0.2608695652173913,0,0
F1304,17,W5,Western,118,0,Rural,1,Male,1,Male,46,21.6,3,2.6,3.02,3.22,2.88,4,3,3,4,3,3,3.33,4,4,4,5,3,4.0,1,1,1,2,2,1.4,2.85,2,2,2,2,3,3,2.33,3,3,3,4,2,3.0,1,2,1,1,2,1.4,2.25,2,2,4,3,2.75,-0.12003588779222847,-0.15827490310303177,-1.398068322076907,-0.8992197141044981,-0.8853323472358098,-0.6517007690770332,-1.1649501994168372,-1.0500829397638753,-0.8227565469387071,-1.0076403362589301,-1.4509719213556365,-0.6898832748276678,-0.9352914534678972,-0.6670495258166493,-0.9905163329820863,-0.11591851071303161,-0.21018616087109265,-1.4991921320688446,0.660723450229347,-0.0,-0.0,0.0,19-22,Father-Son,3.4221428571428567,3.6607142857142856,0.35714285714285715,0,1
F1305,18,W6,Western,123,0,Rural,1,Male,2,Female,50,17.7,3,3.2,3.53,3.49,3.33,4,4,4,3,3,4,3.67,1,1,2,3,2,1.8,1,1,2,2,2,1.6,2.37,2,3,3,3,2,4,2.83,3,2,4,3,3,3.0,2,2,2,1,1,1.6,2.22,3,3,2,5,3.25,0.23204077018341215,-1.8149243484498367,-1.2115587624052442,-1.5462863052121563,-0.33177846142343526,-0.6517007690770332,-0.9593452637191285,-1.0854108151834694,-0.4074395453191151,-0.5275466124363951,-0.6316260311178011,-0.32408662681232664,-0.16375098136096214,-1.1470495258166493,-0.4905163329820863,0.22408148928696825,-2.410186160871093,-1.2991921320688444,0.5626465271524238,-0.0,-0.0,0.0,16-18,Father-Daughter,3.376923076923077,4.019230769230769,0.46153846153846156,0,1
F1308,17,W5,Western,119,0,Rural,1,Male,1,Male,43,12.5,2,3.45,3.37,2.99,3.4,4,5,5,4,4,5,4.5,3,1,1,2,2,1.8,1,2,2,1,2,1.6,2.68,3,3,4,3,3,4,3.33,3,2,2,2,1,2.0,1,1,1,1,2,1.2,2.36,3,3,3,3,3.0,1.091522023476888,-1.8149243484498367,-1.2115587624052442,-1.1283891317884602,0.2217754243889392,-1.4969819032739868,-1.3705551351145455,-0.9205473965586963,-0.6150980461289112,-0.32750756084367216,-0.8886757221728079,-1.001487826840736,-0.043733574588772556,-0.8370495258166493,-0.7405163329820863,1.0540814892869683,-2.410186160871093,-1.2991921320688444,0.6198488453821392,-0.0,-0.0,0.0,12-15,Father-Son,3.413529411764706,3.7794117647058822,0.5294117647058824,0,1
F1309,8,C2,Central,55,0,Rural,1,Male,1,Male,43,15.8,3,3.13,2.83,3.56,2.69,2,3,2,3,2,2,2.33,5,4,4,4,4,4.2,1,1,1,2,2,1.4,2.67,2,1,2,2,3,3,2.17,4,4,3,3,3,3.4,3,3,3,3,2,2.8,2.68,3,3,3,1,2.5,-1.1555554700735249,-0.0076704080715039435,-1.398068322076907,-1.14186968576987,-1.0624695906957697,-0.3135883153982518,0.2742843504671218,-0.5437167254163564,-1.0304150477485032,-0.5835575468823577,-1.7562184294834575,-0.22925045880834952,-1.2610529861352695,-0.8470495258166495,-1.2405163329820863,-1.1159185107130316,-0.010186160871092476,-1.4991921320688446,1.050778771620285,-0.0,-0.0,0.0,12-15,Father-Son,3.4669565217391303,4.0978260869565215,0.5217391304347826,1,0
F1310,6,E6,Eastern,38,0,Rural,1,Male,1,Male,50,22.3,2,1.8,3.36,3.5,2.51,2,3,2,2,2,2,2.17,3,3,3,3,2,2.8,2,1,3,3,2,2.2,2.41,3,3,3,2,3,2,2.67,4,4,4,3,3,3.6,1,1,1,2,1,1.2,2.48,5,5,5,5,5.0,-1.3212386032385324,-1.061901873292198,-0.6520300833902559,-1.492364089286518,-0.5089157048833953,-0.14453208855886093,-1.3705551351145455,-0.7792358948803189,1.0461699603494574,-1.6477653013556437,-0.9047413278637463,-0.3105386028117587,-1.5696691749780438,-1.1070495258166493,1.2594836670179137,-1.2759185107130318,-1.4101861608710928,-0.6991921320688443,-1.394310796345996,-0.0,0.0,-0.0,19-22,Father-Son,3.5205263157894735,3.8026315789473686,0.42105263157894735,0,0
F1312,6,E6,Eastern,40,0,Rural,2,Female,1,Male,38,16.5,2,2.01,3.83,3.11,3.21,3,3,3,3,1,2,2.5,5,5,4,5,4,4.6,3,5,3,3,3,3.4,3.56,2,2,2,2,2,1,1.83,2,2,3,2,4,2.6,2,2,2,2,3,2.2,2.29,2,3,3,3,2.75,-0.9795171410857045,0.2935385819915511,0.46702727463972,0.057899618575579515,-1.4388862330481842,-0.9898132227558145,-0.3425304566260032,-1.0029791058710829,-0.8227565469387071,-1.4797324980177566,-0.14965786038966203,-0.8389115388339182,-0.36949510725614493,0.04295047418335063,-0.9905163329820863,-0.9459185107130317,0.389813839128907,0.5008078679311554,-0.042543146187934235,0.0,-0.0,-0.0,16-18,Mother-Son,3.296190476190476,3.5714285714285716,0.3333333333333333,0,0
F1313,17,W5,Western,116,0,Rural,1,Male,1,Male,45,16.7,1,4.72,4.08,3.25,3.6,4,4,4,5,4,5,4.33,2,3,2,2,2,2.2,3,3,3,3,4,3.2,3.09,3,3,2,2,2,2,2.33,1,2,2,3,2,2.0,1,1,1,2,1,1.2,1.98,1,2,2,3,2.0,0.9154836944890679,-1.513715358386781,0.28051771496805755,-0.5756864185506694,-0.8853323472358098,-1.4969819032739868,-1.3705551351145455,-1.3680338185402243,-1.4457320493680954,0.6886908212473599,0.25198228188378685,-0.6492392028259634,0.29917330190319874,-0.42704952581664957,-1.7405163329820863,0.8840814892869684,-2.0101861608710925,0.30080786793115566,0.7432866746761337,-0.0,-0.0,0.0,16-18,Father-Son,3.4620689655172416,4.017241379310345,0.5862068965517241,0,1
F1314,8,C2,Central,54,0,Rural,1,Male,1,Male,46,18.6,4,3.28,3.71,3.01,2.51,4,3,3,4,3,4,3.5,6,5,7,6,5,5.8,2,1,2,1,2,1.6,3.55,1,3,3,3,3,3,2.67,3,4,3,3,3,3.2,1,2,1,1,1,1.2,2.55,3,3,3,4,3.25,0.05600244119559184,1.1971655521807174,-1.2115587624052442,0.04441906459416966,-0.5089157048833953,-0.4826445422376423,-1.3705551351145455,-0.6968041855679322,-0.4074395453191151,-0.46353411592672406,-0.34244512868091764,-0.9743917788396002,-1.5696691749780438,0.0329504741833504,-0.4905163329820863,0.05408148928696832,1.5898138391289072,-1.2991921320688444,-0.016162745766437944,0.0,-0.0,-0.0,16-18,Father-Son,3.5553846153846154,4.134615384615385,0.6153846153846154,1,0
F1318,7,C1,Central,49,0,Rural,2,Female,1,Male,51,25.0,4,4.81,3.27,4.07,3.75,1,1,1,2,1,1,1.17,1,2,2,2,4,2.2,2,2,2,2,2,2.0,2.06,3,3,2,2,1,2,2.17,3,3,4,4,4,3.6,1,1,1,1,2,1.2,2.16,3,4,3,3,3.25,-2.3567581855198285,-1.513715358386781,-0.8385396430619187,-1.964183478635852,-1.0624695906957697,-0.14453208855886093,-1.3705551351145455,-1.1560665660226581,-0.4074395453191151,0.7607048798207401,-1.0493317790821877,0.46169876522062836,0.5563534592721768,-1.4570495258166494,-0.4905163329820863,-2.2759185107130318,-2.0101861608710925,-0.8991921320688445,0.7147065903768706,-0.0,-0.0,0.0,23-25,Mother-Son,3.39,3.4711538461538463,0.4230769230769231,1,0
F1319,9,C3,Central,60,0,Rural,2,Female,2,Female,46,14.3,2,4.29,3.55,2.66,3.38,3,4,5,3,3,3,3.5,4,5,3,3,5,4.0,2,2,2,2,2,2.0,2.99,3,3,3,2,3,3,2.83,5,5,4,5,5,4.8,2,3,2,2,3,2.4,3.14,5,4,3,3,3.75,0.05600244119559184,-0.15827490310303177,-0.8385396430619187,-0.7104919583647643,-0.33177846142343526,0.8698052724774832,-0.13692552092829502,-0.002022635649243253,0.007877456300477073,0.34462365250787674,-0.5994948197359252,-1.4485726188594863,-0.07802426223796968,-0.5270495258166492,0.0094836670179137,0.05408148928696832,-0.21018616087109265,-0.8991921320688445,-0.004998362204794411,-0.0,0.0,-0.0,12-15,Mother-Daughter,3.2008333333333336,3.5104166666666665,0.2916666666666667,1,0
F1322,2,E2,Eastern,11,0,Rural,2,Female,2,Female,47,21.2,3,1.0,2.77,1.96,1.98,3,3,2,3,2,2,2.5,3,3,3,3,3,3.0,4,5,4,4,4,4.2,3.12,4,3,4,3,4,3,3.5,5,5,6,6,6,5.6,4,4,5,5,5,4.6,4.51,6,5,6,7,6.0,-0.9795171410857045,-0.9112973782606704,1.213065513326371,-0.5352447566064403,0.40998374556514644,1.5460301798350458,2.1247287717464975,1.6112836751788977,1.8768039635886415,-2.287890266452357,-1.8526120636290855,-2.3969342988992595,-2.4783723976817664,-0.3970495258166493,2.2594836670179137,-0.9459185107130317,-1.2101861608710927,1.3008078679311557,-0.8971269185799265,-0.0,0.0,-0.0,19-22,Mother-Daughter,3.622,3.9375,0.5,0,0
F1323,5,E5,Eastern,33,0,Rural,2,Female,1,Male,47,17.5,2,3.17,2.98,3.33,2.77,5,4,3,4,5,4,4.17,2,3,3,3,3,2.8,3,3,3,3,3,3.0,3.24,4,5,4,5,5,4,4.5,4,3,4,4,3,3.6,4,5,4,3,4,4.0,4.1,6,6,6,7,6.25,0.7498005613240603,-1.061901873292198,0.09400815529639468,-0.3734781088295257,1.5170915171898955,-0.14453208855886093,1.5079139646533726,1.128469377777775,2.0844624643984377,-0.5515512986275221,-1.5152343441193883,-0.5408550108214178,-1.123890235538481,-0.2770495258166492,2.5094836670179137,0.7240814892869682,-1.4101861608710928,0.10080786793115548,-0.695251259991939,-0.0,0.0,-0.0,16-18,Mother-Son,3.4548275862068967,4.094827586206897,0.6206896551724138,0,0
F1324,14,W2,Western,98,0,Rural,2,Female,2,Female,51,25.0,3,3.49,3.58,3.19,3.23,4,4,4,5,5,4,4.33,6,3,4,4,4,4.2,4,3,3,3,3,3.2,4.0,3,4,3,5,4,4,3.83,4,3,4,5,3,3.8,3,3,2,2,2,2.4,3.38,4,5,4,4,4.25,0.9154836944890679,-0.0076704080715039435,0.28051771496805755,0.6510439937575994,0.7753293102013137,0.02452413828052955,-0.13692552092829502,0.2806003677075112,0.4231944579200692,-0.2955013125888365,-0.5512980026631109,-0.7305273468293726,-0.3352044196069478,0.4829504741833506,0.5094836670179137,0.8840814892869684,-0.010186160871092476,0.30080786793115566,0.2460553785749737,0.0,0.0,0.0,23-25,Mother-Daughter,3.403461538461538,3.8173076923076925,0.46153846153846156,0,1
F1325,14,W2,Western,93,0,Rural,1,Male,2,Female,43,16.0,3,3.84,3.89,2.72,2.47,3,3,3,2,3,2,2.67,5,4,4,4,3,4.0,3,3,2,2,3,2.6,3.15,2,3,2,3,2,2,2.33,3,5,4,4,4,4.0,3,2,2,3,1,2.2,2.97,4,4,4,5,4.25,-0.8034788120978842,-0.15827490310303177,-0.27901096404693065,-0.494803094662212,-0.8853323472358098,0.1935803651199204,-0.3425304566260032,-0.20221392969361107,0.4231944579200692,-0.015446640359024667,-0.053264226244034214,-1.367284474856077,-1.6382505502764373,-0.3670495258166495,0.5094836670179137,-0.7759185107130318,-0.21018616087109265,-0.29919213206884443,-0.18700573839025297,-0.0,0.0,-0.0,16-18,Father-Daughter,3.3927272727272726,3.772727272727273,0.4090909090909091,0,1
F1326,17,W5,Western,118,0,Rural,2,Female,2,Female,48,16.1,2,4.33,3.02,3.22,2.88,1,2,1,2,2,1,1.5,7,7,7,6,6,6.6,3,1,4,2,2,2.4,3.26,3,3,3,3,2,2,2.67,5,5,6,3,6,5.0,2,3,3,3,3,2.8,3.42,4,4,3,3,3.5,-2.015036723367001,1.799583532306828,-0.4655205237185935,-0.34651700086670717,-0.5089157048833953,1.038861499316874,0.2742843504671218,0.32770420160030367,-0.199781044509319,0.37662990076271247,-1.4509719213556365,-0.6898832748276678,-0.9352914534678972,-0.25704952581664964,-0.2405163329820863,-1.9459185107130317,2.389813839128907,-0.4991921320688446,0.061824609344204695,-0.0,-0.0,0.0,16-18,Mother-Daughter,3.4221428571428567,3.6607142857142856,0.35714285714285715,0,1
F1327,13,W1,Western,86,0,Rural,2,Female,2,Female,47,21.5,1,4.43,2.68,3.14,3.64,3,2,2,3,3,4,2.83,6,5,7,6,5,5.8,2,3,2,2,1,2.0,3.34,2,2,2,2,2,2,2.0,4,4,3,3,3,3.4,1,1,2,1,1,1.2,2.19,4,3,4,4,3.75,-0.6377956789328766,1.1971655521807174,-0.8385396430619187,-0.2386725690154307,-1.250677911871977,-0.3135883153982518,-1.3705551351145455,-1.120738690603064,0.007877456300477073,0.45664552139980136,-1.9972025148475268,-0.7982674668322133,0.367754677201593,-0.17704952581664957,0.0094836670179137,-0.6159185107130316,1.5898138391289072,-0.8991921320688445,-0.0016790787485246195,-0.0,0.0,-0.0,19-22,Mother-Daughter,3.28962962962963,3.6481481481481484,0.4444444444444444,0,1
F1333,17,W5,Western,113,0,Rural,2,Female,2,Female,43,18.3,3,4.65,3.5,3.33,3.99,3,4,2,4,4,3,3.33,4,4,5,4,4,4.2,5,5,4,4,5,4.6,4.09,2,1,2,2,2,2,1.83,4,3,3,3,3,3.2,2,1,1,2,2,1.6,2.01,1,1,1,3,1.5,-0.12003588779222847,-0.0076704080715039435,1.5860846326696958,0.7723689795902852,-1.4388862330481842,-0.4826445422376423,-0.9593452637191285,-1.3327059431206303,-1.8610490509876876,0.632679886801398,-0.6798228481906147,-0.5408550108214178,0.9678417110625425,0.5729504741833504,-2.2405163329820863,-0.11591851071303161,-0.010186160871092476,1.7008078679311551,-1.2837048953976278,0.0,-0.0,-0.0,16-18,Mother-Daughter,3.815909090909091,3.8863636363636362,0.6818181818181818,0,1
F1340,7,C1,Central,45,0,Rural,2,Female,1,Male,45,19.2,3,4.48,2.97,3.01,3.44,2,5,3,3,3,3,3.17,3,3,3,4,2,3.0,3,4,2,4,3,3.2,3.12,3,3,3,3,2,3,2.83,4,5,3,3,4,3.8,3,3,3,3,3,3.0,3.43,5,5,4,4,4.5,-0.285719020957236,-0.9112973782606704,0.28051771496805755,-0.5352447566064403,-0.33177846142343526,0.02452413828052955,0.4798892861648304,0.339480160073502,0.6308529587298652,0.49665333171834647,-1.531299949810326,-0.9743917788396002,0.024847800709621705,-0.3970495258166493,0.7594836670179137,-0.27591851071303175,-1.2101861608710927,0.30080786793115566,-0.3015526298549526,-0.0,0.0,-0.0,19-22,Mother-Son,3.4618181818181815,3.534090909090909,0.45454545454545453,1,0
F1342,1,E1,Eastern,2,0,Rural,2,Female,2,Female,47,15.4,4,3.96,3.75,2.82,2.58,3,3,2,2,2,3,2.5,4,4,4,3,4,3.8,3,3,4,4,3,3.4,3.33,2,3,4,2,4,3,3.0,3,4,2,2,2,2.6,4,3,3,3,3,3.2,2.91,3,3,4,4,3.5,-0.9795171410857045,-0.3088793981345596,0.46702727463972,-0.25215312299684,-0.14357014024722803,-0.9898132227558145,0.685494221862539,-0.2728696805327998,-0.199781044509319,0.08057210440548243,-0.27818270591716576,-1.2318042348503957,-1.4496517682058534,-0.18704952581664935,-0.2405163329820863,-0.9459185107130317,-0.41018616087109283,0.5008078679311554,0.044988466035458585,-0.0,-0.0,0.0,12-15,Mother-Daughter,3.7009999999999996,3.75,0.55,0,0
F1344,17,W5,Western,114,0,Rural,1,Male,2,Female,47,24.2,3,1.31,4.42,3.87,3.41,4,4,4,3,4,5,4.0,4,4,4,4,5,4.2,2,2,2,2,2,2.0,3.41,3,3,3,4,4,4,3.5,5,2,3,4,3,3.4,1,3,2,2,2,2.0,2.86,3,3,4,5,3.75,0.57376223233624,-0.0076704080715039435,-0.8385396430619187,-0.14430869114556352,0.40998374556514644,-0.3135883153982518,-0.5481353923237118,-0.3317494728987907,0.007877456300477073,-2.0398418424773808,0.7982128753756771,0.19073828520926436,-0.02658823076417361,-0.10704952581664928,0.0094836670179137,0.5540814892869683,-0.010186160871092476,-0.8991921320688445,-0.001015222057270658,-0.0,0.0,-0.0,23-25,Father-Daughter,3.439090909090909,3.522727272727273,0.5909090909090909,0,1
F1352,13,W1,Western,90,0,Rural,1,Male,2,Female,48,18.6,5,4.64,3.02,2.42,2.99,6,5,5,6,6,7,5.83,5,5,6,4,5,5.0,1,2,1,2,2,1.6,3.79,4,3,4,3,4,3,3.5,3,4,5,4,3,3.8,2,2,2,2,2,2.0,2.88,4,3,3,2,3.0,2.4687630679110124,0.5947475720546067,-1.2115587624052442,0.36795236014799904,0.40998374556514644,0.02452413828052955,-0.5481353923237118,-0.30819755595239445,-0.6150980461289112,0.6246783247376886,-1.4509719213556365,-1.773725194873123,-0.7466926713973127,0.2729504741833506,-0.7405163329820863,2.3840814892869684,0.7898138391289073,-1.2991921320688444,-0.2021242842279764,0.0,-0.0,-0.0,16-18,Father-Daughter,3.4153846153846152,3.4326923076923075,0.38461538461538464,0,1
F1353,13,W1,Western,85,0,Rural,2,Female,1,Male,49,23.7,1,3.75,3.69,3.93,3.15,2,1,1,2,2,1,1.5,3,2,2,3,2,2.4,2,2,2,1,3,2.0,2.14,3,2,2,2,2,1,2.0,2,3,2,3,3,2.6,2,1,1,1,1,1.2,2.12,4,3,3,4,3.5,-2.015036723367001,-1.3631108633552536,-0.8385396430619187,-1.8563390467845757,-1.250677911871977,-0.9898132227558145,-1.3705551351145455,-1.2031703999154506,-0.199781044509319,-0.08746069893240481,-0.3745763400627936,0.27202642921267356,-0.4723671702037363,-1.3770495258166493,-0.2405163329820863,-1.9459185107130317,-1.8101861608710927,-0.8991921320688445,0.3312029022841413,-0.0,-0.0,0.0,23-25,Mother-Son,3.5095652173913043,4.032608695652174,0.5217391304347826,0,1
F1355,18,W6,Western,125,0,Rural,1,Male,1,Male,45,13.9,2,3.62,3.34,2.29,2.97,2,2,1,1,2,2,1.67,3,2,3,2,2,2.4,2,1,3,2,2,2.0,2.22,3,2,3,3,2,3,2.67,3,3,4,2,3,3.0,2,2,3,2,3,2.4,2.88,6,5,5,5,5.25,-1.8389983943791806,-1.3631108633552536,-0.8385396430619187,-1.7484946149332992,-0.5089157048833953,-0.6517007690770332,-0.13692552092829502,-0.30819755595239445,1.2538284611592534,-0.19148100576062063,-0.9368725392456222,-1.9498495068805093,-0.7809833590465097,-1.2970495258166492,1.5094836670179137,-1.7759185107130318,-1.8101861608710927,-0.8991921320688445,-1.9578750745335618,-0.0,0.0,-0.0,12-15,Father-Son,3.3248,3.98,0.4,0,1
F1356,7,C1,Central,49,0,Rural,2,Female,2,Female,48,22.7,3,3.36,3.27,4.07,3.75,4,3,3,3,3,4,3.33,2,1,2,1,2,1.6,2,2,3,3,2,2.4,2.78,3,2,3,3,3,3,2.83,2,4,4,4,2,3.2,3,3,3,2,2,2.6,2.99,4,4,4,4,4.0,-0.12003588779222847,-1.9655288434813643,-0.4655205237185935,-0.9935835919743653,-0.33177846142343526,-0.4826445422376423,0.06867941476941361,-0.17866201274721483,0.21553595711027312,-0.39952161941705266,-1.0493317790821877,0.46169876522062836,0.5563534592721768,-0.7370495258166496,0.2594836670179137,-0.11591851071303161,-2.6101861608710926,-0.4991921320688446,-0.1912523137327187,-0.0,0.0,-0.0,19-22,Mother-Daughter,3.39,3.4711538461538463,0.4230769230769231,1,0
F1357,2,E2,Eastern,13,0,Rural,2,Female,2,Female,41,12.1,3,3.04,4.03,2.56,3.11,4,3,3,3,4,4,3.5,3,3,2,3,2,2.6,1,2,3,2,2,2.0,2.63,3,4,4,4,3,3,3.5,3,4,4,4,3,3.6,2,2,1,1,2,1.6,2.91,4,4,4,4,4.0,0.05600244119559184,-1.2125063683237256,-0.8385396430619187,-1.1957919016955083,0.40998374556514644,-0.14453208855886093,-0.9593452637191285,-0.2728696805327998,0.21553595711027312,-0.6555716054557379,0.17165425342909738,-1.5840528588651683,-0.5409485455021306,-0.8870495258166495,0.2594836670179137,0.05408148928696832,-1.6101861608710926,-0.8991921320688445,-0.23017486378540572,-0.0,0.0,-0.0,12-15,Mother-Daughter,3.4699999999999998,3.673076923076923,0.23076923076923078,0,0
F1358,18,W6,Western,122,0,Rural,2,Female,1,Male,51,25.3,3,2.84,3.71,3.85,3.1,2,3,4,4,4,3,3.33,5,6,6,5,5,5.4,2,2,2,3,3,2.4,3.71,2,4,4,3,3,2,3.0,5,5,4,4,5,4.6,2,3,3,4,2,2.8,3.13,4,4,4,5,4.25,-0.12003588779222847,0.8959565621176624,-0.4655205237185935,0.2601079282967226,-0.14357014024722803,0.7007490456380923,0.2742843504671218,-0.013798594122441638,0.4231944579200692,-0.8156028467299163,-0.34244512868091764,0.16364223720812796,-0.5580938893267288,0.19295047418335054,0.5094836670179137,-0.11591851071303161,1.1898138391289077,-0.4991921320688446,0.09830511513977871,0.0,0.0,0.0,23-25,Mother-Son,3.7910526315789475,4.631578947368421,0.6842105263157895,0,1
F1361,16,W4,Western,108,0,Rural,2,Female,1,Male,43,17.1,4,3.0,3.36,3.37,2.46,3,3,3,3,2,2,2.67,6,6,5,6,6,5.8,4,4,4,3,5,4.0,4.01,1,1,2,1,2,1,1.33,2,3,3,3,3,2.8,1,1,2,2,1,1.4,1.92,3,2,4,2,2.75,-0.8034788120978842,1.1971655521807174,1.0265559536547082,0.6645245477390087,-1.9924401188605587,-0.820756995916424,-1.1649501994168372,-1.438689569379413,-0.8227565469387071,-0.6875778537105736,-0.9047413278637463,-0.48666291481914503,-1.6553958941010363,0.49295047418335036,-0.9905163329820863,-0.7759185107130318,1.5898138391289072,1.1008078679311555,-0.4882754960298728,0.0,-0.0,-0.0,16-18,Mother-Son,3.373,4.225,0.5,0,1
F1362,17,W5,Western,114,0,Rural,2,Female,2,Female,53,22.2,3,2.97,4.42,3.87,3.41,3,3,3,3,2,2,2.67,2,3,2,3,4,2.8,6,5,5,5,5,5.2,3.8,6,4,4,4,3,3,4.0,4,4,3,4,4,3.8,4,6,4,5,5,4.8,4.19,4,5,5,6,5.0,-0.8034788120978842,-1.061901873292198,2.1456133116846843,0.3814329141294083,0.9635376313775209,0.02452413828052955,2.3303337074442063,1.2344530040365589,1.0461699603494574,-0.7115825399017002,0.7982128753756771,0.19073828520926436,-0.02658823076417361,0.2829504741833504,1.2594836670179137,-0.7759185107130318,-1.4101861608710928,2.3008078679311557,0.3563715008089037,0.0,0.0,0.0,19-22,Mother-Daughter,3.439090909090909,3.522727272727273,0.5909090909090909,0,1
F1364,4,E4,Eastern,25,0,Rural,2,Female,1,Male,37,13.0,2,1.72,4.55,4.22,4.46,1,1,2,2,1,2,1.5,3,4,4,3,4,3.6,4,4,3,4,4,3.8,2.89,3,2,3,2,2,3,2.5,4,4,3,3,2,3.2,3,2,2,3,3,2.6,2.68,4,5,5,5,4.75,-2.015036723367001,-0.4594838931660871,0.8400463939830453,-0.8452974981788599,-0.6971240260596026,-0.4826445422376423,0.06867941476941361,-0.5437167254163564,0.8385114595396613,-1.7117777978653153,1.0070657493578703,0.6649191252291504,1.773672870818674,-0.6270495258166493,1.0094836670179137,-1.9459185107130317,-0.6101861608710926,0.9008078679311553,-0.6329962547232351,-0.0,0.0,-0.0,12-15,Mother-Son,3.2065217391304346,3.641304347826087,0.2608695652173913,0,0
F1366,14,W2,Western,92,0,Rural,2,Female,1,Male,49,22.6,2,4.55,4.35,3.7,3.77,2,2,2,1,2,1,1.67,2,3,2,3,3,2.6,3,3,3,2,2,2.6,1.88,3,3,2,2,2,2,2.33,3,4,3,2,2,2.8,3,2,1,3,2,2.2,2.44,4,4,4,4,4.0,-1.8389983943791806,-1.2125063683237256,-0.27901096404693065,-2.2068334503012244,-0.8853323472358098,-0.820756995916424,-0.3425304566260032,-0.8263397287731113,0.21553595711027312,0.5526642661643084,0.685753635539111,-0.03957812280039473,0.590644146921374,-1.6370495258166495,0.2594836670179137,-1.7759185107130318,-1.6101861608710926,-0.29919213206884443,-0.424787614048841,-0.0,0.0,-0.0,19-22,Mother-Son,3.7422222222222223,3.8055555555555554,0.5555555555555556,0,1
F1372,17,W5,Western,118,0,Rural,1,Male,2,Female,43,19.8,2,3.12,3.02,3.22,2.88,3,2,2,4,3,2,2.67,5,5,5,6,5,5.2,1,2,2,2,1,1.6,2.91,1,1,2,2,2,2,1.67,3,2,2,3,3,2.6,2,1,1,1,2,1.4,2.0,3,3,4,3,3.25,-0.8034788120978842,0.7453520670861346,-1.2115587624052442,-0.8183363902160408,-1.6160234765081443,-0.9898132227558145,-1.1649501994168372,-1.344481901593828,-0.4074395453191151,-0.5915591089460664,-1.4509719213556365,-0.6898832748276678,-0.9352914534678972,-0.6070495258166493,-0.4905163329820863,-0.7759185107130318,0.9898138391289075,-1.2991921320688444,0.2977677073420971,-0.0,-0.0,0.0,19-22,Father-Daughter,3.4221428571428567,3.6607142857142856,0.35714285714285715,0,1
F1373,6,E6,Eastern,42,0,Rural,1,Male,2,Female,45,14.3,3,1.3,3.18,3.09,3.67,5,3,3,3,3,4,3.5,6,5,6,6,4,5.4,1,1,1,1,1,1.0,3.53,3,4,3,4,4,2,3.33,4,4,4,4,4,4.0,2,1,2,2,2,1.8,3.28,4,4,4,4,4.0,0.05600244119559184,0.8959565621176624,-1.7710874414202322,0.01745795663135055,0.2217754243889392,0.1935803651199204,-0.7537403280214202,0.16284078297552995,0.21553595711027312,-2.04784340454109,-1.193922230300629,-0.8660075868350546,0.4191907086753883,0.01295047418335038,0.2594836670179137,0.05408148928696832,1.1898138391289077,-1.8991921320688445,0.003360436530716578,0.0,0.0,0.0,12-15,Father-Daughter,3.636060606060606,3.909090909090909,0.5757575757575758,0,0
F1382,1,E1,Eastern,2,0,Rural,1,Male,2,Female,43,15.3,3,2.14,3.75,2.82,2.58,2,2,2,2,2,1,1.83,4,3,4,4,3,3.6,1,2,1,2,1,1.4,2.09,3,2,3,2,3,4,2.83,4,3,4,4,4,3.8,3,3,2,4,3,3.0,2.92,5,5,4,5,4.75,-1.673315261214173,-0.4594838931660871,-1.398068322076907,-1.9237418166916238,-0.33177846142343526,0.02452413828052955,0.4798892861648304,-0.26109372205960196,0.8385114595396613,-1.3757121911895405,-0.27818270591716576,-1.2318042348503957,-1.4496517682058534,-1.4270495258166496,1.0094836670179137,-1.6159185107130316,-0.6101861608710926,-1.4991921320688446,-1.4405831883375664,-0.0,0.0,-0.0,12-15,Father-Daughter,3.7009999999999996,3.75,0.55,0,0
F1383,14,W2,Western,96,0,Rural,1,Male,1,Male,46,16.9,3,3.48,2.82,2.41,2.58,2,2,3,2,2,2,2.17,5,5,5,4,6,5.0,3,3,3,2,2,2.6,3.13,2,1,1,2,1,1,1.33,3,3,3,2,3,2.8,1,1,2,2,2,1.6,1.96,3,3,3,3,3.0,-1.3212386032385324,0.5947475720546067,-0.27901096404693065,-0.5217642026250311,-1.9924401188605587,-0.820756995916424,-0.9593452637191285,-1.3915857354866206,-0.6150980461289112,-0.3035028746525456,-1.7722840351743958,-1.787273218873691,-1.4496517682058534,-0.38704952581664953,-0.7405163329820863,-1.2759185107130318,0.7898138391289073,-0.29919213206884443,0.28661649554020063,-0.0,-0.0,0.0,16-18,Father-Son,3.5119999999999996,3.7375,0.5,0,1
F1387,15,W3,Western,102,0,Rural,1,Male,1,Male,37,17.1,1,2.87,3.12,1.74,2.85,3,3,4,3,5,3,3.5,4,4,5,5,5,4.6,6,5,5,5,5,5.2,4.4,3,3,2,3,3,4,3.0,3,5,4,5,4,4.2,4,5,5,4,5,4.6,4.13,6,6,5,6,5.75,0.05600244119559184,0.2935385819915511,2.1456133116846843,1.1902661530139818,-0.14357014024722803,0.3626365919593113,2.1247287717464975,1.1637972531973695,1.6691454627788456,-0.7915981605387894,-1.290315864446257,-2.6949908269117597,-0.9867274849416925,0.8829504741833509,2.0094836670179137,0.05408148928696832,0.389813839128907,2.3008078679311557,1.7742745566571658,0.0,0.0,0.0,16-18,Father-Son,3.3176923076923077,3.826923076923077,0.46153846153846156,0,1
F1389,16,W4,Western,112,0,Rural,2,Female,1,Male,40,12.9,2,3.67,3.61,3.08,3.45,4,4,3,3,3,4,3.5,4,4,4,4,4,4.0,3,4,3,3,3,3.2,3.51,3,3,3,3,3,3,3.0,2,2,3,2,2,2.2,2,3,2,2,2,2.2,2.63,4,5,4,4,4.25,0.05600244119559184,-0.15827490310303177,0.28051771496805755,-0.009503151331468564,-0.14357014024722803,-1.327925676434596,-0.3425304566260032,-0.6025965177823472,0.4231944579200692,-0.15147319544207621,-0.5031011855902974,-0.8795556108356225,0.04199314453422065,-0.007049525816649638,0.5094836670179137,0.05408148928696832,-0.21018616087109265,0.30080786793115566,-0.00359161826380411,-0.0,0.0,-0.0,12-15,Mother-Son,3.465,3.9166666666666665,0.3333333333333333,0,1
F1390,16,W4,Western,109,0,Rural,2,Female,2,Female,40,15.0,1,5.23,3.72,3.19,3.1,3,4,4,4,4,4,3.83,6,5,5,5,7,5.6,3,3,3,3,3,3.0,4.05,3,3,3,3,3,2,2.83,4,5,4,4,4,4.2,1,2,1,1,1,1.2,2.76,1,2,2,1,1.5,0.3977239033484197,1.0465610571491897,0.09400815529639468,0.7184467636646469,-0.33177846142343526,0.3626365919593113,-1.3705551351145455,-0.4495090576307719,-1.8610490509876876,1.0967704864965153,-0.32637952298997935,-0.7305273468293726,-0.5580938893267288,0.5329504741833504,-2.2405163329820863,0.3840814892869684,1.389813839128907,0.10080786793115548,-1.1940842420783442,0.0,-0.0,-0.0,12-15,Mother-Daughter,3.7354999999999996,3.8625,0.55,0,1
F1393,13,W1,Western,86,0,Rural,1,Male,2,Female,41,15.3,2,2.6,2.68,3.14,3.64,4,4,4,4,5,4,4.17,3,3,3,4,4,3.4,2,2,2,1,1,1.6,3.22,5,4,4,4,4,4,4.17,4,2,4,3,3,3.2,2,2,2,1,4,2.2,3.0,4,5,2,4,3.75,0.7498005613240603,-0.610088388197615,-1.2115587624052442,-0.4004392167923448,1.1517459525537281,-0.4826445422376423,-0.3425304566260032,-0.16688605427401695,0.007877456300477073,-1.0076403362589301,-1.9972025148475268,-0.7982674668322133,0.367754677201593,-0.29704952581664923,0.0094836670179137,0.7240814892869682,-0.8101861608710927,-1.2991921320688444,-0.0028171187906742604,-0.0,0.0,-0.0,12-15,Father-Daughter,3.28962962962963,3.6481481481481484,0.4444444444444444,0,1
F1394,12,C6,Central,78,0,Rural,2,Female,2,Female,39,12.8,2,3.42,3.85,3.99,3.22,4,4,4,3,3,2,3.33,3,3,3,3,4,3.2,2,2,2,1,2,1.8,2.65,2,2,3,3,2,2,2.33,3,4,4,3,3,3.4,1,1,1,1,1,1.0,2.12,3,2,2,3,2.5,-0.12003588779222847,-0.7606928832291425,-1.0250492027335814,-1.1688307937326892,-0.8853323472358098,-0.3135883153982518,-1.576160070812254,-1.2031703999154506,-1.0304150477485032,-0.3515122470347991,-0.11752664900778609,0.35331457321608273,-0.352349763431546,-0.8670495258166495,-1.2405163329820863,-0.11591851071303161,-1.0101861608710925,-1.0991921320688445,1.0755890982799268,-0.0,-0.0,0.0,12-15,Mother-Daughter,3.559473684210526,2.9078947368421053,0.3684210526315789,1,0
F1401,6,E6,Eastern,39,0,Rural,2,Female,1,Male,41,13.1,3,3.57,3.2,3.65,2.76,4,2,3,3,2,3,2.83,5,4,5,5,5,4.8,1,1,1,1,1,1.0,3.0,1,2,2,1,2,2,1.67,3,2,2,2,4,2.6,1,2,2,1,1,1.4,1.81,1,2,2,1,1.5,-0.6377956789328766,0.4441430770230789,-1.7710874414202322,-0.6970114043833551,-1.6160234765081443,-0.9898132227558145,-1.1649501994168372,-1.5682251125845923,-1.8610490509876876,-0.23148881607916544,-1.161791018918753,-0.10731824280323603,-1.14103557936308,-0.5170495258166494,-2.2405163329820863,-0.6159185107130316,0.5898138391289072,-1.8991921320688445,1.1584579075528458,-0.0,-0.0,0.0,12-15,Mother-Son,3.795625,3.875,0.5625,0,0
F1403,9,C3,Central,60,0,Rural,1,Male,1,Male,37,14.4,3,4.7,3.55,2.66,3.38,3,3,3,3,2,3,2.83,7,6,7,5,7,6.4,1,1,2,2,1,1.4,3.38,3,2,4,3,2,1,2.5,3,3,3,2,2,2.6,3,3,3,2,2,2.6,2.59,4,3,3,3,3.25,-0.6377956789328766,1.648979037275301,-1.398068322076907,-0.1847503530897925,-0.6971240260596026,-0.9898132227558145,0.06867941476941361,-0.6497003516751397,-0.4074395453191151,0.6726876971199425,-0.5994948197359252,-1.4485726188594863,-0.07802426223796968,-0.13704952581664953,-0.4905163329820863,-0.6159185107130316,2.1898138391289077,-1.4991921320688446,0.06722503084051669,-0.0,-0.0,0.0,12-15,Father-Son,3.2008333333333336,3.5104166666666665,0.2916666666666667,1,0
F1404,13,W1,Western,86,0,Rural,2,Female,1,Male,46,18.9,4,3.88,2.68,3.14,3.64,3,3,1,2,2,2,2.17,1,1,3,1,1,1.4,2,2,2,2,2,2.0,2.02,2,3,3,3,3,2,2.67,2,3,2,2,2,2.2,1,2,2,2,1,1.6,2.43,4,3,3,4,3.5,-1.3212386032385324,-2.116133338512892,-0.8385396430619187,-2.0181056945614904,-0.5089157048833953,-1.327925676434596,-0.9593452637191285,-0.8381156872463091,-0.199781044509319,0.01655960789581103,-1.9972025148475268,-0.7982674668322133,0.367754677201593,-1.4970495258166494,-0.2405163329820863,-1.2759185107130318,-2.8101861608710927,-0.8991921320688445,0.36006486224199163,-0.0,-0.0,0.0,16-18,Mother-Son,3.28962962962963,3.6481481481481484,0.4444444444444444,0,1
F1405,1,E1,Eastern,7,0,Rural,1,Male,2,Female,50,14.9,4,3.24,3.56,4.48,3.65,3,3,2,3,2,3,2.67,4,4,3,4,3,3.6,2,3,2,3,1,2.2,2.88,2,3,2,2,3,2,2.33,4,3,3,2,4,3.2,1,1,2,2,2,1.6,2.53,4,3,4,4,3.75,-0.8034788120978842,-0.4594838931660871,-0.6520300833902559,-0.8587780521602697,-0.8853323472358098,-0.4826445422376423,-0.9593452637191285,-0.7203561025143285,0.007877456300477073,-0.4955403641815594,-0.5834292140449868,1.0171677492439242,0.3849000210261912,-0.6370495258166495,0.0094836670179137,-0.7759185107130318,-0.6101861608710926,-0.6991921320688443,-0.006041565576764921,-0.0,0.0,-0.0,12-15,Father-Daughter,3.5557575757575757,3.537878787878788,0.5757575757575758,0,0
F1406,14,W2,Western,92,0,Rural,2,Female,1,Male,43,16.3,3,5.04,4.35,3.7,3.77,4,4,4,4,4,3,3.83,4,4,5,6,4,4.6,3,3,3,3,3,3.0,3.97,3,3,3,3,4,4,3.33,3,4,4,4,4,3.8,2,3,3,2,3,2.6,3.45,5,5,6,5,5.25,0.3977239033484197,0.2935385819915511,0.09400815529639468,0.6106023318133711,0.2217754243889392,0.02452413828052955,0.06867941476941361,0.36303207701989826,1.2538284611592534,0.9447408072860455,0.685753635539111,-0.03957812280039473,0.590644146921374,0.45295047418335077,1.5094836670179137,0.3840814892869684,0.389813839128907,0.10080786793115548,0.6837213427477872,0.0,0.0,0.0,16-18,Mother-Son,3.7422222222222223,3.8055555555555554,0.5555555555555556,0,1
F1410,11,C5,Central,73,0,Rural,2,Female,1,Male,43,17.4,2,2.98,3.04,3.51,3.37,4,3,3,4,4,2,3.33,4,4,5,3,3,3.8,1,1,1,1,2,1.2,2.87,2,2,3,3,3,1,2.33,4,4,3,3,4,3.6,3,2,1,1,2,1.8,2.58,3,5,4,4,4.0,-0.12003588779222847,-0.3088793981345596,-1.5845778817485696,-0.8722586061416789,-0.8853323472358098,-0.14453208855886093,-0.7537403280214202,-0.6614763101483376,0.21553595711027312,-0.7035809778379915,-1.4188407099737605,-0.29699057881119084,-0.09516960606256787,-0.6470495258166493,0.2594836670179137,-0.11591851071303161,-0.41018616087109283,-1.6991921320688446,-0.1678987837011064,-0.0,0.0,-0.0,16-18,Mother-Son,3.2838461538461536,3.8365384615384617,0.5384615384615384,1,0
F1411,12,C6,Central,78,0,Rural,2,Female,2,Female,46,16.1,2,3.59,3.85,3.99,3.22,3,3,4,4,3,3,3.33,4,4,4,3,4,3.8,3,4,4,2,3,3.2,3.62,3,4,3,2,3,2,2.83,2,1,3,3,2,2.2,1,2,2,3,2,2.0,2.3,2,3,4,3,3.0,-0.12003588779222847,-0.3088793981345596,0.28051771496805755,0.13878294246403686,-0.33177846142343526,-1.327925676434596,-0.5481353923237118,-0.9912031473978851,-0.6150980461289112,-0.2154856919517476,-0.11752664900778609,0.35331457321608273,-0.352349763431546,0.10295047418335068,-0.7405163329820863,-0.11591851071303161,-0.41018616087109283,0.30080786793115566,-0.0762365076210218,0.0,-0.0,-0.0,16-18,Mother-Daughter,3.559473684210526,2.9078947368421053,0.3684210526315789,1,0
F1412,3,E3,Eastern,19,0,Rural,1,Male,2,Female,52,21.4,4,2.89,4.25,3.44,3.17,4,4,3,3,4,4,3.67,3,4,3,3,3,3.2,2,2,1,1,2,1.6,2.94,3,3,3,3,3,2,2.83,4,5,2,3,4,3.6,1,1,1,2,3,1.6,2.49,4,2,4,3,3.25,0.23204077018341215,-0.7606928832291425,-1.2115587624052442,-0.7778947282718124,-0.33177846142343526,-0.14453208855886093,-0.9593452637191285,-0.7674599364071204,-0.4074395453191151,-0.7755950364113716,0.5250975786297319,-0.39182674681516794,-0.4380764825545392,-0.5770495258166495,-0.4905163329820863,0.22408148928696825,-1.0101861608710925,-1.2991921320688444,0.28305221735263464,-0.0,-0.0,0.0,19-22,Father-Daughter,3.5727272727272723,3.8295454545454546,0.5909090909090909,0,0
F1415,1,E1,Eastern,7,0,Rural,1,Male,1,Male,49,20.1,2,4.62,3.56,4.48,3.65,1,1,1,1,1,1,1.0,5,5,6,7,5,5.6,2,2,2,2,2,2.0,2.84,1,2,1,1,2,2,1.5,3,4,3,2,3,3.0,2,2,1,1,1,1.4,2.15,3,4,3,2,3.0,-2.532796514507649,1.0465610571491897,-0.8385396430619187,-0.912700268085908,-1.8042317976843516,-0.6517007690770332,-1.1649501994168372,-1.1678425244958566,-0.6150980461289112,0.608675200610271,-0.5834292140449868,1.0171677492439242,0.3849000210261912,-0.6770495258166496,-0.7405163329820863,-2.4459185107130317,1.389813839128907,-0.8991921320688445,0.5013662321050057,-0.0,-0.0,0.0,19-22,Father-Son,3.5557575757575757,3.537878787878788,0.5757575757575758,0,0
F1416,9,C3,Central,58,0,Rural,2,Female,2,Female,46,24.7,2,3.01,3.04,2.73,3.17,5,4,4,4,4,5,4.33,5,5,4,5,5,4.8,1,1,2,2,1,1.4,3.42,3,3,2,3,2,2,2.5,2,3,2,2,2,2.2,1,1,3,1,2,1.6,1.93,1,2,3,2,2.0,0.9154836944890679,0.4441430770230789,-1.398068322076907,-0.13082813716415428,-0.6971240260596026,-1.327925676434596,-0.9593452637191285,-1.426913610906215,-1.4457320493680954,-0.6795762916468648,-1.4188407099737605,-1.3537364508555092,-0.4380764825545392,-0.0970495258166495,-1.7405163329820863,0.8840814892869684,0.5898138391289072,-1.4991921320688446,0.1689162847920451,-0.0,-0.0,0.0,23-25,Mother-Daughter,3.3766666666666665,3.475,0.43333333333333335,1,0
F1417,15,W3,Western,99,0,Rural,1,Male,1,Male,46,12.6,1,4.23,4.43,3.47,4.21,2,3,3,4,3,3,3.0,4,2,4,3,3,3.2,5,4,4,3,4,4.0,3.27,3,4,3,4,4,4,3.67,4,3,3,4,4,3.6,4,3,3,3,3,3.2,3.16,3,4,3,4,3.5,-0.46175734994505635,-0.7606928832291425,1.0265559536547082,-0.3330364468852973,0.5981920667413537,-0.14453208855886093,0.685494221862539,0.02152928129715299,-0.199781044509319,0.2966142801256236,0.8142784810666147,-0.35118267481346305,1.3450392752037101,-0.2470495258166494,-0.2405163329820863,-0.4459185107130317,-1.0101861608710925,1.1008078679311555,0.05941944601438377,-0.0,-0.0,0.0,12-15,Father-Son,3.5144,3.74,0.44,0,1
F1419,15,W3,Western,99,0,Rural,2,Female,2,Female,48,22.1,4,2.99,4.43,3.47,4.21,4,3,3,4,3,3,3.33,2,3,2,2,2,2.2,2,3,2,3,1,2.2,2.74,3,3,2,3,2,3,2.67,2,3,2,2,3,2.4,1,1,1,1,1,1.0,1.91,2,3,4,3,3.0,-0.12003588779222847,-1.513715358386781,-0.6520300833902559,-1.047505807900003,-0.5089157048833953,-1.1588694495952054,-1.576160070812254,-1.4504655278526113,-0.6150980461289112,-0.6955794157742824,0.8142784810666147,-0.35118267481346305,1.3450392752037101,-0.7770495258166492,-0.7405163329820863,-0.11591851071303161,-2.0101861608710925,-0.6991921320688443,0.575417865403214,-0.0,-0.0,0.0,19-22,Mother-Daughter,3.5144,3.74,0.44,0,1
F1424,13,W1,Western,85,0,Rural,2,Female,1,Male,47,16.7,3,3.79,3.69,3.93,3.15,5,4,5,6,5,4,4.83,7,6,4,6,5,5.6,3,2,2,2,2,2.2,4.23,4,3,3,5,3,3,3.5,3,3,3,3,4,3.2,3,2,2,3,3,2.6,2.88,3,3,1,3,2.5,1.433243485629716,1.0465610571491897,-0.6520300833902559,0.9610967353300195,0.40998374556514644,-0.4826445422376423,0.06867941476941361,-0.30819755595239445,-1.0304150477485032,-0.05545445067756911,-0.3745763400627936,0.27202642921267356,-0.4723671702037363,0.712950474183351,-1.2405163329820863,1.3840814892869684,1.389813839128907,-0.6991921320688443,-0.8844267078317701,0.0,-0.0,-0.0,16-18,Mother-Son,3.5095652173913043,4.032608695652174,0.5217391304347826,0,1
F1425,15,W3,Western,99,0,Rural,2,Female,1,Male,47,17.9,2,2.87,4.43,3.47,4.21,2,3,2,3,2,2,2.33,4,5,3,3,4,3.8,2,1,1,1,2,1.4,2.4,2,3,3,3,2,2,2.5,4,4,2,2,4,3.2,2,2,2,2,3,2.2,2.75,4,3,3,3,3.25,-1.1555554700735249,-0.3088793981345596,-1.398068322076907,-1.5058446432679278,-0.6971240260596026,-0.4826445422376423,-0.3425304566260032,-0.46128501610396977,-0.4074395453191151,-0.7915981605387894,0.8142784810666147,-0.35118267481346305,1.3450392752037101,-1.1170495258166495,-0.4905163329820863,-1.1159185107130316,-0.41018616087109283,-1.4991921320688446,0.5479310371629612,-0.0,-0.0,0.0,16-18,Mother-Son,3.5144,3.74,0.44,0,1
F1426,17,W5,Western,116,0,Rural,1,Male,2,Female,48,19.2,1,4.17,4.08,3.25,3.6,3,1,1,1,2,2,1.67,4,4,3,3,3,3.4,2,2,2,2,2,2.0,2.41,2,3,2,4,2,2,2.5,4,4,3,4,4,3.8,3,2,2,2,3,2.4,2.83,5,4,4,4,4.25,-1.8389983943791806,-0.610088388197615,-0.8385396430619187,-1.492364089286518,-0.6971240260596026,0.02452413828052955,-0.13692552092829502,-0.3670773483183848,0.4231944579200692,0.24860490774336966,0.25198228188378685,-0.6492392028259634,0.29917330190319874,-1.1070495258166493,0.5094836670179137,-1.7759185107130318,-0.8101861608710927,-0.8991921320688445,-0.564023651983509,-0.0,0.0,-0.0,19-22,Father-Daughter,3.4620689655172416,4.017241379310345,0.5862068965517241,0,1
F1427,3,E3,Eastern,18,0,Rural,2,Female,1,Male,46,16.0,2,3.4,4.05,3.49,3.46,2,3,3,3,3,3,2.83,1,1,2,2,1,1.4,2,2,1,1,2,1.6,2.1,4,3,4,4,4,4,3.83,5,4,4,4,3,4.0,4,3,3,3,2,3.0,3.79,6,6,6,5,5.75,-0.6377956789328766,-2.116133338512892,-1.2115587624052442,-1.910261262710214,0.7753293102013137,0.1935803651199204,0.4798892861648304,0.7634146651086339,1.6691454627788456,-0.367515371162217,0.2037854648109726,-0.32408662681232664,0.05913848835881884,-1.4170495258166493,2.0094836670179137,-0.6159185107130316,-2.8101861608710927,-1.2991921320688444,-2.847537877484036,-0.0,0.0,-0.0,16-18,Mother-Son,3.6612500000000003,3.71875,0.7083333333333334,0,0
F1429,2,E2,Eastern,10,0,Rural,1,Male,1,Male,50,15.5,3,5.24,3.38,2.75,2.71,3,3,3,5,3,3,3.33,1,2,1,2,1,1.4,2,1,1,1,1,1.2,1.79,3,3,2,3,2,3,2.67,3,2,2,2,3,2.4,1,2,2,3,1,1.8,2.2,2,3,2,1,2.0,-0.12003588779222847,-2.116133338512892,-1.5845778817485696,-2.32815843613391,-0.5089157048833953,-1.1588694495952054,-0.7537403280214202,-1.1089627321298656,-1.4457320493680954,1.104772048560224,-0.8726101164818703,-1.3266404028543728,-1.2267622984860724,-1.7270495258166494,-1.7405163329820863,-0.11591851071303161,-2.8101861608710927,-1.6991921320688446,3.0059579075528458,-0.0,-0.0,0.0,12-15,Father-Son,3.5320689655172415,3.7241379310344827,0.6206896551724138,0,0
F1431,8,C2,Central,50,0,Rural,1,Male,1,Male,51,24.4,1,3.96,4.16,2.96,2.84,2,3,3,3,4,3,3.0,2,2,3,3,3,2.6,3,2,3,3,3,2.8,2.9,2,2,2,2,3,2,2.17,3,3,2,2,2,2.4,2,3,3,2,2,2.4,2.68,6,4,4,5,4.75,-0.46175734994505635,-1.2125063683237256,-0.09250140437526819,-0.8318169441974507,-1.0624695906957697,-1.1588694495952054,-0.13692552092829502,-0.5437167254163564,0.8385114595396613,0.08057210440548243,0.3805071274112906,-1.0421318988424408,-1.0038728287662915,-0.6170495258166495,1.0094836670179137,-0.4459185107130317,-1.6101861608710926,-0.0991921320688447,-0.6229014180530562,-0.0,0.0,-0.0,23-25,Father-Son,3.4087878787878787,3.984848484848485,0.5454545454545454,1,0
F1433,10,C4,Central,69,0,Rural,2,Female,1,Male,43,17.1,1,5.32,4.3,2.82,2.9,4,5,5,4,4,3,4.17,2,3,3,2,3,2.6,1,1,1,1,1,1.0,2.52,3,2,3,3,2,2,2.5,4,3,4,4,4,3.8,3,4,2,2,1,2.4,3.03,6,6,6,5,5.75,0.7498005613240603,-1.2125063683237256,-1.7710874414202322,-1.3440779954910131,-0.6971240260596026,0.02452413828052955,-0.13692552092829502,-0.13155817885442286,1.6691454627788456,1.1687845450698955,0.6054256070844215,-1.2318042348503957,-0.9010007658187,-0.9970495258166494,2.0094836670179137,0.7240814892869682,-1.6101861608710926,-1.8991921320688445,-2.0035547373365126,-0.0,0.0,-0.0,16-18,Mother-Son,3.4778260869565214,4.086956521739131,0.5652173913043478,1,0
F1434,4,E4,Eastern,22,0,Rural,2,Female,1,Male,40,12.3,2,2.62,3.42,2.84,2.72,2,2,1,2,1,2,1.67,2,2,2,3,4,2.6,2,4,3,3,4,3.2,2.26,2,2,3,2,2,2,2.17,3,3,2,3,3,2.8,2,4,3,3,3,3.0,2.6,4,3,3,3,3.25,-1.8389983943791806,-1.2125063683237256,0.28051771496805755,-1.6945723990076615,-1.0624695906957697,-0.820756995916424,0.4798892861648304,-0.6379243932019414,-0.4074395453191151,-0.9916372121315123,-0.8083476937181184,-1.2047081868492593,-1.2096169546614735,-1.2570495258166496,-0.4905163329820863,-1.7759185107130318,-1.6101861608710926,0.30080786793115566,0.6166033237804533,-0.0,-0.0,0.0,12-15,Mother-Son,3.5074193548387096,3.4919354838709675,0.45161290322580644,0,0
F1437,8,C2,Central,52,0,Rural,1,Male,1,Male,56,20.4,1,2.44,3.34,2.96,2.87,3,4,3,3,4,3,3.33,5,5,5,5,6,5.2,1,1,1,1,2,1.2,3.39,3,4,4,4,3,4,3.67,4,4,6,5,5,4.8,3,2,3,3,2,2.6,3.63,4,4,5,5,4.5,-0.12003588779222847,0.7453520670861346,-1.5845778817485696,-0.17126979910838264,0.5981920667413537,0.8698052724774832,0.06867941476941361,0.5749993295374639,0.6308529587298652,-1.135665329278273,-0.9368725392456222,-1.0421318988424408,-0.9524367972924954,-0.1270495258166493,0.7594836670179137,-0.11591851071303161,0.9898138391289075,-1.6991921320688446,-0.0964920397601159,-0.0,0.0,-0.0,19-22,Father-Son,3.4015,3.575,0.5,1,0
F1438,3,E3,Eastern,20,0,Rural,2,Female,2,Female,53,21.3,1,5.42,3.17,3.14,3.88,2,2,2,2,2,2,2.0,3,2,1,1,1,1.6,3,4,3,4,3,3.4,2.35,3,3,2,3,2,2,2.5,1,1,1,2,3,1.6,2,1,2,1,2,1.6,1.89,2,3,3,2,2.5,-1.4972769322263526,-1.9655288434813643,0.46702727463972,-1.5732474131749754,-0.6971240260596026,-1.8350943569527682,-0.9593452637191285,-1.4740174447990075,-1.0304150477485032,1.2488001657069843,-1.2099878359915672,-0.7982674668322133,0.7792429289919578,-1.1670495258166493,-1.2405163329820863,-1.4459185107130317,-2.6101861608710926,0.5008078679311554,1.4477439981745526,-0.0,-0.0,0.0,19-22,Mother-Daughter,3.286111111111111,3.8055555555555554,0.5,0,0
F1439,10,C4,Central,64,0,Rural,1,Male,2,Female,46,14.1,2,4.36,4.24,3.48,4.23,2,2,2,2,3,2,2.17,3,3,2,2,3,2.6,4,4,3,2,5,3.6,2.88,4,3,3,4,3,3,3.33,4,3,4,3,4,3.6,3,3,2,3,2,2.6,3.26,4,4,4,3,3.75,-1.3212386032385324,-1.2125063683237256,0.6535368343113829,-0.8587780521602697,0.2217754243889392,-0.14453208855886093,0.06867941476941361,0.1392888660291337,0.007877456300477073,0.4006345869538394,0.5090319729387943,-0.3376346508128951,1.379329962852908,-0.6370495258166495,0.0094836670179137,-1.2759185107130318,-1.6101861608710926,0.7008078679311556,-0.006041565576764921,-0.0,0.0,-0.0,12-15,Father-Daughter,3.780625,3.859375,0.8125,1,0
F1441,10,C4,Central,69,0,Rural,2,Female,1,Male,42,14.3,3,3.52,4.3,2.82,2.9,4,3,3,4,5,4,3.83,3,2,3,3,3,2.8,1,1,1,1,1,1.0,2.46,3,3,2,2,3,3,2.67,4,3,3,4,3,3.4,3,3,3,3,3,3.0,2.9,3,4,3,3,3.25,0.3977239033484197,-1.061901873292198,-1.7710874414202322,-1.4249613193794706,-0.5089157048833953,-0.3135883153982518,0.4798892861648304,-0.2846456390059982,-0.4074395453191151,-0.2714966263977099,0.6054256070844215,-1.2318042348503957,-0.9010007658187,-1.0570495258166495,-0.4905163329820863,0.3840814892869684,-1.4101861608710928,-1.8991921320688445,0.518500057184036,-0.0,-0.0,0.0,12-15,Mother-Son,3.4778260869565214,4.086956521739131,0.5652173913043478,1,0
F1444,13,W1,Western,86,0,Rural,2,Female,1,Male,45,18.4,2,3.65,2.68,3.14,3.64,4,4,4,3,4,2,3.5,6,7,6,5,6,6.0,2,2,3,3,2,2.4,3.9,4,3,3,2,3,3,3.0,4,5,4,3,4,4.0,1,2,1,2,2,1.6,3.14,3,4,3,3,3.25,0.05600244119559184,1.3477700472122454,-0.4655205237185935,0.5162384539435039,-0.14357014024722803,0.1935803651199204,-0.9593452637191285,-0.002022635649243253,-0.4074395453191151,-0.16747631956949405,-1.9972025148475268,-0.7982674668322133,0.367754677201593,0.3829504741833505,-0.4905163329820863,0.05408148928696832,1.7898138391289073,-0.4991921320688446,-0.18784346231016819,0.0,-0.0,-0.0,16-18,Mother-Son,3.28962962962963,3.6481481481481484,0.4444444444444444,0,1
F1448,18,W6,Western,123,0,Rural,2,Female,2,Female,42,13.2,3,3.11,3.53,3.49,3.33,4,5,3,4,3,3,3.67,3,3,3,4,4,3.4,3,4,3,3,3,3.2,3.31,3,2,2,2,2,2,2.17,3,3,4,3,4,3.4,2,3,3,2,2,2.4,2.76,4,3,4,2,3.25,0.23204077018341215,-0.610088388197615,0.28051771496805755,-0.2791142309596591,-1.0624695906957697,-0.3135883153982518,-0.13692552092829502,-0.4495090576307719,-0.4074395453191151,-0.5995606710097756,-0.6316260311178011,-0.32408662681232664,-0.16375098136096214,-0.20704952581664937,-0.4905163329820863,0.22408148928696825,-0.8101861608710927,0.30080786793115566,0.10156117414926266,-0.0,-0.0,0.0,12-15,Mother-Daughter,3.376923076923077,4.019230769230769,0.46153846153846156,0,1
F1451,5,E5,Eastern,30,0,Rural,2,Female,2,Female,50,17.6,1,4.08,3.56,3.62,2.82,3,4,3,4,3,4,3.5,2,1,1,2,2,1.6,2,2,2,2,1,1.8,2.21,3,3,3,2,4,3,3.0,3,3,3,3,3,3.0,2,2,2,2,3,2.2,2.68,5,5,4,4,4.5,0.05600244119559184,-1.9655288434813643,-1.0250492027335814,-1.7619751689147092,-0.14357014024722803,-0.6517007690770332,-0.3425304566260032,-0.5437167254163564,0.6308529587298652,0.17659084916998952,-0.5834292140449868,-0.14796231480494032,-1.0381635164154885,-1.3070495258166495,0.7594836670179137,0.05408148928696832,-2.6101861608710926,-1.0991921320688445,-0.9926827668412542,-0.0,0.0,-0.0,16-18,Mother-Daughter,3.4215999999999998,3.83,0.76,0,0
F1452,8,C2,Central,56,0,Rural,2,Female,2,Female,41,16.9,4,2.44,3.71,3.28,4.03,3,3,4,3,3,4,3.33,5,4,6,5,5,5.0,1,2,1,1,1,1.2,3.05,1,2,2,2,3,1,1.83,3,4,4,5,3,3.8,2,2,2,3,2,2.2,2.7,5,3,2,4,3.5,-0.12003588779222847,0.5947475720546067,-1.5845778817485696,-0.6296086344763075,-1.4388862330481842,0.02452413828052955,-0.3425304566260032,-0.5201648084699602,-0.199781044509319,-1.135665329278273,-0.34244512868091764,-0.6085951308242591,1.0364230863609367,-0.4670495258166496,-0.2405163329820863,-0.11591851071303161,0.7898138391289073,-1.6991921320688446,0.1123330392704428,-0.0,-0.0,0.0,16-18,Mother-Daughter,3.631,4.083333333333333,0.4666666666666667,1,0
F1453,17,W5,Western,118,0,Rural,1,Male,2,Female,45,16.5,2,3.96,3.02,3.22,2.88,4,4,5,4,4,5,4.33,3,2,4,2,4,3.0,2,2,2,3,1,2.0,3.25,4,3,3,3,3,4,3.33,3,3,4,3,4,3.4,2,1,1,2,2,1.6,2.48,4,3,4,4,3.75,0.9154836944890679,-0.9112973782606704,-0.8385396430619187,-0.35999755484811646,0.2217754243889392,-0.3135883153982518,-0.9593452637191285,-0.7792358948803189,0.007877456300477073,0.08057210440548243,-1.4509719213556365,-0.6898832748276678,-0.9352914534678972,-0.2670495258166494,0.0094836670179137,0.8840814892869684,-1.2101861608710927,-0.8991921320688445,-0.002532608780136851,-0.0,0.0,-0.0,16-18,Father-Daughter,3.4221428571428567,3.6607142857142856,0.35714285714285715,0,1
F1454,1,E1,Eastern,6,0,Rural,2,Female,1,Male,43,17.7,3,3.38,3.78,2.24,2.08,2,3,4,3,2,3,2.83,3,3,2,3,3,2.8,1,1,1,1,1,1.0,2.28,3,3,3,2,3,3,2.83,3,4,4,2,3,3.2,1,2,2,2,1,1.6,2.72,3,4,4,5,4.0,-0.6377956789328766,-1.061901873292198,-1.7710874414202322,-1.6676112910448426,-0.33177846142343526,-0.4826445422376423,-0.9593452637191285,-0.49661289152356386,0.21553595711027312,-0.38351849528963483,-0.22998588884435223,-2.01758962688335,-2.306918959435781,-1.2370495258166496,0.2594836670179137,-0.6159185107130316,-1.4101861608710928,-1.8991921320688445,-0.3209941472416755,-0.0,0.0,-0.0,16-18,Mother-Son,3.266111111111111,3.9722222222222223,0.5555555555555556,0,0
F1459,18,W6,Western,126,0,Rural,2,Female,1,Male,41,14.8,3,4.04,4.33,3.87,2.65,4,3,2,3,3,3,3.0,4,4,3,3,3,3.4,2,3,3,3,2,2.6,2.79,3,3,4,4,4,4,3.67,3,5,4,4,3,3.8,3,2,2,1,3,2.2,3.14,4,4,5,3,4.0,-0.46175734994505635,-0.610088388197615,-0.27901096404693065,-0.9801030379929554,0.5981920667413537,0.02452413828052955,-0.3425304566260032,-0.002022635649243253,0.21553595711027312,0.14458460091515382,0.6536224241572357,0.19073828520926436,-1.3296343614336639,-0.7270495258166494,0.2594836670179137,-0.4459185107130317,-0.8101861608710927,-0.29919213206884443,-0.1886574770625395,-0.0,0.0,-0.0,12-15,Mother-Son,3.7065217391304346,3.989130434782609,0.5652173913043478,0,1
F1460,2,E2,Eastern,8,0,Rural,2,Female,2,Female,48,21.6,2,1.48,3.18,2.95,2.37,2,4,3,3,2,4,3.0,2,2,3,1,2,2.0,3,3,2,3,3,2.8,2.57,2,3,2,2,3,1,2.17,2,3,2,2,2,2.2,2,1,3,1,3,2.0,2.08,3,3,3,2,2.75,-0.46175734994505635,-1.6643198534183088,-0.09250140437526819,-1.2766752255839657,-1.0624695906957697,-1.327925676434596,-0.5481353923237118,-1.250274233808243,-0.8227565469387071,-1.903815287394329,-1.193922230300629,-1.0556799228430087,-1.8097039885224229,-0.9470495258166496,-0.9905163329820863,-0.4459185107130317,-2.2101861608710927,-0.0991921320688447,0.9380680234643314,-0.0,-0.0,0.0,19-22,Mother-Daughter,3.7734615384615386,3.7211538461538463,0.6538461538461539,0,0
F1462,7,C1,Central,47,0,Rural,1,Male,2,Female,47,13.3,3,1.51,3.72,2.24,3.12,3,5,4,4,5,4,4.17,4,4,4,4,3,3.8,3,3,4,3,3,3.2,3.61,2,2,3,3,2,3,2.5,4,4,4,4,4,4.0,2,3,2,3,2,2.4,2.95,4,4,4,3,3.75,0.7498005613240603,-0.3088793981345596,0.28051771496805755,0.125302388482627,-0.6971240260596026,0.1935803651199204,-0.13692552092829502,-0.22576584664000732,0.007877456300477073,-1.8798106012032023,-0.32637952298997935,-2.01758962688335,-0.5238032016775316,0.09295047418335045,0.0094836670179137,0.7240814892869682,-0.41018616087109283,0.30080786793115566,0.0008815113463120795,0.0,0.0,0.0,12-15,Father-Daughter,3.5180000000000002,3.83,0.56,1,0
F1463,13,W1,Western,85,0,Rural,2,Female,2,Female,42,18.9,4,3.39,3.69,3.93,3.15,4,3,4,3,4,3,3.5,3,4,3,3,3,3.2,4,3,4,4,3,3.6,3.43,2,3,2,2,2,3,2.33,2,3,2,3,3,2.6,2,3,2,2,2,2.2,2.23,2,2,2,2,2.0,0.05600244119559184,-0.7606928832291425,0.6535368343113829,-0.11734758318274442,-0.8853323472358098,-0.9898132227558145,-0.3425304566260032,-1.0736348567102716,-1.4457320493680954,-0.3755169332259257,-0.3745763400627936,0.27202642921267356,-0.4723671702037363,-0.08704952581664926,-1.7405163329820863,0.05408148928696832,-1.0101861608710925,0.7008078679311556,0.15151112146222384,-0.0,-0.0,0.0,16-18,Mother-Daughter,3.5095652173913043,4.032608695652174,0.5217391304347826,0,1
F1466,7,C1,Central,46,0,Rural,1,Male,2,Female,42,15.5,2,3.48,3.01,2.63,2.93,5,5,5,4,5,3,4.5,4,4,3,5,4,4.0,2,1,2,1,1,1.4,3.15,2,3,2,2,2,1,2.0,3,2,2,3,2,2.4,1,1,1,1,2,1.2,1.66,2,2,2,1,1.75,1.091522023476888,-0.15827490310303177,-1.398068322076907,-0.494803094662212,-1.250677911871977,-1.1588694495952054,-1.3705551351145455,-1.744864489682564,-1.6533905501778914,-0.3035028746525456,-1.4670375270465748,-1.4892166908611912,-0.849564734344904,-0.3670495258166495,-1.9905163329820863,1.0540814892869683,-0.21018616087109265,-1.4991921320688446,0.7306180761513708,-0.0,-0.0,0.0,12-15,Father-Daughter,3.492,3.51,0.44,1,0
F1467,10,C4,Central,66,0,Rural,1,Male,1,Male,49,22.2,2,5.73,4.29,4.3,3.24,3,2,4,3,3,3,3.0,2,3,2,2,3,2.4,2,1,2,2,2,1.8,2.59,2,2,2,2,2,1,1.83,2,1,2,2,2,1.8,1,2,1,1,1,1.2,1.72,3,3,3,3,3.0,-0.46175734994505635,-1.3631108633552536,-1.0250492027335814,-1.2497141176211466,-1.4388862330481842,-1.6660381301133775,-1.3705551351145455,-1.6742087388433753,-0.6150980461289112,1.4968485896819612,0.5893600013934839,0.773303317233696,-0.3180590757823488,-0.9270495258166496,-0.7405163329820863,-0.4459185107130317,-1.8101861608710927,-1.0991921320688445,0.6864953153505273,-0.0,-0.0,0.0,19-22,Father-Son,3.546666666666667,3.425925925925926,0.4444444444444444,1,0
F1471,13,W1,Western,90,0,Rural,1,Male,2,Female,44,16.8,2,2.49,3.02,2.42,2.99,5,5,5,5,4,5,4.83,6,4,5,4,4,4.6,3,3,3,4,3,3.2,4.06,3,3,4,3,3,4,3.33,2,3,2,3,2,2.4,1,1,1,1,1,1.0,2.47,2,1,1,1,1.25,1.433243485629716,0.2935385819915511,0.28051771496805755,0.7319273176460561,0.2217754243889392,-1.1588694495952054,-1.576160070812254,-0.7910118533535166,-2.0687075517974836,-1.0956575189597282,-1.4509719213556365,-1.773725194873123,-0.7466926713973127,0.5429504741833502,-2.4905163329820863,1.3840814892869684,0.389813839128907,0.30080786793115566,-1.3522270239540022,0.0,-0.0,-0.0,16-18,Father-Daughter,3.4153846153846152,3.4326923076923075,0.38461538461538464,0,1
F1473,11,C5,Central,72,0,Rural,1,Male,2,Female,49,21.4,4,3.43,4.17,3.75,3.55,1,2,1,1,1,1,1.17,6,6,6,6,6,6.0,3,2,5,4,4,3.6,3.48,2,2,2,1,3,1,1.83,3,3,3,3,2,2.8,3,3,3,3,3,3.0,2.57,3,2,2,3,2.5,-2.3567581855198285,1.3477700472122454,0.6535368343113829,-0.049944813275696935,-1.4388862330481842,-0.820756995916424,0.4798892861648304,-0.673252268621536,-1.0304150477485032,-0.34351068497109005,0.39657273310222824,0.028161997202445964,0.21344658278020553,-0.03704952581664944,-1.2405163329820863,-2.2759185107130318,1.7898138391289073,0.7008078679311556,0.0459605419047951,-0.0,-0.0,0.0,19-22,Father-Daughter,3.5436,3.8,0.64,1,0
F1474,9,C3,Central,58,0,Rural,1,Male,2,Female,37,13.6,2,1.5,3.04,2.73,3.17,2,3,1,2,2,2,2.0,2,3,2,2,2,2.2,1,1,1,1,1,1.0,1.91,2,1,3,3,2,3,2.33,2,3,2,2,3,2.4,1,1,1,1,2,1.2,2.14,3,2,2,2,2.25,-1.4972769322263526,-1.513715358386781,-1.7710874414202322,-2.1663917883569956,-0.8853323472358098,-1.1588694495952054,-1.3705551351145455,-1.1796184829690544,-1.2380735485582992,-1.8878121632669111,-1.4188407099737605,-1.3537364508555092,-0.4380764825545392,-1.6070495258166495,-1.4905163329820863,-1.4459185107130317,-2.0101861608710925,-1.8991921320688445,2.3953335661408333,-0.0,-0.0,0.0,12-15,Father-Daughter,3.3766666666666665,3.475,0.43333333333333335,1,0
F1477,1,E1,Eastern,4,0,Rural,2,Female,2,Female,36,14.4,2,2.35,3.37,2.16,3.35,3,1,1,2,3,2,2.0,5,4,4,5,5,4.6,3,3,4,4,4,3.6,3.28,3,3,2,2,3,3,2.67,4,4,4,4,4,4.0,3,3,3,2,2,2.6,3.08,4,4,4,3,3.75,-1.4972769322263526,0.2935385819915511,0.6535368343113829,-0.3195558929038881,-0.5089157048833953,0.1935803651199204,0.06867941476941361,-0.07267838648843199,0.007877456300477073,-1.2076793878516532,-0.8886757221728079,-2.125973818887896,-0.129460293711765,-0.23704952581664962,0.0094836670179137,-1.4459185107130317,0.389813839128907,0.7008078679311556,-0.002248098769599442,-0.0,0.0,-0.0,12-15,Mother-Daughter,3.3230434782608693,3.5760869565217392,0.391304347826087,0,0
F1480,4,E4,Eastern,23,0,Rural,2,Female,2,Female,46,17.1,3,3.31,3.18,3.54,3.27,2,1,3,1,1,2,1.67,2,4,4,3,3,3.2,2,2,3,2,2,2.2,2.58,2,2,2,2,2,3,2.17,4,4,4,5,5,4.4,3,1,1,2,2,1.8,2.88,4,3,3,3,3.25,-1.8389983943791806,-0.7606928832291425,-0.6520300833902559,-1.2631946716025557,-1.0624695906957697,0.5316928187987021,-0.7537403280214202,-0.30819755595239445,-0.4074395453191151,-0.4395294297355971,-1.193922230300629,-0.25634650680948595,-0.26662304430855355,-0.9370495258166494,-0.4905163329820863,-1.7759185107130318,-1.0101861608710925,-0.6991921320688443,0.45963809722618565,-0.0,-0.0,0.0,16-18,Mother-Daughter,3.6708695652173917,3.717391304347826,0.6521739130434783,0,0
F1482,9,C3,Central,62,0,Rural,2,Female,2,Female,37,12.8,3,1.59,3.76,3.41,3.26,4,3,2,4,3,3,3.17,4,4,4,3,4,3.8,3,3,1,2,2,2.2,3.07,2,2,3,3,3,3,2.67,3,4,3,3,3,3.2,1,1,1,1,1,1.0,2.24,2,1,1,1,1.25,-0.285719020957236,-0.3088793981345596,-0.6520300833902559,-0.6026475265134884,-0.5089157048833953,-0.4826445422376423,-1.576160070812254,-1.0618588982370731,-2.0687075517974836,-1.815798104693531,-0.2621171002262282,-0.4324708188168722,-0.28376838813315247,-0.4470495258166496,-2.4905163329820863,-0.27591851071303175,-0.41018616087109283,-0.6991921320688443,1.1133841456982627,-0.0,-0.0,0.0,12-15,Mother-Daughter,3.4633333333333334,3.6944444444444446,0.5,1,0
F1483,7,C1,Central,49,0,Rural,2,Female,2,Female,45,21.2,2,2.24,3.27,4.07,3.75,2,2,3,3,3,3,2.67,2,1,3,2,3,2.2,3,2,3,3,3,2.8,2.68,2,2,3,3,2,3,2.5,1,2,1,2,2,1.6,2,2,1,1,2,1.6,2.04,4,4,3,2,3.25,-0.8034788120978842,-1.513715358386781,-0.09250140437526819,-1.1283891317884602,-0.6971240260596026,-1.8350943569527682,-0.9593452637191285,-1.2973780677010356,-0.4074395453191151,-1.295696570552451,-1.0493317790821877,0.46169876522062836,0.5563534592721768,-0.8370495258166493,-0.4905163329820863,-0.7759185107130318,-2.0101861608710925,-0.0991921320688447,0.410586463927977,-0.0,-0.0,0.0,19-22,Mother-Daughter,3.39,3.4711538461538463,0.4230769230769231,1,0
F1485,8,C2,Central,50,0,Rural,2,Female,2,Female,43,20.6,3,3.35,4.16,2.96,2.84,4,3,4,4,3,5,3.83,2,2,2,2,2,2.0,3,3,3,3,3,3.0,3.15,2,3,3,2,2,2,2.33,4,3,3,3,3,3.2,3,3,2,3,3,2.8,2.62,3,3,4,4,3.5,0.3977239033484197,-1.6643198534183088,0.09400815529639468,-0.494803094662212,-0.8853323472358098,-0.4826445422376423,0.2742843504671218,-0.6143724762555451,-0.199781044509319,-0.40752318148076144,0.3805071274112906,-1.0421318988424408,-1.0038728287662915,-0.3670495258166495,-0.2405163329820863,0.3840814892869684,-2.2101861608710927,0.10080786793115548,0.08828140597223416,-0.0,-0.0,0.0,19-22,Mother-Daughter,3.4087878787878787,3.984848484848485,0.5454545454545454,1,0
F1486,8,C2,Central,55,0,Rural,1,Male,1,Male,42,13.3,2,5.74,2.83,3.56,2.69,3,2,3,3,3,3,2.83,2,1,2,2,1,1.6,1,2,3,2,2,2.0,2.17,4,3,4,3,4,3,3.5,4,2,3,3,4,3.2,4,3,2,4,3,3.2,3.25,5,6,6,5,5.5,-0.6377956789328766,-1.9655288434813643,-0.8385396430619187,-1.8158973848403472,0.40998374556514644,-0.4826445422376423,0.685494221862539,0.12751290755593583,1.4614869619690496,1.5048501517456698,-1.7562184294834575,-0.22925045880834952,-1.2610529861352695,-1.3470495258166495,1.7594836670179137,-0.6159185107130316,-2.6101861608710926,-0.8991921320688445,-2.3701116393386203,-0.0,0.0,-0.0,12-15,Father-Son,3.4669565217391303,4.0978260869565215,0.5217391304347826,1,0
F1487,18,W6,Western,125,0,Rural,1,Male,2,Female,41,17.8,5,3.34,3.34,2.29,2.97,5,5,5,4,5,5,4.83,4,3,4,3,4,3.6,1,1,2,2,1,1.4,3.2,5,5,4,4,4,5,4.5,5,4,4,5,4,4.4,3,2,2,2,2,2.2,3.85,6,5,7,6,6.0,1.433243485629716,-0.4594838931660871,-1.398068322076907,-0.42740032475516393,1.5170915171898955,0.5316928187987021,-0.3425304566260032,0.8340704159478226,1.8768039635886415,-0.4155247435444705,-0.9368725392456222,-1.9498495068805093,-0.7809833590465097,-0.31704952581664925,2.2594836670179137,1.3840814892869684,-0.6101861608710926,-1.4991921320688446,-0.7163682252184933,-0.0,0.0,-0.0,16-18,Father-Daughter,3.3248,3.98,0.4,0,1
F1491,8,C2,Central,51,0,Rural,2,Female,1,Male,40,18.9,3,4.4,3.39,2.03,3.12,2,3,3,4,3,3,3.0,3,2,2,2,2,2.2,3,3,2,3,3,2.8,2.63,3,4,3,4,3,3,3.33,3,3,4,3,2,3.0,1,2,3,2,1,1.8,2.86,5,4,4,5,4.5,-0.46175734994505635,-1.513715358386781,-0.09250140437526819,-1.1957919016955083,0.2217754243889392,-0.6517007690770332,-0.7537403280214202,-0.3317494728987907,0.6308529587298652,0.4326408352086751,-0.856544510790932,-2.3020981308952826,-0.5238032016775316,-0.8870495258166495,0.7594836670179137,-0.4459185107130317,-2.0101861608710925,-0.0991921320688447,-0.6736996266937305,-0.0,0.0,-0.0,16-18,Mother-Son,3.409047619047619,3.5,0.42857142857142855,1,0
F1495,5,E5,Eastern,30,0,Rural,2,Female,1,Male,50,21.3,3,2.69,3.56,3.62,2.82,3,3,3,3,4,4,3.33,4,4,4,4,3,3.8,3,3,4,5,3,3.6,3.75,2,4,2,2,1,2,2.17,4,5,4,4,3,4.0,4,2,3,3,3,3.0,3.12,3,4,4,5,4.0,-0.12003588779222847,-0.3088793981345596,0.6535368343113829,0.3140301442223608,-1.0624695906957697,0.1935803651199204,0.4798892861648304,-0.025574552595639496,0.21553595711027312,-0.9356262776855501,-0.5834292140449868,-0.14796231480494032,-1.0381635164154885,0.23295047418335058,0.2594836670179137,-0.11591851071303161,-0.41018616087109283,0.7008078679311556,0.060446843274657644,0.0,0.0,0.0,19-22,Mother-Son,3.4215999999999998,3.83,0.76,0,0
F1496,17,W5,Western,118,0,Rural,1,Male,1,Male,48,23.6,4,2.33,3.02,3.22,2.88,2,3,3,2,3,3,2.67,3,3,3,2,2,2.6,3,4,4,3,3,3.4,2.83,2,1,2,2,3,1,1.83,2,1,2,2,3,2.0,1,1,2,1,1,1.2,1.66,2,2,3,2,2.25,-0.8034788120978842,-1.2125063683237256,0.46702727463972,-0.9261808220673172,-1.4388862330481842,-1.4969819032739868,-1.3705551351145455,-1.744864489682564,-1.2380735485582992,-1.223682511979071,-1.4509719213556365,-0.6898832748276678,-0.9352914534678972,-0.6870495258166494,-1.4905163329820863,-0.7759185107130318,-1.6101861608710926,0.5008078679311554,1.0240585397973134,-0.0,-0.0,0.0,23-25,Father-Son,3.4221428571428567,3.6607142857142856,0.35714285714285715,0,1
F1498,8,C2,Central,56,0,Rural,1,Male,1,Male,35,13.0,1,1.0,3.71,3.28,4.03,2,1,1,1,1,1,1.17,3,3,3,3,3,3.0,4,4,4,3,4,3.8,2.66,2,2,2,2,2,1,1.83,3,3,2,3,3,2.8,2,2,2,2,3,2.2,2.32,3,2,4,3,3.0,-2.3567581855198285,-0.9112973782606704,0.8400463939830453,-1.1553502397512794,-1.4388862330481842,-0.820756995916424,-0.3425304566260032,-0.9676512304514888,-0.6150980461289112,-2.287890266452357,-0.34244512868091764,-0.6085951308242591,1.0364230863609367,-0.8570495258166493,-0.7405163329820863,-2.2759185107130318,-1.2101861608710927,0.9008078679311553,0.634659172041781,-0.0,-0.0,0.0,12-15,Father-Son,3.631,4.083333333333333,0.4666666666666667,1,0
F1500,9,C3,Central,59,0,Rural,2,Female,2,Female,45,19.5,3,3.06,3.16,2.94,2.79,2,2,2,3,3,2,2.33,2,2,3,2,1,2.0,3,2,2,3,3,2.6,2.31,2,2,2,2,1,1,1.67,2,3,2,2,2,2.2,1,2,2,1,1,1.4,1.8,1,1,1,2,1.25,-1.1555554700735249,-1.6643198534183088,-0.27901096404693065,-1.6271696291006135,-1.6160234765081443,-1.327925676434596,-1.1649501994168372,-1.5800010710577903,-2.0687075517974836,-0.63956848132832,-1.2260534416825049,-1.0692279468435772,-1.089599547889284,-1.2070495258166494,-2.4905163329820863,-1.1159185107130316,-2.2101861608710927,-0.29919213206884443,3.006176558764648,-0.0,-0.0,0.0,19-22,Mother-Daughter,3.4848000000000003,3.6,0.56,1,0
F1501,12,C6,Central,84,0,Rural,2,Female,2,Female,42,16.2,3,3.47,3.46,2.93,3.01,3,2,2,2,2,2,2.17,4,5,5,6,4,4.8,1,1,1,2,2,1.4,3.04,3,3,3,2,3,2,2.67,3,4,4,4,4,3.8,2,1,2,3,2,2.0,2.65,4,4,3,4,3.75,-1.3212386032385324,0.4441430770230789,-1.398068322076907,-0.6430891884577168,-0.5089157048833953,0.02452413828052955,-0.5481353923237118,-0.579044600835951,0.007877456300477073,-0.31150443671625433,-0.7440852709543665,-1.0827759708441451,-0.7124019837481163,-0.4770495258166494,0.0094836670179137,-1.2759185107130318,0.5898138391289072,-1.4991921320688446,-0.004524178853898728,-0.0,0.0,-0.0,16-18,Mother-Daughter,3.320909090909091,3.897727272727273,0.45454545454545453,1,0
F1505,1,E1,Eastern,7,0,Rural,1,Male,2,Female,46,15.3,2,3.97,3.56,4.48,3.65,3,4,3,3,4,4,3.5,4,4,3,4,4,3.8,2,1,2,1,1,1.4,2.89,3,3,3,3,2,2,2.67,5,4,3,4,4,4.0,2,3,2,2,2,2.2,2.85,4,4,4,3,3.75,0.05600244119559184,-0.3088793981345596,-1.398068322076907,-0.8452974981788599,-0.5089157048833953,0.1935803651199204,-0.3425304566260032,-0.34352543137198854,0.007877456300477073,0.08857366646919153,-0.5834292140449868,1.0171677492439242,0.3849000210261912,-0.6270495258166493,0.0094836670179137,0.05408148928696832,-0.41018616087109283,-1.4991921320688446,-0.005946728906585781,-0.0,0.0,-0.0,12-15,Father-Daughter,3.5557575757575757,3.537878787878788,0.5757575757575758,0,0
F1506,10,C4,Central,64,0,Rural,2,Female,2,Female,48,18.4,3,4.14,4.24,3.48,4.23,3,3,2,2,3,2,2.5,4,3,3,4,4,3.6,3,3,3,3,2,2.8,2.94,3,2,3,2,2,3,2.5,4,5,5,4,4,4.4,3,3,4,3,4,3.4,3.39,5,4,5,5,4.75,-0.9795171410857045,-0.4594838931660871,-0.09250140437526819,-0.7778947282718124,-0.6971240260596026,0.5316928187987021,0.8910991575602472,0.2923763261807095,0.8385114595396613,0.2246002215522427,0.5090319729387943,-0.3376346508128951,1.379329962852908,-0.5770495258166495,1.0094836670179137,-0.9459185107130317,-0.6101861608710926,-0.0991921320688447,-0.5825220713723396,-0.0,0.0,-0.0,16-18,Mother-Daughter,3.780625,3.859375,0.8125,1,0
F1510,1,E1,Eastern,1,0,Rural,2,Female,1,Male,51,22.8,3,2.53,2.48,2.61,2.17,2,2,2,3,3,2,2.33,3,5,4,2,4,3.6,3,4,4,2,3,3.2,2.89,2,1,2,2,2,3,2.0,3,2,3,3,3,2.8,3,3,3,2,2,2.6,2.53,3,4,3,4,3.5,-1.1555554700735249,-0.4594838931660871,0.28051771496805755,-0.8452974981788599,-1.250677911871977,-0.820756995916424,0.06867941476941361,-0.7203561025143285,-0.199781044509319,-1.0636512707048928,-2.318514628666286,-1.5163127388623276,-2.152610865014394,-0.6270495258166493,-0.2405163329820863,-1.1159185107130316,-0.6101861608710926,0.30080786793115566,0.15081565254757653,-0.0,-0.0,0.0,19-22,Mother-Son,3.475909090909091,3.6363636363636362,0.4090909090909091,0,0
F1511,11,C5,Central,73,0,Rural,1,Male,1,Male,48,18.0,2,3.23,3.04,3.51,3.37,5,5,4,5,5,5,4.83,4,4,5,4,4,4.2,4,4,3,4,4,3.8,4.12,3,4,4,3,2,3,3.17,2,3,3,3,2,2.6,3,2,2,1,1,1.8,2.63,2,3,2,3,2.5,1.433243485629716,-0.0076704080715039435,0.8400463939830453,0.8128106415345141,0.04463818092897921,-0.9898132227558145,-0.7537403280214202,-0.6025965177823472,-1.0304150477485032,-0.5035419262452685,-1.4188407099737605,-0.29699057881119084,-0.09516960606256787,0.6029504741833507,-1.2405163329820863,1.3840814892869684,-0.010186160871092476,0.9008078679311553,-0.7479699112037402,0.0,-0.0,-0.0,16-18,Father-Son,3.2838461538461536,3.8365384615384617,0.5384615384615384,1,0
F1512,14,W2,Western,93,0,Rural,2,Female,1,Male,51,24.9,3,2.35,3.89,2.72,2.47,4,4,4,3,4,4,3.83,3,3,2,2,2,2.4,2,1,1,2,2,1.6,2.64,2,2,2,1,2,2,1.83,3,3,3,3,2,2.8,2,1,3,3,2,2.2,2.28,2,3,2,2,2.25,0.3977239033484197,-1.3631108633552536,-1.2115587624052442,-1.1823113477140985,-1.4388862330481842,-0.820756995916424,-0.3425304566260032,-1.0147550643442813,-1.2380735485582992,-1.2076793878516532,-0.053264226244034214,-1.367284474856077,-1.6382505502764373,-0.8770495258166493,-1.4905163329820863,0.3840814892869684,-1.8101861608710927,-1.2991921320688444,1.3072566430639097,-0.0,-0.0,0.0,23-25,Mother-Son,3.3927272727272726,3.772727272727273,0.4090909090909091,0,1
F1516,1,E1,Eastern,4,0,Rural,1,Male,1,Male,46,22.8,3,2.48,3.37,2.16,3.35,3,2,2,2,2,2,2.17,3,2,3,3,3,2.8,3,3,5,4,3,3.6,2.86,5,3,3,3,3,3,3.33,2,2,2,2,2,2.0,3,3,3,2,3,2.8,2.86,5,4,4,5,4.5,-1.3212386032385324,-1.061901873292198,0.6535368343113829,-0.8857391601230888,0.2217754243889392,-1.4969819032739868,0.2742843504671218,-0.3317494728987907,0.6308529587298652,-1.1036590810234372,-0.8886757221728079,-2.125973818887896,-0.129460293711765,-0.6570495258166495,0.7594836670179137,-1.2759185107130318,-1.4101861608710928,0.7008078679311556,-0.49901838327961034,-0.0,0.0,-0.0,19-22,Father-Son,3.3230434782608693,3.5760869565217392,0.391304347826087,0,0
F1519,16,W4,Western,110,0,Rural,1,Male,2,Female,46,13.6,2,4.1,3.88,3.51,2.65,2,3,2,2,2,2,2.17,5,5,5,4,5,4.8,2,2,1,1,1,1.4,2.92,2,3,2,2,2,2,2.17,3,3,4,3,4,3.4,1,2,2,1,1,1.4,2.53,5,2,4,4,3.75,-1.3212386032385324,0.4441430770230789,-1.398068322076907,-0.8048558362346315,-1.0624695906957697,-0.3135883153982518,-1.1649501994168372,-0.7203561025143285,0.007877456300477073,0.19259397329740702,-0.06932983193497254,-0.29699057881119084,-1.3296343614336639,-0.5970495258166495,0.0094836670179137,-1.2759185107130318,0.5898138391289072,-1.4991921320688446,-0.005662218896048373,-0.0,0.0,-0.0,12-15,Father-Daughter,3.667333333333333,3.941666666666667,0.5333333333333333,0,1
F1521,15,W3,Western,99,0,Rural,1,Male,2,Female,47,17.9,1,2.98,4.43,3.47,4.21,3,3,3,3,3,4,3.17,6,5,5,6,5,5.4,2,3,4,2,2,2.6,3.75,3,2,2,3,3,3,2.67,4,4,4,4,5,4.2,3,3,2,2,3,2.6,2.81,3,4,4,4,3.75,-0.285719020957236,0.8959565621176624,-0.27901096404693065,0.3140301442223608,-0.5089157048833953,0.3626365919593113,0.06867941476941361,-0.39062926526478103,0.007877456300477073,-0.7035809778379915,0.8142784810666147,-0.35118267481346305,1.3450392752037101,0.23295047418335058,0.0094836670179137,-0.27591851071303175,1.1898138391289077,-0.29919213206884443,0.002209224728819999,0.0,0.0,0.0,16-18,Father-Daughter,3.5144,3.74,0.44,0,1
F1522,6,E6,Eastern,36,0,Rural,2,Female,2,Female,39,12.1,2,3.85,3.73,2.59,3.07,3,2,3,3,2,2,2.5,4,6,5,4,4,4.6,4,4,2,4,3,3.4,3.41,3,2,3,3,3,2,2.67,4,4,5,4,5,4.4,3,3,4,4,4,3.6,3.37,4,4,4,5,4.25,-0.9795171410857045,0.2935385819915511,0.46702727463972,-0.14430869114556352,-0.5089157048833953,0.5316928187987021,1.0967040932579557,0.2688244092343133,0.4231944579200692,-0.0074450782953155645,-0.31031391729904173,-1.543408786863464,-0.6095299208005248,-0.10704952581664928,0.5094836670179137,-0.9459185107130317,0.389813839128907,0.5008078679311554,-0.0545399849655953,-0.0,0.0,-0.0,12-15,Mother-Daughter,3.4104347826086956,3.967391304347826,0.4782608695652174,0,0
F1523,2,E2,Eastern,12,0,Rural,1,Male,2,Female,36,12.1,1,2.8,3.05,2.8,2.59,3,2,3,4,3,3,3.0,3,3,3,3,3,3.0,2,1,1,1,2,1.4,2.13,2,3,3,3,3,3,2.83,3,2,4,5,3,3.4,1,2,2,2,3,2.0,2.73,4,4,4,5,4.25,-0.46175734994505635,-0.9112973782606704,-1.398068322076907,-1.8698196007659855,-0.33177846142343526,-0.3135883153982518,-0.5481353923237118,-0.484836933050366,0.4231944579200692,-0.8476090949847521,-1.402775104282823,-1.258900282851532,-1.4325064243812553,-1.3870495258166495,0.5094836670179137,-0.4459185107130317,-1.2101861608710927,-1.4991921320688446,-0.706679078748525,-0.0,0.0,-0.0,12-15,Father-Daughter,3.502,3.24,0.6,0,0
F1524,13,W1,Western,88,0,Rural,2,Female,2,Female,43,18.8,2,2.54,3.73,3.09,2.48,3,3,2,2,3,2,2.5,5,5,5,4,3,4.4,2,1,1,1,1,1.2,2.68,3,2,2,2,2,2,2.17,2,2,2,2,2,2.0,2,1,2,1,1,1.4,1.59,1,1,1,1,1.0,-0.9795171410857045,0.1429340869600239,-1.5845778817485696,-1.1283891317884602,-1.0624695906957697,-1.4969819032739868,-1.1649501994168372,-1.8272961989949508,-2.2763660526072798,-1.0556497086411838,-0.31031391729904173,-0.8660075868350546,-1.621105206451839,-0.8370495258166493,-2.7405163329820863,-0.9459185107130317,0.1898138391289077,-1.6991921320688446,2.2939478970154377,-0.0,-0.0,0.0,16-18,Mother-Daughter,3.3708333333333336,3.8229166666666665,0.5833333333333334,0,1
F1525,2,E2,Eastern,13,0,Rural,2,Female,1,Male,47,18.7,3,4.28,4.03,2.56,3.11,4,4,3,3,4,4,3.67,5,5,6,6,6,5.6,1,1,1,1,1,1.0,3.49,4,2,3,3,3,2,2.83,2,3,3,4,3,3.0,1,1,1,1,1,1.0,2.28,3,3,3,3,3.0,0.23204077018341215,1.0465610571491897,-1.7710874414202322,-0.03646425929428708,-0.33177846142343526,-0.6517007690770332,-1.576160070812254,-1.0147550643442813,-0.6150980461289112,0.336622090444168,0.17165425342909738,-1.5840528588651683,-0.5409485455021306,-0.02704952581664921,-0.7405163329820863,0.22408148928696825,1.389813839128907,-1.8991921320688445,0.02003061566664935,-0.0,-0.0,0.0,16-18,Mother-Son,3.4699999999999998,3.673076923076923,0.23076923076923078,0,0
F1526,1,E1,Eastern,1,0,Rural,2,Female,2,Female,46,16.9,3,2.61,2.48,2.61,2.17,4,5,5,5,5,5,4.83,3,3,3,4,4,3.4,3,4,3,4,4,3.6,3.94,3,2,3,3,3,3,2.83,2,1,2,1,2,1.6,1,1,1,2,3,1.6,1.73,2,2,2,3,2.25,1.433243485629716,-0.610088388197615,0.6535368343113829,0.570160669869142,-0.33177846142343526,-1.8350943569527682,-0.9593452637191285,-1.6624327803701773,-1.2380735485582992,-0.9996387741952215,-2.318514628666286,-1.5163127388623276,-2.152610865014394,0.4229504741833505,-1.4905163329820863,1.3840814892869684,-0.8101861608710927,0.7008078679311556,-0.6304145898128022,0.0,-0.0,-0.0,16-18,Mother-Daughter,3.475909090909091,3.6363636363636362,0.4090909090909091,0,0
F1530,4,E4,Eastern,22,0,Rural,2,Female,1,Male,49,20.4,2,2.22,3.42,2.84,2.72,3,4,4,3,4,4,3.67,2,2,2,3,3,2.4,3,2,3,3,4,3.0,2.98,3,2,3,3,2,2,2.5,2,2,2,3,2,2.2,1,1,1,2,1,1.2,2.12,2,1,2,1,1.5,0.23204077018341215,-1.3631108633552536,0.09400815529639468,-0.7239725123461742,-0.6971240260596026,-1.327925676434596,-1.3705551351145455,-1.2031703999154506,-1.8610490509876876,-1.311699694679869,-0.8083476937181184,-1.2047081868492593,-1.2096169546614735,-0.5370495258166494,-2.2405163329820863,0.22408148928696825,-1.8101861608710927,0.10080786793115548,1.2032682342124876,-0.0,-0.0,0.0,19-22,Mother-Son,3.5074193548387096,3.4919354838709675,0.45161290322580644,0,0
F1531,8,C2,Central,55,0,Rural,1,Male,2,Female,44,17.5,4,3.21,2.83,3.56,2.69,2,3,3,3,1,3,2.5,2,3,3,2,3,2.6,5,4,5,4,4,4.4,3.1,3,4,4,3,4,3,3.5,4,3,4,3,4,3.6,3,4,3,3,3,3.2,3.37,5,5,4,6,5.0,-0.9795171410857045,-1.2125063683237256,1.3995750729980339,-0.5622058645692595,0.40998374556514644,-0.14453208855886093,0.685494221862539,0.2688244092343133,1.0461699603494574,-0.5195450503726864,-1.7562184294834575,-0.22925045880834952,-1.2610529861352695,-0.41704952581664934,1.2594836670179137,-0.9459185107130317,-1.6101861608710926,1.5008078679311558,-0.5252670661036356,-0.0,0.0,-0.0,16-18,Father-Daughter,3.4669565217391303,4.0978260869565215,0.5217391304347826,1,0
F1533,6,E6,Eastern,36,0,Rural,1,Male,1,Male,39,16.4,2,3.57,3.73,2.59,3.07,4,3,2,3,2,3,2.83,3,3,3,4,3,3.2,3,3,3,3,2,2.8,3.19,4,3,2,3,2,2,2.67,2,3,2,2,3,2.4,2,3,1,3,2,2.2,2.53,3,3,4,3,3.25,-0.6377956789328766,-0.7606928832291425,-0.09250140437526819,-0.4408808787365738,-0.5089157048833953,-1.1588694495952054,-0.3425304566260032,-0.7203561025143285,-0.4074395453191151,-0.23148881607916544,-0.31031391729904173,-1.543408786863464,-0.6095299208005248,-0.3270495258166495,-0.4905163329820863,-0.6159185107130316,-1.0101861608710925,-0.0991921320688447,0.16042313410711306,-0.0,-0.0,0.0,16-18,Father-Son,3.4104347826086956,3.967391304347826,0.4782608695652174,0,0
F1538,14,W2,Western,96,0,Rural,2,Female,2,Female,47,21.5,2,4.14,2.82,2.41,2.58,2,1,2,2,2,1,1.67,3,3,3,3,3,3.0,2,2,2,3,3,2.4,2.17,1,1,1,1,1,1,1.0,3,2,3,4,3,3.0,1,1,1,2,1,1.2,1.65,3,2,2,1,2.0,-1.8389983943791806,-0.9112973782606704,-0.4655205237185935,-1.8158973848403472,-2.357785683496726,-0.6517007690770332,-1.3705551351145455,-1.7566404481557623,-1.4457320493680954,0.2246002215522427,-1.7722840351743958,-1.787273218873691,-1.4496517682058534,-1.3470495258166495,-1.7405163329820863,-1.7759185107130318,-1.2101861608710927,-0.4991921320688446,2.344561701019653,-0.0,-0.0,0.0,19-22,Mother-Daughter,3.5119999999999996,3.7375,0.5,0,1
F1547,5,E5,Eastern,33,0,Rural,2,Female,2,Female,57,24.0,1,3.16,2.98,3.33,2.77,2,3,3,2,3,3,2.67,5,4,5,6,4,4.8,2,2,1,1,2,1.6,2.82,2,2,4,2,2,1,2.17,3,5,4,3,3,3.6,2,2,3,2,2,2.2,2.71,5,2,4,3,3.5,-0.8034788120978842,0.4441430770230789,-1.2115587624052442,-0.939661376048727,-1.0624695906957697,-0.14453208855886093,-0.3425304566260032,-0.5083888499967623,-0.199781044509319,-0.5595528606912308,-1.5152343441193883,-0.5408550108214178,-1.123890235538481,-0.6970495258166496,-0.2405163329820863,-0.7759185107130318,0.5898138391289072,-1.2991921320688444,0.16765179585632264,-0.0,-0.0,0.0,23-25,Mother-Daughter,3.4548275862068967,4.094827586206897,0.6206896551724138,0,0
F1549,7,C1,Central,48,0,Rural,1,Male,2,Female,45,18.6,1,3.5,2.93,2.64,3.34,5,6,5,5,5,4,5.0,4,3,5,4,4,4.0,3,1,3,3,2,2.4,3.57,3,4,4,4,4,3,3.67,4,4,3,4,3,3.6,3,3,2,3,2,2.6,3.24,5,4,5,5,4.75,1.6092818146175363,-0.15827490310303177,-0.4655205237185935,0.07138017255698878,0.5981920667413537,-0.14453208855886093,0.06867941476941361,0.11573694908273797,0.8385114595396613,-0.2874997505251277,-1.595562372574078,-1.4756686668606227,-0.14660563753636396,0.052950474183350416,1.0094836670179137,1.5540814892869683,-0.21018616087109265,-0.4991921320688446,0.053452638848945945,0.0,0.0,0.0,16-18,Father-Daughter,4.048421052631579,3.8552631578947367,0.6842105263157895,1,0
F1551,18,W6,Western,126,0,Rural,2,Female,2,Female,37,12.3,2,3.78,4.33,3.87,2.65,4,4,4,3,4,4,3.83,4,4,5,4,4,4.2,2,1,1,2,1,1.4,3.17,3,3,4,1,2,2,2.5,3,3,5,3,2,3.2,1,1,2,2,2,1.6,2.89,4,4,4,3,3.75,0.3977239033484197,-0.0076704080715039435,-1.398068322076907,-0.46784198669939286,-0.6971240260596026,-0.4826445422376423,-0.9593452637191285,-0.29642159747919605,0.007877456300477073,-0.06345601274127821,0.6536224241572357,0.19073828520926436,-1.3296343614336639,-0.3470495258166495,0.0094836670179137,0.3840814892869684,-0.010186160871092476,-1.4991921320688446,-0.003291302141569948,-0.0,0.0,-0.0,12-15,Mother-Daughter,3.7065217391304346,3.989130434782609,0.5652173913043478,0,1
F1554,16,W4,Western,107,0,Rural,1,Male,2,Female,45,18.8,4,6.73,3.59,2.9,2.83,3,2,3,3,3,3,2.83,6,4,5,4,6,5.0,5,5,6,5,5,5.2,4.36,4,4,4,2,3,3,3.33,3,3,4,2,3,3.0,3,3,3,3,3,3.0,3.2,3,4,5,5,4.25,-0.6377956789328766,0.5947475720546067,2.1456133116846843,1.1363439370883435,0.2217754243889392,-0.6517007690770332,0.4798892861648304,0.06863311518994548,0.4231944579200692,2.297004796052853,-0.5352323969721733,-1.12342004284585,-1.0210181725908896,0.8429504741833509,0.5094836670179137,-0.6159185107130316,0.7898138391289073,2.3008078679311557,0.4294694987014228,0.0,0.0,0.0,16-18,Father-Daughter,3.7623809523809526,4.142857142857143,0.5238095238095238,0,1
F1555,9,C3,Central,58,0,Rural,1,Male,1,Male,51,22.4,2,2.24,3.04,2.73,3.17,2,2,2,2,2,2,2.0,4,3,3,4,4,3.6,3,3,4,4,3,3.4,2.84,2,3,1,2,1,2,1.83,2,1,1,1,2,1.4,1,2,1,2,1,1.4,1.51,1,1,2,1,1.25,-1.4972769322263526,-0.4594838931660871,0.46702727463972,-0.912700268085908,-1.4388862330481842,-2.004150583792159,-1.1649501994168372,-1.9215038667805358,-2.0687075517974836,-1.295696570552451,-1.4188407099737605,-1.3537364508555092,-0.4380764825545392,-0.6770495258166496,-2.4905163329820863,-1.4459185107130317,-0.6101861608710926,0.5008078679311554,1.6862029022841425,-0.0,-0.0,0.0,19-22,Father-Son,3.3766666666666665,3.475,0.43333333333333335,1,0
F1556,14,W2,Western,96,0,Rural,2,Female,1,Male,45,17.6,3,7.0,2.82,2.41,2.58,3,4,3,3,2,3,3.0,3,2,3,3,3,2.8,1,2,2,1,2,1.6,2.35,2,3,3,1,2,1,2.0,2,3,3,3,4,3.0,2,3,1,1,2,1.8,2.36,2,3,3,4,3.0,-0.46175734994505635,-1.061901873292198,-1.2115587624052442,-1.5732474131749754,-1.250677911871977,-0.6517007690770332,-0.7537403280214202,-0.9205473965586963,-0.6150980461289112,2.5130469717729933,-1.7722840351743958,-1.787273218873691,-1.4496517682058534,-1.1670495258166493,-0.7405163329820863,-0.4459185107130317,-1.4101861608710928,-1.2991921320688444,0.8642192352662278,-0.0,-0.0,0.0,16-18,Mother-Son,3.5119999999999996,3.7375,0.5,0,1
F1558,7,C1,Central,44,0,Rural,1,Male,2,Female,42,17.2,3,2.24,3.06,3.55,3.41,3,5,3,4,4,5,4.0,5,5,5,5,5,5.0,2,3,2,3,2,2.4,3.94,4,3,2,3,4,2,3.0,4,5,5,4,5,4.6,2,1,3,2,2,2.0,2.88,3,3,3,2,2.75,0.57376223233624,0.5947475720546067,-0.4655205237185935,0.570160669869142,-0.14357014024722803,0.7007490456380923,-0.5481353923237118,-0.30819755595239445,-0.8227565469387071,-1.295696570552451,-1.3867094985918846,-0.24279848280891803,-0.02658823076417361,0.4229504741833505,-0.9905163329820863,0.5540814892869683,0.7898138391289073,-0.4991921320688446,-0.4189393527211269,0.0,-0.0,-0.0,16-18,Father-Daughter,3.2842105263157895,3.8552631578947367,0.5263157894736842,1,0
F1559,16,W4,Western,109,0,Rural,2,Female,2,Female,51,20.0,2,4.14,3.72,3.19,3.1,4,4,4,4,4,4,4.0,3,3,3,3,3,3.0,2,2,2,1,2,1.8,2.62,3,2,4,3,2,3,2.83,2,2,2,2,2,2.0,1,1,1,2,2,1.4,2.09,3,3,2,2,2.5,0.57376223233624,-0.9112973782606704,-1.0250492027335814,-1.2092724556769177,-0.33177846142343526,-1.4969819032739868,-1.1649501994168372,-1.2384982753350453,-1.0304150477485032,0.2246002215522427,-0.32637952298997935,-0.7305273468293726,-0.5580938893267288,-0.8970495258166493,-1.2405163329820863,0.5540814892869683,-1.2101861608710927,-1.0991921320688445,1.112804588269389,-0.0,-0.0,0.0,19-22,Mother-Daughter,3.7354999999999996,3.8625,0.55,0,1
F1560,16,W4,Western,110,0,Rural,2,Female,2,Female,36,12.8,3,4.22,3.88,3.51,2.65,3,3,3,3,4,3,3.17,2,3,1,3,3,2.4,4,3,3,4,3,3.4,2.75,4,3,3,3,2,4,3.17,4,4,4,4,3,3.8,4,4,4,4,4,4.0,3.43,5,5,6,4,5.0,-0.285719020957236,-1.3631108633552536,0.46702727463972,-1.0340252539185937,0.04463818092897921,0.02452413828052955,1.5079139646533726,0.339480160073502,1.0461699603494574,0.2886127180619141,-0.06932983193497254,-0.29699057881119084,-1.3296343614336639,-0.7670495258166494,1.2594836670179137,-0.27591851071303175,-1.8101861608710927,0.5008078679311554,-0.9660863495599055,-0.0,0.0,-0.0,12-15,Mother-Daughter,3.667333333333333,3.941666666666667,0.5333333333333333,0,1
F1563,12,C6,Central,84,0,Rural,2,Female,1,Male,45,17.5,3,2.6,3.46,2.93,3.01,3,3,3,3,3,4,3.17,3,3,2,3,3,2.8,1,2,2,2,2,1.8,2.46,1,2,3,3,3,3,2.5,3,3,3,2,4,3.0,3,1,3,2,3,2.4,2.73,4,3,3,3,3.25,-0.285719020957236,-1.061901873292198,-1.0250492027335814,-1.4249613193794706,-0.6971240260596026,-0.6517007690770332,-0.13692552092829502,-0.484836933050366,-0.4074395453191151,-1.0076403362589301,-0.7440852709543665,-1.0827759708441451,-0.7124019837481163,-1.0570495258166495,-0.4905163329820863,-0.27591851071303175,-1.4101861608710928,-1.0991921320688445,0.518500057184036,-0.0,-0.0,0.0,16-18,Mother-Son,3.320909090909091,3.897727272727273,0.45454545454545453,1,0
F1565,11,C5,Central,71,0,Rural,1,Male,2,Female,43,16.5,3,2.12,3.96,2.82,4.02,3,3,3,3,2,3,2.83,4,4,4,4,3,3.8,1,1,2,1,1,1.2,2.65,3,3,4,2,3,4,3.17,2,3,3,3,3,2.8,1,2,1,2,2,1.6,2.58,3,4,3,4,3.5,-0.6377956789328766,-0.3088793981345596,-1.5845778817485696,-1.1688307937326892,0.04463818092897921,-0.820756995916424,-0.9593452637191285,-0.6614763101483376,-0.199781044509319,-1.3917153153169581,0.05919501359253122,-1.2318042348503957,1.019277742536337,-0.8670495258166495,-0.2405163329820863,-0.6159185107130316,-0.41018616087109283,-1.6991921320688446,0.2085395724632773,-0.0,-0.0,0.0,16-18,Father-Daughter,3.4165217391304346,3.782608695652174,0.6086956521739131,1,0
F1569,6,E6,Eastern,36,0,Rural,2,Female,1,Male,45,20.2,3,2.96,3.73,2.59,3.07,3,3,3,4,3,3,3.17,3,5,3,4,4,3.8,3,2,2,3,3,2.6,3.15,2,2,2,1,3,1,1.83,1,1,1,2,1,1.2,1,2,1,1,1,1.2,1.52,2,1,1,1,1.25,-0.285719020957236,-0.3088793981345596,-0.27901096404693065,-0.494803094662212,-1.4388862330481842,-2.1732068106315494,-1.3705551351145455,-1.9097279083073375,-2.0687075517974836,-0.7195841019654093,-0.31031391729904173,-1.543408786863464,-0.6095299208005248,-0.3670495258166495,-2.4905163329820863,-0.27591851071303175,-0.41018616087109283,-0.29919213206884443,0.9141428390596955,-0.0,-0.0,0.0,19-22,Mother-Son,3.4104347826086956,3.967391304347826,0.4782608695652174,0,0
F1570,6,E6,Eastern,41,0,Rural,1,Male,2,Female,40,16.5,3,4.05,3.21,4.31,2.5,2,2,3,1,2,2,2.0,3,3,3,3,3,3.0,5,4,4,5,4,4.4,3.26,3,3,2,3,4,3,3.0,4,5,4,6,5,4.8,3,2,2,4,2,2.6,3.23,3,4,3,5,3.75,-1.4972769322263526,-0.9112973782606704,1.3995750729980339,-0.34651700086670717,-0.14357014024722803,0.8698052724774832,0.06867941476941361,0.10396099060953959,0.007877456300477073,0.15258616297886257,-1.1457254132278154,0.7868513412342639,-1.586814518802642,-0.25704952581664964,0.0094836670179137,-1.4459185107130317,-1.2101861608710927,1.5008078679311558,-0.002437772109957716,-0.0,0.0,-0.0,16-18,Father-Daughter,3.464090909090909,3.465909090909091,0.5454545454545454,0,0
F1575,8,C2,Central,56,0,Rural,1,Male,1,Male,53,18.3,4,4.56,3.71,3.28,4.03,5,4,4,4,4,4,4.17,4,4,6,5,5,4.8,4,3,3,4,4,3.6,4.02,3,4,4,3,4,3,3.5,4,5,4,5,4,4.4,2,2,2,2,2,2.0,3.03,3,2,3,2,2.5,0.7498005613240603,0.4441430770230789,0.6535368343113829,0.678005101720418,0.40998374556514644,0.5316928187987021,-0.5481353923237118,-0.13155817885442286,-1.0304150477485032,0.5606658282280171,-0.34244512868091764,-0.6085951308242591,1.0364230863609367,0.5029504741833501,-1.2405163329820863,0.7240814892869682,0.5898138391289072,0.7008078679311556,-0.623918277905531,0.0,-0.0,-0.0,16-18,Father-Son,3.631,4.083333333333333,0.4666666666666667,1,0
F1578,9,C3,Central,61,0,Rural,1,Male,1,Male,45,14.8,2,2.48,3.55,2.98,3.67,3,3,1,3,3,3,2.67,5,7,5,6,6,5.8,1,2,1,1,2,1.4,3.35,3,2,3,3,3,2,2.67,5,4,5,4,3,4.2,2,1,1,2,1,1.4,2.59,3,3,3,3,3.0,-0.8034788120978842,1.1971655521807174,-1.398068322076907,-0.22519201503402086,-0.5089157048833953,0.3626365919593113,-1.1649501994168372,-0.6497003516751397,-0.6150980461289112,-1.1036590810234372,-0.5994948197359252,-1.0150358508413044,0.4191907086753883,-0.16704952581664934,-0.7405163329820863,-0.7759185107130318,1.5898138391289072,-1.4991921320688446,0.12370290228414152,-0.0,-0.0,0.0,12-15,Father-Son,3.3058333333333336,3.7083333333333335,0.375,1,0
F1579,6,E6,Eastern,40,0,Rural,2,Female,1,Male,47,18.5,3,3.78,3.83,3.11,3.21,3,3,3,4,3,3,3.17,5,5,4,5,5,4.8,2,2,3,2,2,2.2,3.32,3,2,2,2,2,2,2.17,5,5,4,4,6,4.8,2,1,2,1,1,1.4,2.78,3,4,4,4,3.75,-0.285719020957236,0.4441430770230789,-0.6520300833902559,-0.26563367697824986,-1.0624695906957697,0.8698052724774832,-1.1649501994168372,-0.4259571406843757,0.007877456300477073,-0.06345601274127821,-0.14965786038966203,-0.8389115388339182,-0.36949510725614493,-0.19704952581664958,0.0094836670179137,-0.27591851071303175,0.5898138391289072,-0.6991921320688443,-0.0018687520888828937,-0.0,0.0,-0.0,16-18,Mother-Son,3.296190476190476,3.5714285714285716,0.3333333333333333,0,0
F1583,6,E6,Eastern,38,0,Rural,2,Female,1,Male,43,13.2,3,1.25,3.36,3.5,2.51,5,4,3,5,4,4,4.17,3,1,2,3,1,2.0,3,4,3,3,3,3.2,3.16,3,2,3,3,2,3,2.67,4,5,2,4,4,3.8,2,2,3,3,2,2.4,2.68,4,3,3,4,3.5,0.7498005613240603,-1.6643198534183088,0.28051771496805755,-0.48132254068080216,-0.5089157048833953,0.02452413828052955,-0.13692552092829502,-0.5437167254163564,-0.199781044509319,-2.087851214859634,-0.9047413278637463,-0.3105386028117587,-1.5696691749780438,-0.3570495258166493,-0.2405163329820863,0.7240814892869682,-2.2101861608710927,0.30080786793115566,0.08587624264241324,-0.0,-0.0,0.0,12-15,Mother-Son,3.5205263157894735,3.8026315789473686,0.42105263157894735,0,0
F1584,2,E2,Eastern,12,0,Rural,1,Male,2,Female,43,16.6,2,4.59,3.05,2.8,2.59,3,4,4,4,3,3,3.5,7,7,7,7,7,7.0,3,2,3,2,2,2.4,4.2,4,3,3,3,3,2,3.0,3,4,3,3,3,3.2,2,1,1,1,1,1.2,2.48,2,2,2,3,2.25,0.05600244119559184,2.100792522369884,-0.4655205237185935,0.9206550733857906,-0.14357014024722803,-0.4826445422376423,-1.3705551351145455,-0.7792358948803189,-1.2380735485582992,0.5846705144191441,-1.402775104282823,-1.258900282851532,-1.4325064243812553,0.6829504741833508,-1.4905163329820863,0.05408148928696832,2.7898138391289073,-0.4991921320688446,-1.017948836388145,0.0,-0.0,-0.0,16-18,Father-Daughter,3.502,3.24,0.6,0,0
F1585,11,C5,Central,76,0,Rural,1,Male,1,Male,38,16.8,1,2.75,3.68,3.43,3.19,4,3,3,3,3,3,3.17,6,5,5,5,6,5.4,2,3,3,3,2,2.6,3.7,1,1,1,2,1,1,1.17,3,2,2,2,2,2.2,1,1,1,1,1,1.0,1.66,2,2,3,1,2.0,-0.285719020957236,0.8959565621176624,-0.27901096404693065,0.2466273743153133,-2.169577362320519,-1.327925676434596,-1.576160070812254,-1.744864489682564,-1.4457320493680954,-0.8876169053032965,-0.39064194575373123,-0.4053747708157358,-0.40378579490534205,0.18295047418335075,-1.7405163329820863,-0.27591851071303175,1.1898138391289077,-0.29919213206884443,-0.3184282884429395,0.0,-0.0,-0.0,16-18,Father-Son,3.7304000000000004,3.26,0.64,1,0
F1586,2,E2,Eastern,11,0,Rural,2,Female,1,Male,45,18.3,3,4.35,2.77,1.96,1.98,3,2,3,3,3,2,2.67,4,3,3,4,3,3.4,2,3,2,3,3,2.6,2.93,2,2,3,4,3,3,2.83,4,4,3,4,4,3.8,4,2,3,3,2,2.8,3.01,4,4,4,5,4.25,-0.8034788120978842,-0.610088388197615,-0.27901096404693065,-0.7913752822532216,-0.33177846142343526,0.02452413828052955,0.2742843504671218,-0.1551100958008191,0.4231944579200692,0.3926330248901299,-1.8526120636290855,-2.3969342988992595,-2.4783723976817664,-0.5870495258166493,0.5094836670179137,-0.7759185107130318,-0.8101861608710927,-0.29919213206884443,-0.29909214513419385,-0.0,0.0,-0.0,16-18,Mother-Son,3.622,3.9375,0.5,0,0
F1588,12,C6,Central,84,0,Rural,2,Female,2,Female,37,12.4,2,4.35,3.46,2.93,3.01,3,3,3,3,3,4,3.17,6,4,6,4,4,4.8,2,1,1,2,2,1.6,3.25,3,4,3,3,3,2,3.0,5,4,5,5,4,4.6,1,2,1,1,2,1.4,3.08,3,4,3,3,3.25,-0.285719020957236,0.4441430770230789,-1.2115587624052442,-0.35999755484811646,-0.14357014024722803,0.7007490456380923,-1.1649501994168372,-0.07267838648843199,-0.4074395453191151,0.3926330248901299,-0.7440852709543665,-1.0827759708441451,-0.7124019837481163,-0.2670495258166494,-0.4905163329820863,-0.27591851071303175,0.5898138391289072,-1.2991921320688444,0.13099215412818785,-0.0,-0.0,0.0,12-15,Mother-Daughter,3.320909090909091,3.897727272727273,0.45454545454545453,1,0
F1589,18,W6,Western,120,0,Rural,2,Female,1,Male,44,14.2,2,3.05,3.14,3.45,2.92,5,4,4,4,5,4,4.33,4,4,3,4,4,3.8,1,1,1,1,1,1.0,2.88,3,4,3,3,4,3,3.33,2,4,3,2,3,2.8,3,2,3,2,2,2.4,2.9,3,3,3,4,3.25,0.9154836944890679,-0.3088793981345596,-1.7710874414202322,-0.8587780521602697,0.2217754243889392,-0.820756995916424,-0.13692552092829502,-0.2846456390059982,-0.4074395453191151,-0.6475700433920292,-1.2581846530643808,-0.3782787228145994,-0.866710078169503,-0.6370495258166495,-0.4905163329820863,0.8840814892869684,-0.41018616087109283,-1.8991921320688445,0.3124831973315598,-0.0,-0.0,0.0,12-15,Mother-Son,3.4250000000000003,3.1354166666666665,0.4166666666666667,0,1
F1591,7,C1,Central,47,0,Rural,1,Male,2,Female,44,17.7,4,3.95,3.72,2.24,3.12,3,5,4,4,4,4,4.0,5,6,4,6,5,5.2,1,1,2,1,2,1.4,3.27,4,3,4,4,2,3,3.33,4,3,4,5,4,4.0,1,2,1,1,2,1.4,2.95,4,4,4,4,4.0,0.57376223233624,0.7453520670861346,-1.398068322076907,-0.3330364468852973,0.2217754243889392,0.1935803651199204,-1.1649501994168372,-0.22576584664000732,0.21553595711027312,0.07257054234177368,-0.32637952298997935,-2.01758962688335,-0.5238032016775316,-0.2470495258166494,0.2594836670179137,0.5540814892869683,0.9898138391289075,-1.4991921320688446,-0.06410531689394093,-0.0,0.0,-0.0,16-18,Father-Daughter,3.5180000000000002,3.83,0.56,1,0
F1592,16,W4,Western,106,0,Rural,1,Male,1,Male,50,22.6,2,4.9,3.0,3.41,2.91,1,1,2,2,2,1,1.5,4,5,5,4,4,4.4,3,4,2,5,3,3.4,3.28,1,1,1,1,1,2,1.17,3,3,2,5,3,3.2,1,2,2,1,2,1.6,1.7,2,3,2,2,2.25,-2.015036723367001,0.1429340869600239,0.46702727463972,-0.3195558929038881,-2.169577362320519,-0.4826445422376423,-0.9593452637191285,-1.6977606557897715,-1.2380735485582992,0.8327189383941209,-1.4831031327375124,-0.4324708188168722,-0.8838554219941012,-0.23704952581664962,-1.4905163329820863,-1.9459185107130317,0.1898138391289077,0.5008078679311554,0.353326189955375,-0.0,-0.0,0.0,19-22,Father-Son,3.50375,3.625,0.5416666666666666,0,1
F1594,2,E2,Eastern,14,0,Rural,2,Female,2,Female,39,13.1,2,3.69,4.0,2.67,2.74,5,4,5,4,5,4,4.5,3,3,3,3,3,3.0,4,5,3,5,4,4.2,3.81,2,4,3,3,4,3,3.17,3,4,3,3,2,3.0,2,2,2,2,1,1.8,2.91,3,3,2,3,2.75,1.091522023476888,-0.9112973782606704,1.213065513326371,0.3949134681108181,0.04463818092897921,-0.6517007690770332,-0.7537403280214202,-0.2728696805327998,-0.8227565469387071,-0.13547007131465835,0.1234574363562831,-1.4350245948589184,-1.1753262670122764,0.29295047418335063,-0.9905163329820863,1.0540814892869683,-1.2101861608710927,1.3008078679311557,-0.29017222943345583,0.0,-0.0,-0.0,12-15,Mother-Daughter,3.43,3.8684210526315788,0.5263157894736842,0,0
F1595,18,W6,Western,125,0,Rural,2,Female,1,Male,49,16.0,5,1.87,3.34,2.29,2.97,4,3,3,3,2,3,3.0,6,5,5,5,4,5.0,2,3,1,2,2,2.0,3.32,3,2,4,4,3,3,3.17,4,3,3,4,3,3.4,1,2,2,1,1,1.4,2.75,4,4,4,3,3.75,-0.46175734994505635,0.5947475720546067,-0.8385396430619187,-0.26563367697824986,0.04463818092897921,-0.3135883153982518,-1.1649501994168372,-0.46128501610396977,0.007877456300477073,-1.5917543669096812,-0.9368725392456222,-1.9498495068805093,-0.7809833590465097,-0.19704952581664958,0.0094836670179137,-0.4459185107130317,0.7898138391289073,-0.8991921320688445,-0.0018687520888828937,-0.0,0.0,-0.0,16-18,Mother-Son,3.3248,3.98,0.4,0,1
F1599,17,W5,Western,116,0,Rural,1,Male,1,Male,41,15.5,2,3.13,4.08,3.25,3.6,3,3,4,5,4,5,4.0,4,4,3,3,4,3.6,2,1,2,2,2,1.8,3.15,1,3,3,3,3,3,2.67,2,4,4,3,3,3.2,2,2,1,1,1,1.4,2.33,3,3,3,3,3.0,0.57376223233624,-0.4594838931660871,-1.0250492027335814,-0.494803094662212,-0.5089157048833953,-0.4826445422376423,-1.1649501994168372,-0.9558752719782904,-0.6150980461289112,-0.5835575468823577,0.25198228188378685,-0.6492392028259634,0.29917330190319874,-0.3670495258166495,-0.7405163329820863,0.5540814892869683,-0.6101861608710926,-1.0991921320688445,0.2718061688805589,-0.0,-0.0,0.0,12-15,Father-Son,3.4620689655172416,4.017241379310345,0.5862068965517241,0,1
F1601,4,E4,Eastern,22,0,Rural,2,Female,2,Female,44,18.6,4,2.71,3.42,2.84,2.72,3,5,4,4,4,5,4.17,3,4,4,3,3,3.4,4,4,5,5,4,4.4,4.04,2,4,3,3,3,3,3.0,4,4,4,3,4,3.8,3,3,3,2,3,2.8,3.15,3,3,3,2,2.75,0.7498005613240603,-0.610088388197615,1.3995750729980339,0.7049662096832376,-0.14357014024722803,0.02452413828052955,0.2742843504671218,0.009753322823954608,-0.8227565469387071,-0.9196231535581322,-0.8083476937181184,-1.2047081868492593,-1.2096169546614735,0.5229504741833506,-0.9905163329820863,0.7240814892869682,-0.8101861608710927,1.5008078679311558,-0.5179909860193357,0.0,-0.0,-0.0,16-18,Mother-Daughter,3.5074193548387096,3.4919354838709675,0.45161290322580644,0,0
F1602,15,W3,Western,101,0,Rural,1,Male,2,Female,50,21.3,3,4.91,4.09,3.37,3.1,4,3,4,3,2,4,3.33,4,4,4,4,4,4.0,3,2,3,3,4,3.0,3.32,3,3,4,4,3,2,3.17,4,4,5,4,4,4.2,3,4,4,3,3,3.4,3.52,5,5,5,4,4.75,-0.12003588779222847,-0.15827490310303177,0.09400815529639468,-0.26563367697824986,0.04463818092897921,0.3626365919593113,0.8910991575602472,0.4454637863322849,0.8385114595396613,0.8407205004578296,0.2680478875747245,-0.48666291481914503,-0.5580938893267288,-0.19704952581664958,1.0094836670179137,-0.11591851071303161,-0.21018616087109265,0.10080786793115548,-0.1989182779055325,-0.0,0.0,-0.0,19-22,Father-Daughter,3.8754166666666667,3.6354166666666665,0.5416666666666666,0,1
F1603,2,E2,Eastern,9,0,Rural,2,Female,1,Male,41,12.4,2,3.39,4.26,4.39,3.09,2,1,1,2,2,2,1.67,3,3,3,3,3,3.0,2,4,2,3,2,2.6,2.27,1,2,1,1,2,1,1.33,3,2,2,2,3,2.4,3,3,2,2,4,2.8,2.24,3,3,3,4,3.25,-1.8389983943791806,-0.9112973782606704,-0.27901096404693065,-1.6810918450262518,-1.9924401188605587,-1.1588694495952054,0.2742843504671218,-1.0618588982370731,-0.4074395453191151,-0.3755169332259257,0.5411631843206696,0.8952355332388096,-0.5752392331513277,-1.2470495258166494,-0.4905163329820863,-1.7759185107130318,-1.2101861608710927,-0.29919213206884443,0.6116981604506324,-0.0,-0.0,0.0,12-15,Mother-Son,3.2433333333333336,4.157407407407407,0.5925925925925926,0,0
F1604,4,E4,Eastern,25,0,Rural,2,Female,2,Female,45,18.0,4,4.59,4.55,4.22,4.46,4,4,4,4,4,4,4.0,4,3,3,3,2,3.0,1,1,1,2,1,1.2,2.53,3,3,3,4,3,3,3.17,4,3,3,3,3,3.2,1,2,2,1,2,1.6,2.48,3,4,4,3,3.5,0.57376223233624,-0.9112973782606704,-1.5845778817485696,-1.330597441509604,0.04463818092897921,-0.4826445422376423,-0.9593452637191285,-0.7792358948803189,-0.199781044509319,0.5846705144191441,1.0070657493578703,0.6649191252291504,1.773672870818674,-0.9870495258166496,-0.2405163329820863,0.5540814892869683,-1.2101861608710927,-1.6991921320688446,0.2374015324211277,-0.0,-0.0,0.0,16-18,Mother-Daughter,3.2065217391304346,3.641304347826087,0.2608695652173913,0,0
F1605,16,W4,Western,112,0,Rural,1,Male,2,Female,47,17.0,2,2.77,3.61,3.08,3.45,1,2,1,1,1,1,1.17,5,5,5,4,5,4.8,1,1,1,2,1,1.2,2.33,2,2,2,1,1,1,1.5,2,3,3,3,2,2.6,1,1,2,2,1,1.4,1.95,3,3,3,4,3.25,-2.3567581855198285,0.4441430770230789,-1.5845778817485696,-1.6002085211377945,-1.8042317976843516,-0.9898132227558145,-1.1649501994168372,-1.4033616939598188,-0.4074395453191151,-0.8716137811758786,-0.5031011855902974,-0.8795556108356225,0.04199314453422065,-1.1870495258166494,-0.4905163329820863,-2.2759185107130318,0.5898138391289072,-1.6991921320688446,0.5822671804717072,-0.0,-0.0,0.0,16-18,Father-Daughter,3.465,3.9166666666666665,0.3333333333333333,0,1
F1606,9,C3,Central,59,0,Rural,1,Male,2,Female,45,17.0,2,4.4,3.16,2.94,2.79,3,2,4,3,3,2,2.83,1,1,2,2,1,1.4,3,3,3,3,3,3.0,2.34,3,1,2,3,2,2,2.17,3,3,3,2,2,2.6,2,2,2,1,2,1.8,2.21,4,3,4,3,3.5,-0.6377956789328766,-2.116133338512892,0.09400815529639468,-1.5867279671563852,-1.0624695906957697,-0.9898132227558145,-0.7537403280214202,-1.0971867736566678,-0.199781044509319,0.4326408352086751,-1.2260534416825049,-1.0692279468435772,-1.089599547889284,-1.1770495258166496,-0.2405163329820863,-0.6159185107130316,-2.8101861608710927,0.10080786793115548,0.28309963568772406,-0.0,-0.0,0.0,16-18,Father-Daughter,3.4848000000000003,3.6,0.56,1,0
F1612,1,E1,Eastern,5,0,Rural,1,Male,1,Male,38,14.4,2,1.55,3.67,3.29,2.6,4,3,5,3,5,4,4.0,6,6,5,6,5,5.6,1,1,1,1,2,1.2,3.53,3,3,2,3,2,2,2.5,3,3,3,4,3,3.2,2,1,1,1,1,1.2,2.14,3,3,4,3,3.25,0.57376223233624,1.0465610571491897,-1.5845778817485696,0.01745795663135055,-0.6971240260596026,-0.4826445422376423,-1.3705551351145455,-1.1796184829690544,-0.4074395453191151,-1.8478043529483668,-0.4067075514446695,-0.5950471068236907,-1.4153610805566563,0.01295047418335038,-0.4905163329820863,0.5540814892869683,1.389813839128907,-1.6991921320688446,-0.006352419106796207,0.0,-0.0,-0.0,12-15,Father-Son,3.402727272727273,3.7954545454545454,0.6363636363636364,0,0
F1613,17,W5,Western,118,0,Rural,1,Male,2,Female,40,13.5,2,3.06,3.02,3.22,2.88,1,1,2,2,2,2,1.67,5,6,4,5,5,5.0,3,3,2,3,2,2.6,3.18,3,3,3,3,3,3,3.0,4,4,4,4,4,4.0,3,2,2,2,2,2.2,2.97,5,3,5,3,4.0,-1.8389983943791806,0.5947475720546067,-0.27901096404693065,-0.454361432717983,-0.14357014024722803,0.1935803651199204,-0.3425304566260032,-0.20221392969361107,0.21553595711027312,-0.63956848132832,-1.4509719213556365,-0.6898832748276678,-0.9352914534678972,-0.33704952581664926,0.2594836670179137,-1.7759185107130318,0.7898138391289073,-0.29919213206884443,-0.08745884692555313,-0.0,0.0,-0.0,12-15,Father-Daughter,3.4221428571428567,3.6607142857142856,0.35714285714285715,0,1
F1615,4,E4,Eastern,22,0,Rural,2,Female,1,Male,43,21.3,1,4.29,3.42,2.84,2.72,4,4,4,5,3,4,4.0,5,5,6,4,6,5.2,1,2,2,2,2,1.8,3.84,5,4,2,4,3,4,3.67,2,2,3,3,3,2.6,2,1,1,1,2,1.4,2.67,3,3,3,3,3.0,0.57376223233624,0.7453520670861346,-1.0250492027335814,0.4353551300550465,0.5981920667413537,-0.9898132227558145,-1.1649501994168372,-0.5554926838895548,-0.6150980461289112,0.34462365250787674,-0.8083476937181184,-1.2047081868492593,-1.2096169546614735,0.32295047418335043,-0.7405163329820863,0.5540814892869683,0.9898138391289075,-1.0991921320688445,-0.2391501008770806,0.0,-0.0,-0.0,19-22,Mother-Son,3.5074193548387096,3.4919354838709675,0.45161290322580644,0,0
F1616,10,C4,Central,68,0,Rural,2,Female,2,Female,44,16.1,3,1.0,3.38,2.99,4.1,2,3,2,2,3,3,2.5,4,2,3,4,4,3.4,2,2,3,2,3,2.4,2.63,2,2,1,2,1,2,1.67,2,2,1,2,2,1.8,1,1,2,1,1,1.2,1.84,2,2,1,3,2.0,-0.9795171410857045,-0.610088388197615,-0.4655205237185935,-1.1957919016955083,-1.6160234765081443,-1.6660381301133775,-1.3705551351145455,-1.5328972371649978,-1.4457320493680954,-2.287890266452357,-0.8726101164818703,-1.001487826840736,1.1564404931331256,-0.8870495258166495,-1.7405163329820863,-0.9459185107130317,-0.8101861608710927,-0.4991921320688446,1.5439241878478933,-0.0,-0.0,0.0,16-18,Mother-Daughter,3.5727999999999995,4.04,0.56,1,0
F1621,13,W1,Western,91,0,Rural,1,Male,1,Male,40,14.1,4,3.05,2.71,3.17,3.01,2,2,3,3,2,2,2.33,4,3,3,4,3,3.4,3,1,2,2,3,2.2,2.57,1,2,1,2,1,1,1.33,1,2,2,2,3,2.0,2,1,3,2,2,2.0,1.87,3,1,2,2,2.0,-1.1555554700735249,-0.610088388197615,-0.6520300833902559,-1.2766752255839657,-1.9924401188605587,-1.4969819032739868,-0.5481353923237118,-1.4975693617454036,-1.4457320493680954,-0.6475700433920292,-1.9490056977747132,-0.757623394830509,-0.7124019837481163,-0.9470495258166496,-1.7405163329820863,-1.1159185107130316,-0.8101861608710927,-0.6991921320688443,1.6483551678268187,-0.0,-0.0,0.0,12-15,Father-Son,3.4524,3.26,0.64,0,1
F1622,14,W2,Western,98,0,Rural,2,Female,1,Male,47,16.7,2,4.78,3.58,3.19,3.23,6,4,5,5,4,5,4.83,2,3,3,4,3,3.0,1,1,2,2,1,1.4,3.1,4,4,4,4,5,3,4.0,4,5,5,5,4,4.6,2,1,2,3,2,2.0,3.5,6,4,6,5,5.25,1.433243485629716,-0.9112973782606704,-1.398068322076907,-0.5622058645692595,0.9635376313775209,0.7007490456380923,-0.5481353923237118,0.42191186938588865,1.2538284611592534,0.7367001936296138,-0.5512980026631109,-0.7305273468293726,-0.3352044196069478,-0.41704952581664934,1.5094836670179137,1.3840814892869684,-1.2101861608710927,-1.4991921320688446,-0.6295294475577979,-0.0,0.0,-0.0,16-18,Mother-Son,3.403461538461538,3.8173076923076925,0.46153846153846156,0,1
F1626,4,E4,Eastern,25,0,Rural,2,Female,1,Male,43,15.0,3,3.11,4.55,4.22,4.46,1,3,2,2,2,2,2.0,4,4,4,4,4,4.0,2,4,2,3,2,2.6,2.7,2,3,2,3,3,2,2.5,4,4,3,4,4,3.8,1,1,2,1,1,1.2,2.37,3,3,3,3,3.0,-1.4972769322263526,-0.15827490310303177,-0.27901096404693065,-1.101428023825641,-0.6971240260596026,0.02452413828052955,-1.3705551351145455,-0.9087714380854979,-0.6150980461289112,-0.5995606710097756,1.0070657493578703,0.6649191252291504,1.773672870818674,-0.8170495258166492,-0.7405163329820863,-1.4459185107130317,-0.21018616087109265,-0.29919213206884443,0.6050385187224976,-0.0,-0.0,0.0,12-15,Mother-Son,3.2065217391304346,3.641304347826087,0.2608695652173913,0,0
F1630,16,W4,Western,106,0,Rural,1,Male,1,Male,38,17.0,2,1.32,3.0,3.41,2.91,4,4,4,5,5,4,4.33,5,4,4,5,5,4.6,4,3,3,3,3,3.2,4.03,3,3,2,3,4,3,3.0,4,5,3,4,4,4.0,2,2,2,4,3,2.6,3.37,5,5,4,4,4.5,0.9154836944890679,0.2935385819915511,0.28051771496805755,0.6914856557018284,-0.14357014024722803,0.1935803651199204,0.06867941476941361,0.2688244092343133,0.6308529587298652,-2.0318402804136713,-1.4831031327375124,-0.4324708188168722,-0.8838554219941012,0.5129504741833508,0.7594836670179137,0.8840814892869684,0.389813839128907,0.30080786793115566,0.389577507131349,0.0,0.0,0.0,16-18,Father-Son,3.50375,3.625,0.5416666666666666,0,1
F1632,10,C4,Central,70,0,Rural,2,Female,1,Male,48,20.2,4,5.15,3.76,4.15,2.89,3,2,2,3,2,2,2.33,2,2,2,2,2,2.0,2,2,3,2,3,2.4,2.26,1,1,1,2,1,1,1.17,3,3,3,4,4,3.4,3,1,2,1,2,1.8,2.25,4,3,4,4,3.75,-1.1555554700735249,-1.6643198534183088,-0.4655205237185935,-1.6945723990076615,-2.169577362320519,-0.3135883153982518,-0.7537403280214202,-1.0500829397638753,0.007877456300477073,1.032757989986844,-0.2621171002262282,0.570082957225174,-0.9181461096432982,-1.2570495258166496,0.0094836670179137,-1.1159185107130316,-2.2101861608710927,-0.4991921320688446,-0.011921439127871416,-0.0,0.0,-0.0,19-22,Mother-Son,3.5570833333333334,3.75,0.5416666666666666,1,0
F1633,17,W5,Western,113,0,Rural,2,Female,2,Female,44,14.9,3,3.78,3.5,3.33,3.99,3,3,2,2,2,3,2.5,4,5,4,5,4,4.4,3,3,1,2,2,2.2,2.84,3,2,1,2,2,3,2.17,5,4,5,5,5,4.8,3,3,3,2,3,2.8,3.26,4,4,2,4,3.5,-0.9795171410857045,0.1429340869600239,-0.6520300833902559,-0.912700268085908,-1.0624695906957697,0.8698052724774832,0.2742843504671218,0.1392888660291337,-0.199781044509319,-0.06345601274127821,-0.6798228481906147,-0.5408550108214178,0.9678417110625425,-0.6770495258166496,-0.2405163329820863,-0.9459185107130317,0.1898138391289077,-0.6991921320688443,0.1628414691966809,-0.0,-0.0,0.0,12-15,Mother-Daughter,3.815909090909091,3.8863636363636362,0.6818181818181818,0,1
F1635,17,W5,Western,118,0,Rural,1,Male,1,Male,47,18.4,2,3.78,3.02,3.22,2.88,2,3,3,3,2,2,2.5,4,4,4,4,3,3.8,3,3,3,2,4,3.0,3.09,2,2,2,2,4,2,2.33,3,2,3,3,3,2.8,1,1,2,1,2,1.4,2.38,4,4,3,3,3.5,-0.9795171410857045,-0.3088793981345596,0.09400815529639468,-0.5756864185506694,-0.8853323472358098,-0.820756995916424,-1.1649501994168372,-0.8969954796123001,-0.199781044509319,-0.06345601274127821,-1.4509719213556365,-0.6898832748276678,-0.9352914534678972,-0.42704952581664957,-0.2405163329820863,-0.9459185107130317,-0.41018616087109283,0.10080786793115548,0.10271238595115935,-0.0,-0.0,0.0,16-18,Father-Son,3.4221428571428567,3.6607142857142856,0.35714285714285715,0,1
F1637,9,C3,Central,59,0,Rural,2,Female,2,Female,49,22.2,3,2.55,3.16,2.94,2.79,2,2,3,2,4,3,2.67,2,2,2,2,3,2.2,2,1,3,2,1,1.8,2.2,3,4,4,4,3,4,3.67,2,2,2,1,2,1.8,2,4,3,3,3,3.0,2.52,4,5,4,4,4.25,-0.8034788120978842,-1.513715358386781,-1.0250492027335814,-1.7754557228961183,0.5981920667413537,-1.6660381301133775,0.4798892861648304,-0.7321320609875264,0.4231944579200692,-1.047648146577475,-1.2260534416825049,-1.0692279468435772,-1.089599547889284,-1.3170495258166492,0.5094836670179137,-0.7759185107130318,-2.0101861608710925,-1.0991921320688445,-0.6710152220572708,-0.0,0.0,-0.0,19-22,Mother-Daughter,3.4848000000000003,3.6,0.56,1,0
F1638,7,C1,Central,44,0,Rural,1,Male,2,Female,41,13.8,1,3.18,3.06,3.55,3.41,3,3,2,2,3,1,2.33,2,1,2,3,2,2.0,2,2,2,2,2,2.0,2.36,2,3,3,2,2,2,2.33,3,3,2,3,2,2.6,1,1,1,1,1,1.0,1.99,3,3,3,2,2.75,-1.1555554700735249,-1.6643198534183088,-0.8385396430619187,-1.559766859193566,-0.8853323472358098,-0.9898132227558145,-1.576160070812254,-1.3562578600670263,-0.8227565469387071,-0.543549736563813,-1.3867094985918846,-0.24279848280891803,-0.02658823076417361,-1.1570495258166495,-0.9905163329820863,-1.1159185107130316,-2.2101861608710927,-0.8991921320688445,1.1460764533905694,-0.0,-0.0,0.0,12-15,Father-Daughter,3.2842105263157895,3.8552631578947367,0.5263157894736842,1,0
F1640,14,W2,Western,98,0,Rural,2,Female,1,Male,45,13.6,1,2.24,3.58,3.19,3.23,3,3,4,3,3,4,3.33,2,2,1,1,1,1.4,2,2,2,2,1,1.8,2.33,2,2,2,2,3,2,2.17,2,3,2,1,2,2.0,2,1,1,1,1,1.2,1.99,2,3,3,3,2.75,-0.12003588779222847,-2.116133338512892,-1.0250492027335814,-1.6002085211377945,-1.0624695906957697,-1.4969819032739868,-1.3705551351145455,-1.3562578600670263,-0.8227565469387071,-1.295696570552451,-0.5512980026631109,-0.7305273468293726,-0.3352044196069478,-1.1870495258166494,-0.9905163329820863,-0.11591851071303161,-2.8101861608710927,-1.0991921320688445,1.175791943380032,-0.0,-0.0,0.0,12-15,Mother-Son,3.403461538461538,3.8173076923076925,0.46153846153846156,0,1
F1641,6,E6,Eastern,38,0,Rural,2,Female,1,Male,45,19.2,4,5.63,3.36,3.5,2.51,4,5,5,5,5,5,4.83,2,1,1,2,2,1.6,5,3,3,3,4,3.6,3.58,3,2,4,4,3,3,3.17,2,2,1,2,2,1.8,3,2,3,2,3,2.6,2.43,1,3,3,3,2.5,1.433243485629716,-1.9655288434813643,0.6535368343113829,0.08486072653839863,0.04463818092897921,-1.6660381301133775,0.06867941476941361,-0.8381156872463091,-1.0304150477485032,1.4168329690448715,-0.9047413278637463,-0.3105386028117587,-1.5696691749780438,0.06295047418335065,-1.2405163329820863,1.3840814892869684,-2.6101861608710926,0.7008078679311556,-0.07809109139341364,0.0,-0.0,-0.0,19-22,Mother-Son,3.5205263157894735,3.8026315789473686,0.42105263157894735,0,0
F1643,4,E4,Eastern,22,0,Rural,1,Male,1,Male,44,18.5,1,3.61,3.42,2.84,2.72,1,2,1,2,3,2,1.83,2,2,3,1,1,1.8,4,3,4,4,4,3.8,2.44,3,2,3,3,2,1,2.33,2,2,2,1,2,1.8,2,3,2,2,4,2.6,2.28,4,3,3,5,3.75,-1.673315261214173,-1.8149243484498367,0.8400463939830453,-1.4519224273422897,-0.8853323472358098,-1.6660381301133775,0.06867941476941361,-1.0147550643442813,0.007877456300477073,-0.19948256782432974,-0.8083476937181184,-1.2047081868492593,-1.2096169546614735,-1.0770495258166495,0.0094836670179137,-1.6159185107130316,-2.410186160871093,0.9008078679311553,-0.010214379064646948,-0.0,0.0,-0.0,16-18,Father-Son,3.5074193548387096,3.4919354838709675,0.45161290322580644,0,0
F1644,17,W5,Western,115,0,Rural,1,Male,1,Male,41,17.6,4,5.08,3.3,3.31,3.44,3,3,4,3,3,3,3.17,4,5,4,4,4,4.2,1,2,1,2,2,1.6,3.14,2,3,3,3,3,4,3.0,3,2,3,2,3,2.6,3,3,3,2,3,2.8,2.76,5,5,4,4,4.5,-0.285719020957236,-0.0076704080715039435,-1.2115587624052442,-0.5082836486436213,-0.14357014024722803,-0.9898132227558145,0.2742843504671218,-0.4495090576307719,0.6308529587298652,0.9767470555408813,-1.0011349620093741,-0.5679510588225543,0.024847800709621705,-0.3770495258166493,0.7594836670179137,-0.27591851071303175,-0.010186160871092476,-1.2991921320688444,-0.2863629565145943,-0.0,0.0,-0.0,16-18,Father-Son,3.5508333333333333,3.8125,0.6666666666666666,0,1
F1645,8,C2,Central,56,0,Rural,2,Female,1,Male,45,18.6,2,2.3,3.71,3.28,4.03,3,3,3,3,3,2,2.83,3,3,2,2,2,2.4,3,4,4,3,4,3.6,2.85,1,2,2,2,2,2,1.83,2,2,1,3,2,2.0,1,1,2,2,2,1.6,1.89,1,2,1,1,1.25,-0.6377956789328766,-1.3631108633552536,0.6535368343113829,-0.8992197141044981,-1.4388862330481842,-1.4969819032739868,-0.9593452637191285,-1.4740174447990075,-2.0687075517974836,-1.247687198170198,-0.34244512868091764,-0.6085951308242591,1.0364230863609367,-0.6670495258166493,-2.4905163329820863,-0.6159185107130316,-1.8101861608710927,0.7008078679311556,1.661297738954321,-0.0,-0.0,0.0,16-18,Mother-Son,3.631,4.083333333333333,0.4666666666666667,1,0
F1647,17,W5,Western,113,0,Rural,2,Female,1,Male,43,13.5,2,4.21,3.5,3.33,3.99,3,2,2,3,3,2,2.5,5,5,5,5,6,5.2,4,4,3,4,5,4.0,4.01,3,3,2,3,2,2,2.5,6,6,6,5,6,5.8,4,3,3,3,4,3.4,4.07,6,5,4,5,5.0,-0.9795171410857045,0.7453520670861346,1.0265559536547082,0.6645245477390087,-0.6971240260596026,1.7150864066744367,0.8910991575602472,1.0931415023581814,1.0461699603494574,0.28061115599820535,-0.6798228481906147,-0.5408550108214178,0.9678417110625425,0.49295047418335036,1.2594836670179137,-0.9459185107130317,0.9898138391289075,1.1008078679311555,0.6208630708826655,0.0,0.0,0.0,12-15,Mother-Son,3.815909090909091,3.8863636363636362,0.6818181818181818,0,1
F1653,10,C4,Central,69,0,Rural,2,Female,1,Male,41,14.9,2,3.17,4.3,2.82,2.9,3,3,3,4,4,4,3.5,3,3,3,3,3,3.0,1,2,1,1,2,1.4,2.76,2,3,3,3,3,3,2.83,3,1,2,2,2,2.0,1,3,1,2,2,1.8,1.98,4,3,4,4,3.75,0.05600244119559184,-0.9112973782606704,-1.398068322076907,-1.0205446999371843,-0.33177846142343526,-1.4969819032739868,-0.7537403280214202,-1.3680338185402243,0.007877456300477073,-0.5515512986275221,0.6054256070844215,-1.2318042348503957,-0.9010007658187,-0.7570495258166496,0.0094836670179137,0.05408148928696832,-1.2101861608710927,-1.4991921320688446,-0.007179605618914566,-0.0,0.0,-0.0,12-15,Mother-Son,3.4778260869565214,4.086956521739131,0.5652173913043478,1,0
F1654,15,W3,Western,101,0,Rural,2,Female,2,Female,40,18.3,1,4.78,4.09,3.37,3.1,3,4,3,3,4,4,3.5,4,5,5,4,5,4.6,3,2,1,2,2,2.0,3.17,3,3,3,4,5,4,3.67,4,3,3,4,2,3.2,1,1,1,1,1,1.0,2.48,2,3,3,3,2.75,0.05600244119559184,0.2935385819915511,-0.8385396430619187,-0.46784198669939286,0.5981920667413537,-0.4826445422376423,-1.576160070812254,-0.7792358948803189,-0.8227565469387071,0.7367001936296138,0.2680478875747245,-0.48666291481914503,-0.5580938893267288,-0.3470495258166495,-0.9905163329820863,0.05408148928696832,0.389813839128907,-0.8991921320688445,0.3437582236750795,-0.0,-0.0,0.0,16-18,Mother-Daughter,3.8754166666666667,3.6354166666666665,0.5416666666666666,0,1
F1655,15,W3,Western,105,0,Rural,2,Female,2,Female,42,17.9,3,3.72,3.95,4.18,3.72,3,2,3,2,3,3,2.67,5,5,4,5,5,4.8,1,2,1,2,2,1.6,2.93,2,2,2,2,2,2,2.0,3,2,3,3,3,2.8,1,1,1,1,1,1.0,1.67,1,2,2,1,1.5,-0.8034788120978842,0.4441430770230789,-1.2115587624052442,-0.7913752822532216,-1.250677911871977,-0.820756995916424,-1.576160070812254,-1.733088531209366,-1.8610490509876876,-0.11146538512353141,0.04312940790159361,0.6107270292268776,0.5049174277983816,-0.5870495258166493,-2.2405163329820863,-0.7759185107130318,0.5898138391289072,-1.2991921320688444,1.3152940508615916,-0.0,-0.0,0.0,16-18,Mother-Daughter,3.337037037037037,3.1203703703703702,0.5555555555555556,0,1
F1661,6,E6,Eastern,36,0,Rural,2,Female,2,Female,44,17.9,5,2.75,3.73,2.59,3.07,1,2,2,4,4,2,2.5,3,3,3,3,2,2.8,3,4,2,3,3,3.0,2.6,1,2,2,1,1,2,1.5,2,3,3,3,3,2.8,3,4,2,3,3,3.0,2.52,3,4,4,4,3.75,-0.9795171410857045,-1.061901873292198,0.09400815529639468,-1.2362335636397368,-1.8042317976843516,-0.820756995916424,0.4798892861648304,-0.7321320609875264,0.007877456300477073,-0.8876169053032965,-0.31031391729904173,-1.543408786863464,-0.6095299208005248,-0.9170495258166493,0.0094836670179137,-0.9459185107130317,-1.4101861608710928,0.10080786793115548,-0.008696992341780755,-0.0,0.0,-0.0,16-18,Mother-Daughter,3.4104347826086956,3.967391304347826,0.4782608695652174,0,0
F1662,16,W4,Western,110,0,Rural,1,Male,2,Female,42,17.0,3,3.31,3.88,3.51,2.65,3,3,2,1,2,3,2.33,6,6,7,6,6,6.2,3,4,3,4,5,3.8,4.47,2,3,2,3,3,2,2.5,5,6,5,5,5,5.2,2,2,2,2,2,2.0,3.11,3,3,3,4,3.25,-1.1555554700735249,1.498374542243773,0.8400463939830453,1.2846300308838476,-0.6971240260596026,1.2079177261562648,-0.5481353923237118,-0.03735051106883788,-0.4074395453191151,-0.4395294297355971,-0.06932983193497254,-0.29699057881119084,-1.3296343614336639,0.9529504741833503,-0.4905163329820863,-1.1159185107130316,1.9898138391289075,0.9008078679311553,-0.4674377721099573,0.0,-0.0,-0.0,16-18,Father-Daughter,3.667333333333333,3.941666666666667,0.5333333333333333,0,1
F1664,15,W3,Western,99,0,Rural,2,Female,1,Male,47,16.8,1,2.58,4.43,3.47,4.21,2,3,2,4,2,3,2.67,6,7,5,6,6,6.0,3,1,3,4,2,2.6,3.94,1,2,2,2,2,2,1.83,5,5,5,5,6,5.2,2,1,2,1,1,1.4,2.99,4,4,3,3,3.5,-0.8034788120978842,1.3477700472122454,-0.27901096404693065,0.570160669869142,-1.4388862330481842,1.2079177261562648,-1.1649501994168372,-0.17866201274721483,-0.199781044509319,-1.023643460386348,0.8142784810666147,-0.35118267481346305,1.3450392752037101,0.4229504741833505,-0.2405163329820863,-0.7759185107130318,1.7898138391289073,-0.29919213206884443,-0.10172649708361403,0.0,-0.0,-0.0,16-18,Mother-Son,3.5144,3.74,0.44,0,1
F1665,15,W3,Western,100,0,Rural,2,Female,2,Female,41,16.8,3,3.36,3.4,3.73,3.01,5,3,4,4,3,4,3.83,1,1,2,2,2,1.6,2,2,3,3,2,2.4,2.69,4,3,3,4,4,4,3.67,4,2,2,2,2,2.4,2,2,2,2,1,1.8,2.5,3,3,3,3,3.0,0.3977239033484197,-1.9655288434813643,-0.4655205237185935,-1.114908577807051,0.5981920667413537,-1.1588694495952054,-0.7537403280214202,-0.7556839779339226,-0.6150980461289112,-0.39952161941705266,-0.8404789050999943,0.0010659492013095657,-0.7124019837481163,-0.8270495258166495,-0.7405163329820863,0.3840814892869684,-2.6101861608710926,-0.4991921320688446,0.6124436820523186,-0.0,-0.0,0.0,16-18,Mother-Daughter,3.563333333333333,3.5925925925925926,0.6296296296296297,0,1
F1666,14,W2,Western,92,0,Rural,2,Female,2,Female,41,16.6,3,1.67,4.35,3.7,3.77,3,3,4,2,3,4,3.17,1,1,3,2,3,2.0,5,3,4,3,4,3.8,3.13,4,3,3,4,3,4,3.5,4,3,3,3,4,3.4,3,3,4,4,4,3.6,3.56,6,4,5,6,5.25,-0.285719020957236,-1.6643198534183088,0.8400463939830453,-0.5217642026250311,0.40998374556514644,-0.3135883153982518,1.0967040932579557,0.4925676202250774,1.2538284611592534,-1.7517856081838596,0.685753635539111,-0.03957812280039473,0.590644146921374,-0.38704952581664953,1.5094836670179137,-0.27591851071303175,-2.2101861608710927,0.9008078679311553,-0.5842449375472608,-0.0,0.0,-0.0,16-18,Mother-Daughter,3.7422222222222223,3.8055555555555554,0.5555555555555556,0,1
F1667,17,W5,Western,119,0,Rural,1,Male,2,Female,48,17.2,2,1.0,3.37,2.99,3.4,1,1,2,1,1,2,1.33,5,4,4,3,4,4.0,3,2,2,3,2,2.4,2.57,1,2,1,2,1,1,1.33,1,3,2,3,2,2.2,2,2,2,3,3,2.4,2.08,4,4,4,4,4.0,-2.191075052354821,-0.15827490310303177,-0.4655205237185935,-1.2766752255839657,-1.9924401188605587,-1.327925676434596,-0.13692552092829502,-1.250274233808243,0.21553595711027312,-2.287890266452357,-0.8886757221728079,-1.001487826840736,-0.043733574588772556,-0.9470495258166496,0.2594836670179137,-2.1159185107130316,-0.21018616087109265,-0.4991921320688446,-0.24574388380648057,-0.0,0.0,-0.0,16-18,Father-Daughter,3.413529411764706,3.7794117647058822,0.5294117647058824,0,1
F1670,10,C4,Central,69,0,Rural,2,Female,1,Male,44,18.4,3,1.79,4.3,2.82,2.9,2,3,4,3,3,3,3.0,3,1,1,2,2,1.8,3,3,3,3,4,3.2,2.59,3,3,2,3,2,3,2.67,4,3,4,3,2,3.2,2,2,3,3,2,2.4,2.79,4,4,3,4,3.75,-0.46175734994505635,-1.8149243484498367,0.28051771496805755,-1.2497141176211466,-0.5089157048833953,-0.4826445422376423,-0.13692552092829502,-0.4141811822111773,0.007877456300477073,-1.6557668634193525,0.6054256070844215,-1.2318042348503957,-0.9010007658187,-0.9270495258166496,0.0094836670179137,-0.4459185107130317,-2.410186160871093,0.30080786793115566,-0.008791829011959894,-0.0,0.0,-0.0,16-18,Mother-Son,3.4778260869565214,4.086956521739131,0.5652173913043478,1,0
F1671,13,W1,Western,91,0,Rural,2,Female,2,Female,40,16.1,4,2.76,2.71,3.17,3.01,2,3,1,3,2,2,2.17,3,3,3,3,3,3.0,1,1,1,1,2,1.2,1.93,4,3,2,3,3,3,3.0,3,2,2,2,3,2.4,1,1,2,1,2,1.4,2.49,5,3,4,4,4.0,-1.3212386032385324,-0.9112973782606704,-1.5845778817485696,-2.1394306803941765,-0.14357014024722803,-1.1588694495952054,-1.1649501994168372,-0.7674599364071204,0.21553595711027312,-0.8796153432395878,-1.9490056977747132,-0.757623394830509,-0.7124019837481163,-1.5870495258166495,0.2594836670179137,-1.2759185107130318,-1.2101861608710927,-1.6991921320688446,-0.4118134306979453,-0.0,0.0,-0.0,16-18,Mother-Daughter,3.4524,3.26,0.64,0,1
F1673,4,E4,Eastern,22,0,Rural,2,Female,2,Female,40,14.5,5,1.0,3.42,2.84,2.72,3,2,2,1,2,2,2.0,3,2,3,3,2,2.6,2,1,2,1,1,1.4,2.19,2,2,3,3,2,1,2.17,5,4,4,4,4,4.2,1,2,2,1,2,1.6,2.81,4,4,4,4,4.0,-1.4972769322263526,-1.2125063683237256,-1.398068322076907,-1.7889362768775283,-1.0624695906957697,0.3626365919593113,-0.9593452637191285,-0.39062926526478103,0.21553595711027312,-2.287890266452357,-0.8083476937181184,-1.2047081868492593,-1.2096169546614735,-1.3270495258166495,0.2594836670179137,-1.4459185107130317,-1.6101861608710926,-1.4991921320688446,-0.34434767727328774,-0.0,0.0,-0.0,12-15,Mother-Daughter,3.5074193548387096,3.4919354838709675,0.45161290322580644,0,0
F1674,15,W3,Western,103,0,Rural,2,Female,1,Male,42,16.1,4,3.83,4.29,3.35,3.23,1,1,2,2,1,1,1.33,3,4,4,2,3,3.2,3,3,3,3,3,3.0,2.64,3,4,2,2,2,2,2.5,1,2,2,2,2,1.8,1,1,1,2,2,1.4,1.68,2,2,2,1,1.75,-2.191075052354821,-0.7606928832291425,0.09400815529639468,-1.1823113477140985,-0.6971240260596026,-1.6660381301133775,-1.1649501994168372,-1.7213125727361678,-1.6533905501778914,-0.023448202422733412,0.5893600013934839,-0.5137589628202814,-0.3352044196069478,-0.8770495258166493,-1.9905163329820863,-2.1159185107130316,-1.0101861608710925,0.10080786793115548,1.7457814059722343,-0.0,-0.0,0.0,16-18,Mother-Son,3.6488888888888886,3.537037037037037,0.6666666666666666,0,1
F1675,14,W2,Western,97,0,Rural,2,Female,1,Male,50,16.9,2,1.86,2.53,3.33,2.43,4,4,4,4,4,3,3.83,4,4,3,3,4,3.6,3,3,3,2,4,3.0,3.32,4,3,3,2,4,3,3.17,4,4,4,4,4,4.0,2,1,2,1,2,1.6,2.95,3,2,3,3,2.75,0.3977239033484197,-0.4594838931660871,0.09400815529639468,-0.26563367697824986,0.04463818092897921,0.1935803651199204,-0.9593452637191285,-0.22576584664000732,-0.8227565469387071,-1.59975592897339,-2.2381866002115967,-0.5408550108214178,-1.7068319255748314,-0.19704952581664958,-0.9905163329820863,0.3840814892869684,-0.6101861608710926,0.10080786793115548,0.19518077372776668,-0.0,-0.0,0.0,16-18,Mother-Son,3.580769230769231,3.9423076923076925,0.6153846153846154,0,1
F1677,5,E5,Eastern,33,0,Rural,1,Male,1,Male,53,25.8,2,2.32,2.98,3.33,2.77,3,4,3,4,5,4,3.83,2,3,2,4,3,2.8,1,1,1,1,1,1.0,2.71,2,3,3,2,1,2,2.17,3,4,4,2,4,3.4,1,1,2,2,1,1.4,2.25,3,4,3,5,3.75,0.3977239033484197,-1.061901873292198,-1.7710874414202322,-1.087947469844232,-1.0624695906957697,-0.3135883153982518,-1.1649501994168372,-1.0500829397638753,0.007877456300477073,-1.2316840740427801,-1.5152343441193883,-0.5408550108214178,-1.123890235538481,-0.8070495258166495,0.0094836670179137,0.3840814892869684,-1.4101861608710928,-1.8991921320688445,-0.007653788969810249,-0.0,0.0,-0.0,23-25,Father-Son,3.4548275862068967,4.094827586206897,0.6206896551724138,0,0
F1678,14,W2,Western,97,0,Rural,2,Female,1,Male,52,22.1,3,1.0,2.53,3.33,2.43,4,4,3,4,4,4,3.83,2,3,3,3,4,3.0,6,5,5,5,5,5.2,3.73,3,2,3,4,3,4,3.17,4,3,3,3,3,3.2,1,1,3,2,3,2.0,2.72,3,3,3,3,3.0,0.3977239033484197,-0.9112973782606704,2.1456133116846843,0.28706903625954167,0.04463818092897921,-0.4826445422376423,-0.5481353923237118,-0.49661289152356386,-0.6150980461289112,-2.287890266452357,-2.2381866002115967,-0.5408550108214178,-1.7068319255748314,0.21295047418335056,-0.7405163329820863,0.3840814892869684,-1.2101861608710927,2.3008078679311557,-0.1576933042490512,0.0,-0.0,-0.0,19-22,Mother-Son,3.580769230769231,3.9423076923076925,0.6153846153846154,0,1
F1681,3,E3,Eastern,20,0,Rural,2,Female,1,Male,42,14.1,3,1.18,3.17,3.14,3.88,4,2,4,3,3,4,3.33,4,4,4,4,4,4.0,2,1,2,1,1,1.4,2.9,3,3,3,4,4,3,3.33,3,3,3,3,3,3.0,2,2,3,2,2,2.2,2.79,3,3,3,2,2.75,-0.12003588779222847,-0.15827490310303177,-1.398068322076907,-0.8318169441974507,0.2217754243889392,-0.6517007690770332,-0.3425304566260032,-0.4141811822111773,-0.8227565469387071,-2.1438621493055967,-1.2099878359915672,-0.7982674668322133,0.7792429289919578,-0.6170495258166495,-0.9905163329820863,-0.11591851071303161,-0.21018616087109265,-1.4991921320688446,0.6111976335802428,-0.0,-0.0,0.0,12-15,Mother-Son,3.286111111111111,3.8055555555555554,0.5,0,0
F1684,1,E1,Eastern,1,0,Rural,1,Male,2,Female,42,12.0,3,3.62,2.48,2.61,2.17,2,2,2,2,2,2,2.0,4,4,3,3,3,3.4,2,4,4,4,3,3.4,2.99,1,1,2,2,1,1,1.33,2,2,1,2,2,1.8,1,1,1,2,1,1.2,1.37,1,1,1,1,1.0,-1.4972769322263526,-0.610088388197615,0.46702727463972,-0.7104919583647643,-1.9924401188605587,-1.6660381301133775,-1.3705551351145455,-2.0863672854053092,-2.2763660526072798,-0.19148100576062063,-2.318514628666286,-1.5163127388623276,-2.152610865014394,-0.5270495258166492,-2.7405163329820863,-1.4459185107130317,-0.8101861608710927,0.5008078679311554,1.444387833790991,-0.0,-0.0,0.0,12-15,Father-Daughter,3.475909090909091,3.6363636363636362,0.4090909090909091,0,0
F1685,1,E1,Eastern,1,0,Rural,2,Female,1,Male,48,21.5,3,2.71,2.48,2.61,2.17,3,4,3,3,3,3,3.17,1,1,1,2,1,1.2,3,4,3,4,3,3.4,2.47,2,3,3,3,3,4,3.0,3,2,2,2,2,2.2,3,2,3,2,3,2.6,2.59,4,3,3,2,3.0,-0.285719020957236,-2.2667378335444197,0.46702727463972,-1.4114807653980606,-0.14357014024722803,-1.327925676434596,0.06867941476941361,-0.6497003516751397,-0.6150980461289112,-0.9196231535581322,-2.318514628666286,-1.5163127388623276,-2.152610865014394,-1.0470495258166492,-0.7405163329820863,-0.27591851071303175,-3.0101861608710925,0.5008078679311554,0.7753572753083774,-0.0,-0.0,0.0,19-22,Mother-Son,3.475909090909091,3.6363636363636362,0.4090909090909091,0,0
F1686,13,W1,Western,88,0,Rural,2,Female,2,Female,46,20.1,4,6.68,3.73,3.09,2.48,4,4,5,4,4,5,4.33,5,3,4,4,4,4.0,1,1,2,1,1,1.2,3.12,4,4,4,3,4,3,3.67,3,4,3,3,4,3.4,1,2,2,1,1,1.4,2.75,4,3,4,4,3.75,0.9154836944890679,-0.15827490310303177,-1.5845778817485696,-0.5352447566064403,0.5981920667413537,-0.3135883153982518,-1.1649501994168372,-0.46128501610396977,0.007877456300477073,2.2569969857343075,-0.31031391729904173,-0.8660075868350546,-1.621105206451839,-0.3970495258166493,0.0094836670179137,0.8840814892869684,-0.21018616087109265,-1.6991921320688446,-0.003765485492465631,-0.0,0.0,-0.0,19-22,Mother-Daughter,3.3708333333333336,3.8229166666666665,0.5833333333333334,0,1
F1690,5,E5,Eastern,33,0,Rural,1,Male,1,Male,35,14.0,1,2.74,2.98,3.33,2.77,2,2,1,2,2,2,1.83,5,5,5,5,5,5.0,3,2,2,1,2,2.0,2.98,3,2,3,2,1,3,2.33,4,4,3,4,4,3.8,3,2,2,3,3,2.6,2.64,3,4,2,4,3.25,-1.673315261214173,0.5947475720546067,-0.8385396430619187,-0.7239725123461742,-0.8853323472358098,0.02452413828052955,0.06867941476941361,-0.5908205593091489,-0.4074395453191151,-0.8956184673670052,-1.5152343441193883,-0.5408550108214178,-1.123890235538481,-0.5370495258166494,-0.4905163329820863,-1.6159185107130316,0.7898138391289073,-0.8991921320688445,0.26343156403335116,-0.0,-0.0,0.0,12-15,Father-Son,3.4548275862068967,4.094827586206897,0.6206896551724138,0,0
F1692,12,C6,Central,84,0,Rural,2,Female,2,Female,47,17.4,1,4.05,3.46,2.93,3.01,5,6,5,5,5,5,5.17,4,3,3,2,3,3.0,3,3,4,3,3,3.2,3.68,6,5,6,6,6,6,5.83,3,3,5,4,4,3.8,4,5,4,4,4,4.2,4.57,5,6,5,6,5.5,1.7853201436053567,-0.9112973782606704,0.28051771496805755,0.2196662663524942,2.989544853450812,0.02452413828052955,1.7135189003510811,1.6819394260180869,1.4614869619690496,0.15258616297886257,-0.7440852709543665,-1.0827759708441451,-0.7124019837481163,0.16295047418335074,1.7594836670179137,1.7240814892869682,-1.2101861608710927,0.30080786793115566,0.28670869785842984,0.0,0.0,0.0,16-18,Mother-Daughter,3.320909090909091,3.897727272727273,0.45454545454545453,1,0
F1693,14,W2,Western,95,0,Rural,1,Male,2,Female,48,22.7,2,2.01,4.22,3.12,4.17,3,3,3,3,4,3,3.17,5,7,5,6,5,5.6,3,3,2,3,3,2.8,3.78,2,2,2,3,1,1,1.83,3,4,4,4,3,3.6,2,1,2,2,2,1.8,2.47,3,3,2,2,2.5,-0.285719020957236,1.0465610571491897,-0.09250140437526819,0.3544718061665892,-1.4388862330481842,-0.14453208855886093,-0.7537403280214202,-0.7910118533535166,-1.0304150477485032,-1.4797324980177566,0.47690076155691774,-0.8253635148333497,1.2764578999053158,0.2629504741833504,-1.2405163329820863,-0.27591851071303175,1.389813839128907,-0.0991921320688447,-0.32619435798983054,0.0,-0.0,-0.0,19-22,Father-Daughter,3.0213636363636365,3.159090909090909,0.45454545454545453,0,1
F1695,17,W5,Western,118,0,Rural,2,Female,1,Male,37,12.5,1,3.36,3.02,3.22,2.88,5,4,4,3,5,4,4.17,4,5,5,5,5,4.8,2,1,2,2,1,1.6,3.38,4,4,4,3,4,2,3.5,4,4,4,5,4,4.2,2,1,2,2,3,2.0,2.91,5,5,4,5,4.75,0.7498005613240603,0.4441430770230789,-1.2115587624052442,-0.1847503530897925,0.40998374556514644,0.3626365919593113,-0.5481353923237118,-0.2728696805327998,0.8385114595396613,-0.39952161941705266,-1.4509719213556365,-0.6898832748276678,-0.9352914534678972,-0.13704952581664953,1.0094836670179137,0.7240814892869682,0.5898138391289072,-1.2991921320688444,-0.1383492578844576,-0.0,0.0,-0.0,12-15,Mother-Son,3.4221428571428567,3.6607142857142856,0.35714285714285715,0,1
F1698,1,E1,Eastern,3,0,Rural,1,Male,2,Female,48,19.2,1,3.99,3.9,3.63,2.24,3,2,4,3,3,1,2.67,4,3,3,4,2,3.2,4,3,4,3,3,3.4,3.27,3,3,2,2,2,2,2.33,2,3,2,2,1,2.0,3,3,2,2,2,2.4,2.61,3,4,4,4,3.75,-0.8034788120978842,-0.7606928832291425,0.46702727463972,-0.3330364468852973,-0.8853323472358098,-1.4969819032739868,-0.13692552092829502,-0.6261484347287435,0.007877456300477073,0.10457679059660938,-0.0371986205530966,-0.13441429080437242,-2.032593458242204,-0.2470495258166494,0.0094836670179137,-0.7759185107130318,-1.0101861608710925,0.5008078679311554,-0.002342935439778577,-0.0,0.0,-0.0,19-22,Father-Daughter,3.718571428571429,3.3333333333333335,0.5238095238095238,0,0
F1700,16,W4,Western,110,0,Rural,2,Female,2,Female,55,25.4,2,4.21,3.88,3.51,2.65,5,5,5,5,6,5,5.17,6,4,5,5,5,5.0,3,3,3,3,3,3.0,4.51,3,2,3,3,2,3,2.67,2,3,3,3,2,2.6,2,2,2,1,2,1.8,2.52,3,3,2,3,2.75,1.7853201436053567,0.5947475720546067,0.09400815529639468,1.338552246809486,-0.5089157048833953,-0.9898132227558145,-0.7537403280214202,-0.7321320609875264,-0.8227565469387071,0.28061115599820535,-0.06932983193497254,-0.29699057881119084,-1.3296343614336639,0.9929504741833504,-0.9905163329820863,1.7240814892869682,0.7898138391289073,0.10080786793115548,-0.983533662520916,0.0,-0.0,-0.0,23-25,Mother-Daughter,3.667333333333333,3.941666666666667,0.5333333333333333,0,1
F1713,1,E1,Eastern,1,0,Rural,1,Male,2,Female,37,12.8,2,4.4,2.48,2.61,2.17,2,2,2,3,2,2,2.17,3,3,2,1,2,2.2,4,5,5,4,5,4.6,3.16,3,2,2,3,4,3,2.83,4,5,4,3,3,3.8,3,3,2,4,2,2.8,2.98,4,4,4,4,4.0,-1.3212386032385324,-1.513715358386781,1.5860846326696958,-0.48132254068080216,-0.33177846142343526,0.02452413828052955,0.2742843504671218,-0.1904379712204132,0.21553595711027312,0.4326408352086751,-2.318514628666286,-1.5163127388623276,-2.152610865014394,-0.3570495258166493,0.2594836670179137,-1.2759185107130318,-2.0101861608710925,1.7008078679311551,-0.0926485202659114,-0.0,0.0,-0.0,12-15,Father-Daughter,3.475909090909091,3.6363636363636362,0.4090909090909091,0,0
F1715,2,E2,Eastern,11,0,Rural,1,Male,2,Female,41,12.6,3,1.29,2.77,1.96,1.98,6,7,7,7,6,7,6.67,5,4,4,5,5,4.6,3,3,3,3,4,3.2,4.69,5,4,4,6,5,4,4.67,4,4,3,5,3,3.8,3,5,3,3,3,3.4,4.16,5,5,4,4,4.5,3.3385995170273013,0.2935385819915511,0.28051771496805755,1.5812022184748584,1.7052998383661027,0.02452413828052955,0.8910991575602472,1.1991251286169642,0.6308529587298652,-2.0558449666047984,-1.8526120636290855,-2.3969342988992595,-2.4783723976817664,1.172950474183351,0.7594836670179137,3.2240814892869682,0.389813839128907,0.30080786793115566,0.8908367273631721,0.0,0.0,0.0,12-15,Father-Daughter,3.622,3.9375,0.5,0,0
F1716,5,E5,Eastern,33,0,Rural,2,Female,1,Male,41,13.6,3,2.92,2.98,3.33,2.77,2,2,1,1,1,1,1.33,2,1,3,2,3,2.2,2,3,2,2,2,2.2,1.86,2,2,2,2,2,1,1.83,3,3,2,3,3,2.8,1,1,1,1,1,1.0,1.93,2,1,1,1,1.25,-2.191075052354821,-1.513715358386781,-0.6520300833902559,-2.233794558264043,-1.4388862330481842,-0.820756995916424,-1.576160070812254,-1.426913610906215,-2.0687075517974836,-0.751590350220245,-1.5152343441193883,-0.5408550108214178,-1.123890235538481,-1.6570495258166493,-2.4905163329820863,-2.1159185107130316,-2.0101861608710925,-0.6991921320688443,4.126908908606587,-0.0,-0.0,0.0,12-15,Mother-Son,3.4548275862068967,4.094827586206897,0.6206896551724138,0,0
F1717,12,C6,Central,80,0,Rural,1,Male,1,Male,46,20.7,3,4.95,4.09,3.92,3.52,4,5,5,4,5,4,4.5,4,4,5,5,5,4.6,3,2,3,2,4,2.8,4.1,4,3,3,3,3,3,3.17,3,3,3,2,3,2.8,1,1,2,1,1,1.2,2.36,3,3,3,3,3.0,1.091522023476888,0.2935385819915511,-0.09250140437526819,0.7858495335716944,0.04463818092897921,-0.820756995916424,-1.3705551351145455,-0.9205473965586963,-0.6150980461289112,0.8727267487126654,0.2680478875747245,0.2584784052121051,0.16201055130641023,0.5829504741833502,-0.7405163329820863,1.0540814892869683,0.389813839128907,-0.0991921320688447,-0.4316843474524229,0.0,-0.0,-0.0,19-22,Father-Son,3.4740625,3.40625,0.53125,1,0
F1718,12,C6,Central,80,0,Rural,2,Female,2,Female,38,13.0,2,5.55,4.09,3.92,3.52,4,4,4,5,4,4,4.17,3,2,2,2,3,2.4,2,2,1,2,1,1.6,2.59,3,2,3,3,3,3,2.83,1,2,2,3,2,2.0,1,1,1,1,1,1.0,1.75,3,1,2,3,2.25,0.7498005613240603,-1.3631108633552536,-1.2115587624052442,-1.2497141176211466,-0.33177846142343526,-1.4969819032739868,-1.576160070812254,-1.638880863423781,-1.2380735485582992,1.3528204725352002,0.2680478875747245,0.2584784052121051,0.16201055130641023,-0.9270495258166496,-1.4905163329820863,0.7240814892869682,-1.8101861608710927,-1.2991921320688444,1.3817824597130144,-0.0,-0.0,0.0,12-15,Mother-Daughter,3.4740625,3.40625,0.53125,1,0
F1721,9,C3,Central,60,0,Rural,2,Female,1,Male,54,25.3,2,1.66,3.55,2.66,3.38,1,2,2,2,3,2,2.0,5,5,5,5,4,4.8,2,3,3,2,2,2.4,3.14,3,2,3,3,3,3,2.83,4,4,4,5,5,4.4,3,3,3,2,3,2.8,3.59,6,5,5,6,5.5,-1.4972769322263526,0.4441430770230789,-0.4655205237185935,-0.5082836486436213,-0.33177846142343526,0.5316928187987021,0.2742843504671218,0.5278954956446714,1.4614869619690496,-1.7597871702475685,-0.5994948197359252,-1.4485726188594863,-0.07802426223796968,-0.3770495258166493,1.7594836670179137,-1.4459185107130317,0.5898138391289072,-0.4991921320688446,-0.6634124823312436,-0.0,0.0,-0.0,23-25,Mother-Son,3.2008333333333336,3.5104166666666665,0.2916666666666667,1,0
F1723,6,E6,Eastern,38,0,Rural,2,Female,1,Male,52,22.3,2,3.29,3.36,3.5,2.51,2,2,2,3,2,2,2.17,4,3,3,3,3,3.2,5,7,6,5,6,5.8,3.58,3,2,4,3,3,4,3.17,2,2,2,3,3,2.4,3,2,2,2,2,2.2,2.52,4,4,4,3,3.75,-1.3212386032385324,-0.7606928832291425,2.7051419906996723,0.08486072653839863,0.04463818092897921,-1.1588694495952054,-0.3425304566260032,-0.7321320609875264,0.007877456300477073,-0.45553255386301494,-0.9047413278637463,-0.3105386028117587,-1.5696691749780438,0.06295047418335065,0.0094836670179137,-1.2759185107130318,-1.0101861608710925,2.9008078679311553,0.0005970013357746703,0.0,0.0,0.0,19-22,Mother-Son,3.5205263157894735,3.8026315789473686,0.42105263157894735,0,0
F1724,8,C2,Central,50,0,Rural,1,Male,2,Female,45,20.5,2,3.38,4.16,2.96,2.84,4,5,3,3,3,4,3.67,2,2,3,2,2,2.2,2,2,2,2,2,2.0,2.58,3,3,3,3,2,2,2.67,3,2,2,3,3,2.6,2,2,1,2,2,1.8,2.15,4,3,3,3,3.25,0.23204077018341215,-1.513715358386781,-0.8385396430619187,-1.2631946716025557,-0.5089157048833953,-0.9898132227558145,-0.7537403280214202,-1.1678425244958566,-0.4074395453191151,-0.38351849528963483,0.3805071274112906,-1.0421318988424408,-1.0038728287662915,-0.9370495258166494,-0.4905163329820863,0.22408148928696825,-2.0101861608710925,-0.8991921320688445,0.45963809722618565,-0.0,-0.0,0.0,19-22,Father-Daughter,3.4087878787878787,3.984848484848485,0.5454545454545454,1,0
F1729,4,E4,Eastern,24,0,Rural,2,Female,2,Female,46,17.1,2,2.8,3.62,3.33,3.54,2,3,3,3,3,2,2.67,6,6,6,6,5,5.8,2,2,3,3,2,2.4,3.86,3,1,2,2,2,3,2.17,2,2,2,3,3,2.4,1,1,1,2,1,1.2,1.81,1,1,1,1,1.0,-0.8034788120978842,1.1971655521807174,-0.4655205237185935,0.46231623801786564,-1.0624695906957697,-1.1588694495952054,-1.3705551351145455,-1.5682251125845923,-2.2763660526072798,-0.8476090949847521,-0.48703557989935903,-0.5408550108214178,0.19630123895560736,0.34295047418335045,-2.7405163329820863,-0.7759185107130318,1.5898138391289072,-0.4991921320688446,-0.9398613759034232,0.0,-0.0,-0.0,16-18,Mother-Daughter,3.5157692307692305,3.4615384615384617,0.4230769230769231,0,0
F1731,11,C5,Central,71,0,Rural,2,Female,2,Female,47,20.1,2,4.07,3.96,2.82,4.02,4,4,3,4,4,4,3.83,2,3,2,2,2,2.2,2,2,2,2,2,2.0,2.89,4,3,4,4,3,3,3.5,3,3,3,2,1,2.4,1,1,1,1,1,1.0,2.44,2,3,2,2,2.25,0.3977239033484197,-1.513715358386781,-0.8385396430619187,-0.8452974981788599,0.40998374556514644,-1.1588694495952054,-1.576160070812254,-0.8263397287731113,-1.2380735485582992,0.16858928710628077,0.05919501359253122,-1.2318042348503957,1.019277742536337,-0.6270495258166493,-1.4905163329820863,0.3840814892869684,-2.0101861608710925,-0.8991921320688445,0.9346275598183882,-0.0,-0.0,0.0,19-22,Mother-Daughter,3.4165217391304346,3.782608695652174,0.6086956521739131,1,0
F1732,16,W4,Western,112,0,Rural,2,Female,1,Male,49,21.0,3,2.94,3.61,3.08,3.45,2,2,1,2,1,1,1.5,5,6,6,5,6,5.6,1,1,2,1,1,1.2,2.64,1,1,1,2,1,1,1.17,4,4,4,4,4,4.0,1,3,2,1,1,1.6,2.47,5,4,4,3,4.0,-2.015036723367001,1.0465610571491897,-1.5845778817485696,-1.1823113477140985,-2.169577362320519,0.1935803651199204,-0.9593452637191285,-0.7910118533535166,0.21553595711027312,-0.7355872260928271,-0.5031011855902974,-0.8795556108356225,0.04199314453422065,-0.8770495258166493,0.2594836670179137,-1.9459185107130317,1.389813839128907,-1.6991921320688446,-0.22758002711522654,-0.0,0.0,-0.0,19-22,Mother-Son,3.465,3.9166666666666665,0.3333333333333333,0,1
F1733,14,W2,Western,95,0,Rural,2,Female,1,Male,46,16.7,4,1.32,4.22,3.12,4.17,2,2,1,2,1,2,1.67,4,5,4,4,5,4.4,4,3,3,3,3,3.2,2.97,2,2,2,2,2,3,2.17,5,4,4,5,5,4.6,5,3,4,4,4,4.0,3.31,5,4,4,4,4.25,-1.8389983943791806,0.1429340869600239,0.28051771496805755,-0.7374530663275835,-1.0624695906957697,0.7007490456380923,1.5079139646533726,0.19816865839512457,0.4231944579200692,-2.0318402804136713,0.47690076155691774,-0.8253635148333497,1.2764578999053158,-0.5470495258166492,0.5094836670179137,-1.7759185107130318,0.1898138391289077,0.30080786793115566,-0.2787127984534773,-0.0,0.0,-0.0,16-18,Mother-Son,3.0213636363636365,3.159090909090909,0.45454545454545453,0,1
F1735,6,E6,Eastern,40,0,Rural,2,Female,1,Male,47,23.7,2,5.55,3.83,3.11,3.21,4,5,5,3,4,5,4.33,4,3,3,3,3,3.2,3,5,3,4,3,3.6,3.59,2,2,2,3,2,1,2.0,4,4,4,3,5,4.0,2,2,2,2,2,2.0,2.87,3,4,5,4,4.0,0.9154836944890679,-0.7606928832291425,0.6535368343113829,0.0983412805198079,-1.250677911871977,0.1935803651199204,-0.5481353923237118,-0.3199735144255923,0.21553595711027312,1.3528204725352002,-0.14965786038966203,-0.8389115388339182,-0.36949510725614493,0.07295047418335043,0.2594836670179137,0.8840814892869684,-1.0101861608710925,0.7008078679311556,0.018929456551791412,0.0,0.0,0.0,23-25,Mother-Son,3.296190476190476,3.5714285714285716,0.3333333333333333,0,0
F1737,5,E5,Eastern,35,0,Rural,2,Female,2,Female,44,22.0,3,3.73,3.52,3.79,3.18,3,4,3,3,3,3,3.17,3,5,5,4,4,4.2,2,1,2,2,1,1.6,2.91,2,2,3,3,3,3,2.67,3,4,3,4,4,3.6,2,2,2,2,2,2.0,2.88,4,3,3,3,3.25,-0.285719020957236,-0.0076704080715039435,-1.2115587624052442,-0.8183363902160408,-0.5089157048833953,-0.14453208855886093,-0.5481353923237118,-0.30819755595239445,-0.4074395453191151,-0.10346382305982266,-0.6476916368087388,0.08235409320471876,-0.42093113872994026,-0.6070495258166493,-0.4905163329820863,-0.27591851071303175,-0.010186160871092476,-1.2991921320688444,0.2977677073420971,-0.0,-0.0,0.0,19-22,Mother-Daughter,3.447777777777778,3.6944444444444446,0.4444444444444444,0,0
F1743,11,C5,Central,71,0,Rural,2,Female,2,Female,45,13.8,3,1.78,3.96,2.82,4.02,4,4,4,2,4,4,3.67,1,1,1,1,2,1.2,2,3,3,2,1,2.2,2.35,4,3,3,4,3,4,3.5,3,3,3,3,3,3.0,2,3,3,2,3,2.6,2.99,3,3,3,2,2.75,0.23204077018341215,-2.2667378335444197,-0.6520300833902559,-1.5732474131749754,0.40998374556514644,-0.6517007690770332,0.06867941476941361,-0.17866201274721483,-0.8227565469387071,-1.6637684254830614,0.05919501359253122,-1.2318042348503957,1.019277742536337,-1.1670495258166493,-0.9905163329820863,0.22408148928696825,-3.0101861608710925,-0.6991921320688443,1.1559816167203902,-0.0,-0.0,0.0,12-15,Mother-Daughter,3.4165217391304346,3.782608695652174,0.6086956521739131,1,0
F1744,5,E5,Eastern,29,0,Rural,1,Male,1,Male,43,13.2,2,2.16,3.32,2.76,2.84,1,2,2,2,1,2,1.67,6,4,4,5,4,4.6,4,4,4,4,3,3.8,3.56,4,3,4,5,4,4,4.0,3,3,5,4,3,3.6,4,4,4,4,4,4.0,3.56,5,4,5,5,4.75,-1.8389983943791806,0.2935385819915511,0.8400463939830453,0.057899618575579515,0.9635376313775209,-0.14453208855886093,1.5079139646533726,0.4925676202250774,0.8385114595396613,-1.3597090670621226,-0.9690037506274981,-1.313092378853805,-1.0038728287662915,0.04295047418335063,1.0094836670179137,-1.7759185107130318,0.389813839128907,0.9008078679311553,0.04335780217876702,0.0,0.0,0.0,12-15,Father-Son,3.325,3.775,0.4,0,0
F1745,7,C1,Central,49,0,Rural,2,Female,2,Female,48,19.6,4,2.64,3.27,4.07,3.75,4,3,3,4,2,4,3.33,2,4,3,3,3,3.0,1,1,1,1,1,1.0,2.62,3,3,3,2,3,3,2.83,3,4,2,3,3,3.0,1,2,1,2,2,1.6,2.18,3,1,2,1,1.75,-0.12003588779222847,-0.9112973782606704,-1.7710874414202322,-1.2092724556769177,-0.33177846142343526,-0.6517007690770332,-0.9593452637191285,-1.1325146490762619,-1.6533905501778914,-0.9756340880040945,-1.0493317790821877,0.46169876522062836,0.5563534592721768,-0.8970495258166493,-1.9905163329820863,-0.11591851071303161,-1.2101861608710927,-1.8991921320688445,1.7855917326318762,-0.0,-0.0,0.0,19-22,Mother-Daughter,3.39,3.4711538461538463,0.4230769230769231,1,0
F1746,14,W2,Western,92,0,Rural,2,Female,1,Male,47,17.5,4,4.62,4.35,3.7,3.77,5,4,4,4,4,5,4.33,6,6,6,6,6,6.0,2,2,2,2,1,1.8,4.25,2,4,3,4,3,3,3.17,2,3,3,4,4,3.2,2,3,3,2,2,2.4,2.71,2,3,2,3,2.5,0.9154836944890679,1.3477700472122454,-1.0250492027335814,0.9880578432928381,0.04463818092897921,-0.4826445422376423,-0.13692552092829502,-0.5083888499967623,-1.0304150477485032,0.608675200610271,0.685753635539111,-0.03957812280039473,0.590644146921374,0.7329504741833506,-1.2405163329820863,0.8840814892869684,1.7898138391289073,-1.0991921320688445,-0.9092370344914114,0.0,-0.0,-0.0,16-18,Mother-Son,3.7422222222222223,3.8055555555555554,0.5555555555555556,0,1
F1747,1,E1,Eastern,4,0,Rural,2,Female,1,Male,39,14.9,1,1.91,3.37,2.16,3.35,4,4,4,5,4,3,4.0,1,1,1,1,1,1.0,2,2,2,1,2,1.8,2.17,3,2,3,2,2,2,2.33,3,2,3,2,2,2.4,1,1,1,2,2,1.4,2.06,2,3,3,2,2.5,0.57376223233624,-2.4173423285759474,-1.0250492027335814,-1.8158973848403472,-0.8853323472358098,-1.1588694495952054,-1.1649501994168372,-1.2738261507546393,-1.0304150477485032,-1.5597481186548456,-0.8886757221728079,-2.125973818887896,-0.129460293711765,-1.3470495258166495,-1.2405163329820863,0.5540814892869683,-3.2101861608710927,-1.0991921320688445,1.6710369381113281,-0.0,-0.0,0.0,12-15,Mother-Son,3.3230434782608693,3.5760869565217392,0.391304347826087,0,0
F1749,3,E3,Eastern,18,0,Rural,1,Male,1,Male,41,13.5,3,4.53,4.05,3.49,3.46,4,3,3,3,4,5,3.67,2,2,3,3,2,2.4,2,3,3,2,3,2.6,2.84,4,4,3,2,3,2,3.0,3,2,1,2,3,2.2,3,3,2,3,2,2.6,2.42,4,3,2,3,3.0,0.23204077018341215,-1.3631108633552536,-0.27901096404693065,-0.912700268085908,-0.14357014024722803,-1.327925676434596,0.06867941476941361,-0.8498916457195076,-0.6150980461289112,0.536661142036891,0.2037854648109726,-0.32408662681232664,0.05913848835881884,-0.6770495258166496,-0.7405163329820863,0.22408148928696825,-1.8101861608710927,-0.29919213206884443,0.5013662321050057,-0.0,-0.0,0.0,12-15,Father-Son,3.6612500000000003,3.71875,0.7083333333333334,0,0
F1751,16,W4,Western,110,0,Rural,2,Female,2,Female,40,15.5,2,2.38,3.88,3.51,2.65,2,2,2,1,1,2,1.67,5,6,5,6,6,5.6,2,3,4,3,3,3.0,3.23,1,2,1,1,1,2,1.33,4,3,3,3,3,3.2,1,1,1,2,1,1.2,2.06,3,3,3,3,3.0,-1.8389983943791806,1.0465610571491897,0.09400815529639468,-0.38695866281093555,-1.9924401188605587,-0.4826445422376423,-1.3705551351145455,-1.2738261507546393,-0.6150980461289112,-1.1836747016605265,-0.06932983193497254,-0.29699057881119084,-1.3296343614336639,-0.28704952581664944,-0.7405163329820863,-1.7759185107130318,1.389813839128907,0.10080786793115548,0.21256486224199195,-0.0,-0.0,0.0,12-15,Mother-Daughter,3.667333333333333,3.941666666666667,0.5333333333333333,0,1
F1753,3,E3,Eastern,21,0,Rural,2,Female,1,Male,51,17.8,2,5.19,4.0,4.15,3.16,6,5,5,5,6,6,5.5,2,1,1,1,1,1.2,3,3,3,4,3,3.2,3.19,3,5,4,4,4,4,4.0,3,3,3,2,2,2.6,3,2,2,3,3,2.6,3.11,6,4,5,6,5.25,2.1270416057581847,-2.2667378335444197,0.28051771496805755,-0.4408808787365738,0.9635376313775209,-0.9898132227558145,0.06867941476941361,-0.03735051106883788,1.2538284611592534,1.0647642382416795,0.1234574363562831,0.570082957225174,-0.4552218263791374,-0.3270495258166495,1.5094836670179137,2.0540814892869683,-3.0101861608710925,0.30080786793115566,-0.4936759175261859,-0.0,0.0,-0.0,16-18,Mother-Son,3.367142857142857,3.4107142857142856,0.6071428571428571,0,0
F1754,1,E1,Eastern,5,0,Rural,2,Female,1,Male,42,12.9,2,4.21,3.67,3.29,2.6,1,1,1,1,1,1,1.0,4,5,4,5,5,4.6,3,4,4,5,3,3.8,2.96,1,1,1,1,2,1,1.17,2,1,2,2,1,1.6,1,1,1,2,1,1.2,1.31,1,1,1,1,1.0,-2.532796514507649,0.2935385819915511,0.8400463939830453,-0.7509336203089932,-2.169577362320519,-1.8350943569527682,-1.3705551351145455,-2.1570230362444978,-2.2763660526072798,0.28061115599820535,-0.4067075514446695,-0.5950471068236907,-1.4153610805566563,-0.5570495258166495,-2.7405163329820863,-2.4459185107130317,0.389813839128907,0.9008078679311553,1.5266033237804542,-0.0,-0.0,0.0,12-15,Mother-Son,3.402727272727273,3.7954545454545454,0.6363636363636364,0,0
F1755,7,C1,Central,44,0,Rural,1,Male,1,Male,46,16.1,3,2.92,3.06,3.55,3.41,3,3,4,2,2,4,3.0,2,3,3,3,4,3.0,4,3,2,2,3,2.8,2.73,3,3,3,3,3,2,2.83,2,2,4,3,3,2.8,4,3,3,3,3,3.2,2.8,5,4,5,5,4.75,-0.46175734994505635,-0.9112973782606704,-0.09250140437526819,-1.0609863618814128,-0.33177846142343526,-0.820756995916424,0.685494221862539,-0.40240522373797943,0.8385114595396613,-0.751590350220245,-1.3867094985918846,-0.24279848280891803,-0.02658823076417361,-0.7870495258166494,1.0094836670179137,-0.4459185107130317,-1.2101861608710927,-0.0991921320688447,-0.7945136414461014,-0.0,0.0,-0.0,16-18,Father-Son,3.2842105263157895,3.8552631578947367,0.5263157894736842,1,0
F1757,8,C2,Central,55,0,Rural,1,Male,1,Male,44,19.1,3,2.78,2.83,3.56,2.69,2,3,3,3,3,2,2.67,4,6,5,5,4,4.8,1,1,2,1,1,1.2,2.7,4,2,2,3,3,2,2.67,3,3,4,4,3,3.4,2,3,2,2,2,2.2,2.97,5,5,6,6,5.5,-0.8034788120978842,0.4441430770230789,-1.5845778817485696,-1.101428023825641,-0.5089157048833953,-0.3135883153982518,-0.3425304566260032,-0.20221392969361107,1.4614869619690496,-0.8636122191121699,-1.7562184294834575,-0.22925045880834952,-1.2610529861352695,-0.8170495258166492,1.7594836670179137,-0.7759185107130318,0.5898138391289072,-1.6991921320688446,-1.4375852958191255,-0.0,0.0,-0.0,19-22,Father-Son,3.4669565217391303,4.0978260869565215,0.5217391304347826,1,0
F1758,8,C2,Central,53,0,Rural,2,Female,1,Male,46,19.8,2,3.64,2.95,2.41,3.09,3,2,1,2,2,2,2.0,4,4,5,5,5,4.6,4,4,3,3,3,3.4,3.59,3,3,3,3,3,2,2.83,3,2,2,3,2,2.4,3,2,3,4,2,2.8,2.67,2,3,3,3,2.75,-1.4972769322263526,0.2935385819915511,0.46702727463972,0.0983412805198079,-0.33177846142343526,-1.1588694495952054,0.2742843504671218,-0.5554926838895548,-0.8227565469387071,-0.1754778816332028,-1.5634311611922018,-1.787273218873691,-0.5752392331513277,0.07295047418335043,-0.9905163329820863,-1.4459185107130317,0.389813839128907,0.5008078679311554,-0.07225863617739663,0.0,-0.0,-0.0,19-22,Mother-Son,3.6231578947368424,3.8026315789473686,0.5789473684210527,1,0
F1759,3,E3,Eastern,15,0,Rural,2,Female,2,Female,46,18.7,3,4.16,4.68,4.44,3.04,3,2,3,3,3,4,3.0,2,1,1,2,1,1.4,1,1,2,1,2,1.4,2.08,3,2,2,3,3,2,2.5,1,1,2,2,2,1.6,2,3,1,1,2,1.8,2.02,2,4,3,3,3.0,-0.46175734994505635,-2.116133338512892,-1.398068322076907,-1.9372223706730332,-0.6971240260596026,-1.8350943569527682,-0.7537403280214202,-1.3209299846474318,-0.6150980461289112,0.2406033456796609,1.2159186233400636,0.9629756532416515,-0.6609659522743202,-1.4370495258166494,-0.7405163329820863,-0.4459185107130317,-2.8101861608710927,-1.4991921320688446,1.0641586451713911,-0.0,-0.0,0.0,16-18,Mother-Daughter,3.4895833333333335,3.5416666666666665,0.4166666666666667,0,0
F1765,18,W6,Western,126,0,Rural,2,Female,1,Male,45,20.3,1,3.73,4.33,3.87,2.65,2,3,4,3,3,3,3.0,3,3,2,2,2,2.4,3,3,3,2,3,2.8,2.74,1,1,1,1,1,1,1.0,3,1,2,3,3,2.4,1,1,1,2,1,1.2,1.53,1,1,1,1,1.0,-0.46175734994505635,-1.3631108633552536,-0.09250140437526819,-1.047505807900003,-2.357785683496726,-1.1588694495952054,-1.3705551351145455,-1.8979519498341395,-2.2763660526072798,-0.10346382305982266,0.6536224241572357,0.19073828520926436,-1.3296343614336639,-0.7770495258166492,-2.7405163329820863,-0.4459185107130317,-1.8101861608710927,-0.0991921320688447,2.1295169170365127,-0.0,-0.0,0.0,19-22,Mother-Son,3.7065217391304346,3.989130434782609,0.5652173913043478,0,1
F1770,16,W4,Western,111,0,Rural,2,Female,2,Female,50,20.4,3,3.68,3.08,2.11,2.9,2,2,2,2,3,2,2.17,4,5,5,4,4,4.4,2,3,3,2,3,2.6,3.17,3,3,3,3,3,3,3.0,6,6,6,5,5,5.6,5,4,3,4,3,3.8,3.96,6,6,6,5,5.75,-1.3212386032385324,0.1429340869600239,-0.27901096404693065,-0.46784198669939286,-0.14357014024722803,1.5460301798350458,1.302309028955664,0.9636059591530017,1.6691454627788456,-0.1434716333783671,-1.3545782872100087,-2.193713938890737,-0.9010007658187,-0.3470495258166495,2.0094836670179137,-1.2759185107130318,0.1898138391289077,-0.29919213206884443,-0.6973903537748689,-0.0,0.0,-0.0,19-22,Mother-Daughter,3.7265384615384614,4.144230769230769,0.7692307692307693,0,1
F1771,8,C2,Central,55,0,Rural,2,Female,2,Female,40,13.6,2,2.58,2.83,3.56,2.69,4,4,4,3,4,3,3.67,6,5,5,4,4,4.8,3,2,2,2,2,2.2,3.54,3,3,3,4,4,4,3.5,2,3,3,4,4,3.2,3,2,2,3,3,2.6,2.98,4,4,4,3,3.75,0.23204077018341215,0.4441430770230789,-0.6520300833902559,0.030938510612760404,0.40998374556514644,-0.4826445422376423,0.06867941476941361,-0.1904379712204132,0.007877456300477073,-1.023643460386348,-1.7562184294834575,-0.22925045880834952,-1.2610529861352695,0.02295047418335061,0.0094836670179137,0.22408148928696825,0.5898138391289072,-0.6991921320688443,0.00021765465505812204,0.0,0.0,0.0,12-15,Mother-Daughter,3.4669565217391303,4.0978260869565215,0.5217391304347826,1,0
F1775,17,W5,Western,114,0,Rural,2,Female,1,Male,43,17.2,3,2.63,4.42,3.87,3.41,5,2,4,4,3,3,3.5,4,5,4,4,4,4.2,4,3,4,4,3,3.6,3.71,1,2,1,2,2,1,1.5,5,4,5,3,4,4.2,1,1,1,2,2,1.4,2.42,2,1,3,2,2.0,0.05600244119559184,-0.0076704080715039435,0.6535368343113829,0.2601079282967226,-1.8042317976843516,0.3626365919593113,-1.1649501994168372,-0.8498916457195076,-1.4457320493680954,-0.9836356500678036,0.7982128753756771,0.19073828520926436,-0.02658823076417361,0.19295047418335054,-1.7405163329820863,0.05408148928696832,-0.010186160871092476,0.7008078679311556,-0.33583345177275997,0.0,-0.0,-0.0,16-18,Mother-Son,3.439090909090909,3.522727272727273,0.5909090909090909,0,1
F1776,7,C1,Central,46,0,Rural,2,Female,2,Female,47,22.3,4,3.32,3.01,2.63,2.93,3,4,4,5,3,3,3.67,3,4,3,4,5,3.8,5,3,4,5,4,4.2,3.86,3,4,3,3,4,3,3.33,3,4,3,3,3,3.2,3,3,3,3,2,2.8,3.15,5,5,5,4,4.75,0.23204077018341215,-0.3088793981345596,1.213065513326371,0.46231623801786564,0.2217754243889392,-0.4826445422376423,0.2742843504671218,0.009753322823954608,0.8385114595396613,-0.4315278676718884,-1.4670375270465748,-1.4892166908611912,-0.849564734344904,0.34295047418335045,1.0094836670179137,0.22408148928696825,-0.41018616087109283,1.3008078679311557,0.34620290228414097,0.0,0.0,0.0,19-22,Mother-Daughter,3.492,3.51,0.44,1,0
F1777,12,C6,Central,78,0,Rural,2,Female,1,Male,50,19.6,2,3.94,3.85,3.99,3.22,3,1,3,3,2,2,2.33,5,5,6,6,6,5.6,3,4,3,3,4,3.4,3.67,3,3,3,3,3,2,2.83,3,3,3,3,3,3.0,2,2,3,1,1,1.8,2.31,2,2,2,1,1.75,-1.1555554700735249,1.0465610571491897,0.46702727463972,0.20618571237108435,-0.33177846142343526,-0.6517007690770332,-0.7537403280214202,-0.9794271889246866,-1.6533905501778914,0.06456898027806457,-0.11752664900778609,0.35331457321608273,-0.352349763431546,0.1529504741833505,-1.9905163329820863,-1.1159185107130316,1.389813839128907,0.5008078679311554,-0.30445041699931413,0.0,-0.0,-0.0,19-22,Mother-Son,3.559473684210526,2.9078947368421053,0.3684210526315789,1,0
F1781,1,E1,Eastern,2,0,Rural,1,Male,2,Female,41,14.5,2,2.37,3.75,2.82,2.58,2,2,1,2,1,1,1.5,4,4,5,4,4,4.2,5,5,4,4,4,4.4,3.39,3,1,3,3,2,2,2.33,4,2,3,3,3,3.0,5,4,4,5,3,4.2,3.05,4,4,4,5,4.25,-2.015036723367001,-0.0076704080715039435,1.3995750729980339,-0.17126979910838264,-0.8853323472358098,-0.6517007690770332,1.7135189003510811,-0.10800626190802662,0.4231944579200692,-1.1916762637242353,-0.27818270591716576,-1.2318042348503957,-1.4496517682058534,-0.1270495258166493,0.5094836670179137,-1.9459185107130317,-0.010186160871092476,1.5008078679311558,-0.06472965830595358,-0.0,0.0,-0.0,12-15,Father-Daughter,3.7009999999999996,3.75,0.55,0,0
F1782,12,C6,Central,80,0,Rural,2,Female,2,Female,45,15.7,2,2.56,4.09,3.92,3.52,4,3,4,5,5,5,4.33,1,1,2,1,1,1.2,2,3,3,2,1,2.2,2.6,3,4,4,5,4,3,3.83,1,1,1,1,1,1.0,2,1,1,2,1,1.4,2.02,1,2,2,3,2.0,0.9154836944890679,-2.2667378335444197,-0.6520300833902559,-1.2362335636397368,0.7753293102013137,-2.3422630374709406,-1.1649501994168372,-1.3209299846474318,-1.4457320493680954,-1.039646584513766,0.2680478875747245,0.2584784052121051,0.16201055130641023,-0.9170495258166493,-1.7405163329820863,0.8840814892869684,-3.0101861608710925,-0.6991921320688443,1.5961396778373556,-0.0,-0.0,0.0,12-15,Mother-Daughter,3.4740625,3.40625,0.53125,1,0
F1785,12,C6,Central,82,0,Rural,2,Female,2,Female,35,12.5,2,2.87,3.02,3.37,3.47,1,2,2,3,1,2,1.83,3,3,3,3,3,3.0,2,1,1,2,2,1.6,2.18,2,2,2,4,4,3,2.83,3,2,3,2,4,2.8,4,2,3,2,2,2.6,2.6,5,5,5,5,5.0,-1.673315261214173,-0.9112973782606704,-1.2115587624052442,-1.8024168308589374,-0.33177846142343526,-0.820756995916424,0.06867941476941361,-0.6379243932019414,1.0461699603494574,-0.7915981605387894,-1.4509719213556365,-0.48666291481914503,0.07628383218341778,-1.3370495258166493,1.2594836670179137,-1.6159185107130316,-1.2101861608710927,-1.2991921320688444,-1.683992039760116,-0.0,0.0,-0.0,12-15,Mother-Daughter,3.6412,4.06,0.6,1,0
F1786,5,E5,Eastern,33,0,Rural,2,Female,1,Male,40,15.5,1,2.53,2.98,3.33,2.77,4,5,4,4,5,5,4.5,3,2,3,2,2,2.4,2,2,2,2,2,2.0,3.02,4,3,3,3,4,3,3.33,3,4,2,3,3,3.0,2,2,3,2,2,2.2,2.9,3,3,3,3,3.0,1.091522023476888,-1.3631108633552536,-0.8385396430619187,-0.6700502964205359,0.2217754243889392,-0.6517007690770332,-0.3425304566260032,-0.2846456390059982,-0.6150980461289112,-1.0636512707048928,-1.5152343441193883,-0.5408550108214178,-1.123890235538481,-0.4970495258166494,-0.7405163329820863,1.0540814892869683,-1.8101861608710927,-0.8991921320688445,0.36807329216823004,-0.0,-0.0,0.0,12-15,Mother-Son,3.4548275862068967,4.094827586206897,0.6206896551724138,0,0
F1788,10,C4,Central,66,0,Rural,2,Female,1,Male,47,19.2,2,3.69,4.29,4.3,3.24,4,2,5,3,4,4,3.67,4,5,4,5,5,4.6,1,3,2,1,1,1.6,3.33,4,4,3,3,2,4,3.33,5,4,4,5,5,4.6,4,3,4,4,3,3.6,3.6,6,5,5,5,5.25,0.23204077018341215,0.2935385819915511,-1.2115587624052442,-0.25215312299684,0.2217754243889392,0.7007490456380923,1.0967040932579557,0.5396714541178699,1.2538284611592534,-0.13547007131465835,0.5893600013934839,0.773303317233696,-0.3180590757823488,-0.18704952581664935,1.5094836670179137,0.22408148928696825,0.389813839128907,-1.2991921320688444,-0.2823482041436778,-0.0,0.0,-0.0,19-22,Mother-Son,3.546666666666667,3.425925925925926,0.4444444444444444,1,0
F1789,6,E6,Eastern,40,0,Rural,2,Female,2,Female,36,16.1,3,2.76,3.83,3.11,3.21,2,3,2,4,3,3,2.83,3,3,4,3,4,3.4,4,4,4,4,3,3.8,3.39,2,3,3,3,3,2,2.67,4,4,3,3,4,3.6,3,2,2,3,3,2.6,3.12,4,3,3,3,3.25,-0.6377956789328766,-0.610088388197615,0.8400463939830453,-0.17126979910838264,-0.5089157048833953,-0.14453208855886093,0.06867941476941361,-0.025574552595639496,-0.4074395453191151,-0.8796153432395878,-0.14965786038966203,-0.8389115388339182,-0.36949510725614493,-0.1270495258166493,-0.4905163329820863,-0.6159185107130316,-0.8101861608710927,0.9008078679311553,0.062319867510695716,-0.0,-0.0,0.0,16-18,Mother-Daughter,3.296190476190476,3.5714285714285716,0.3333333333333333,0,0
F1792,4,E4,Eastern,22,0,Rural,1,Male,2,Female,42,13.9,2,1.33,3.42,2.84,2.72,3,3,4,3,3,3,3.17,5,6,7,6,5,5.8,3,2,2,2,2,2.2,3.54,2,1,2,1,2,1,1.5,4,3,3,3,3,3.2,1,2,1,1,2,1.4,1.88,2,2,2,2,2.0,-0.285719020957236,1.1971655521807174,-0.6520300833902559,0.030938510612760404,-1.8042317976843516,-0.4826445422376423,-1.1649501994168372,-1.4857934032722055,-1.4457320493680954,-2.0238387183499627,-0.8083476937181184,-1.2047081868492593,-1.2096169546614735,0.02295047418335061,-1.7405163329820863,-0.27591851071303175,1.5898138391289072,-0.6991921320688443,-0.039945675165805446,0.0,-0.0,-0.0,12-15,Father-Daughter,3.5074193548387096,3.4919354838709675,0.45161290322580644,0,0
F1794,14,W2,Western,97,0,Rural,1,Male,1,Male,45,22.5,3,3.72,2.53,3.33,2.43,3,2,3,3,3,3,2.83,3,3,2,3,4,3.0,4,5,6,5,5,5.0,3.3,1,2,1,2,2,1,1.5,2,2,2,2,2,2.0,3,2,2,2,2,2.2,1.93,2,3,3,4,3.0,-0.6377956789328766,-0.9112973782606704,1.9591037520130217,-0.29259478494106894,-1.8042317976843516,-1.4969819032739868,-0.3425304566260032,-1.426913610906215,-0.6150980461289112,-0.11146538512353141,-2.2381866002115967,-0.5408550108214178,-1.7068319255748314,-0.2170495258166496,-0.7405163329820863,-0.6159185107130316,-1.2101861608710927,2.1008078679311555,0.16072871893324603,-0.0,-0.0,0.0,19-22,Father-Son,3.580769230769231,3.9423076923076925,0.6153846153846154,0,1
F1795,14,W2,Western,95,0,Rural,1,Male,1,Male,42,13.2,2,3.47,4.22,3.12,4.17,3,3,3,3,3,3,3.0,2,2,2,2,1,1.8,1,1,2,1,1,1.2,1.94,1,2,2,1,3,2,1.83,3,3,2,3,3,2.8,1,2,2,3,2,2.0,2.19,3,3,4,4,3.5,-0.46175734994505635,-1.8149243484498367,-1.5845778817485696,-2.125950126412767,-1.4388862330481842,-0.820756995916424,-0.5481353923237118,-1.120738690603064,-0.199781044509319,-0.31150443671625433,0.47690076155691774,-0.8253635148333497,1.2764578999053158,-1.5770495258166495,-0.2405163329820863,-0.4459185107130317,-2.410186160871093,-1.6991921320688446,0.37930616888055857,-0.0,-0.0,0.0,12-15,Father-Son,3.0213636363636365,3.159090909090909,0.45454545454545453,0,1
F1797,13,W1,Western,89,0,Rural,1,Male,2,Female,38,12.8,2,4.14,3.01,3.49,2.63,3,3,3,1,3,3,2.67,7,6,5,7,6,6.2,4,5,4,4,4,4.2,4.19,2,2,1,2,1,1,1.5,4,4,5,4,4,4.2,1,1,1,1,1,1.0,2.46,3,4,2,3,3.0,-0.8034788120978842,1.498374542243773,1.213065513326371,0.9071745194043813,-1.8042317976843516,0.3626365919593113,-1.576160070812254,-0.8027878118267151,-0.6150980461289112,0.2246002215522427,-1.4670375270465748,-0.32408662681232664,-1.363925049082861,0.672950474183351,-0.7405163329820863,-0.7759185107130318,1.9898138391289075,1.3008078679311557,-0.4983308174208112,0.0,-0.0,-0.0,12-15,Father-Daughter,3.5733333333333337,3.8425925925925926,0.6296296296296297,0,1
F1799,1,E1,Eastern,5,0,Rural,2,Female,2,Female,43,17.4,1,2.52,3.67,3.29,2.6,2,1,1,1,2,1,1.33,2,2,2,2,2,2.0,1,1,1,1,1,1.0,1.42,3,3,1,2,2,1,2.0,3,2,2,2,1,2.0,1,1,1,1,1,1.0,1.57,2,1,1,1,1.25,-2.191075052354821,-1.6643198534183088,-1.7710874414202322,-2.8269389334460633,-1.250677911871977,-1.4969819032739868,-1.576160070812254,-1.850848115941347,-2.0687075517974836,-1.0716528327686017,-0.4067075514446695,-0.5950471068236907,-1.4153610805566563,-2.0970495258166495,-2.4905163329820863,-2.1159185107130316,-2.2101861608710927,-1.8991921320688445,5.222736095118705,-0.0,-0.0,0.0,16-18,Mother-Daughter,3.402727272727273,3.7954545454545454,0.6363636363636364,0,0
F1801,6,E6,Eastern,37,0,Rural,2,Female,1,Male,43,16.1,4,2.68,3.39,3.05,2.85,3,5,4,3,5,4,4.0,3,2,3,3,2,2.6,5,5,5,5,5,5.0,3.81,3,3,4,2,3,4,3.17,1,1,1,1,1,1.0,3,3,2,3,2,2.6,2.64,4,4,5,2,3.75,0.57376223233624,-1.2125063683237256,1.9591037520130217,0.3949134681108181,0.04463818092897921,-2.3422630374709406,0.06867941476941361,-0.5908205593091489,0.007877456300477073,-0.9436278397492588,-0.856544510790932,-0.9201996828373274,-0.9867274849416925,0.29295047418335063,0.0094836670179137,0.5540814892869683,-1.6101861608710926,2.1008078679311555,0.002778244749894821,0.0,0.0,0.0,16-18,Mother-Son,3.7880000000000003,3.86,0.6,0,0
F1802,12,C6,Central,83,0,Rural,2,Female,2,Female,47,16.3,3,3.89,3.81,3.97,3.46,3,2,3,4,3,2,2.83,3,4,3,3,5,3.6,2,1,2,2,2,1.8,2.84,3,4,4,4,4,4,3.83,5,5,5,5,5,5.0,3,4,3,4,5,3.8,3.98,6,6,5,5,5.5,-0.6377956789328766,-0.4594838931660871,-1.0250492027335814,-0.912700268085908,0.7753293102013137,1.038861499316874,1.302309028955664,0.987157876099398,1.4614869619690496,0.02456116995952013,-0.18178907177153797,0.3262185252149464,0.05913848835881884,-0.6770495258166496,1.7594836670179137,-0.6159185107130316,-0.6101861608710926,-1.0991921320688445,-1.1912575824366183,-0.0,0.0,-0.0,16-18,Mother-Daughter,3.5046666666666666,3.9916666666666667,0.6666666666666666,1,0
F1805,8,C2,Central,51,0,Rural,2,Female,1,Male,44,17.3,2,2.23,3.39,2.03,3.12,4,4,5,5,4,4,4.33,4,4,5,5,4,4.4,2,2,2,1,2,1.8,3.66,2,3,3,3,3,3,2.83,2,2,2,2,2,2.0,1,1,1,1,1,1.0,2.08,2,1,1,1,1.25,0.9154836944890679,0.1429340869600239,-1.0250492027335814,0.19270515838967509,-0.33177846142343526,-1.4969819032739868,-1.576160070812254,-1.250274233808243,-2.0687075517974836,-1.3036981326161603,-0.856544510790932,-2.3020981308952826,-0.5238032016775316,0.14295047418335072,-2.4905163329820863,0.8840814892869684,0.1898138391289077,-1.0991921320688445,-0.35602049076116904,0.0,-0.0,-0.0,16-18,Mother-Son,3.409047619047619,3.5,0.42857142857142855,1,0
F1810,8,C2,Central,50,0,Rural,2,Female,2,Female,46,18.4,2,1.0,4.16,2.96,2.84,4,3,4,3,3,3,3.33,4,2,3,4,5,3.6,1,2,2,1,1,1.4,2.69,3,2,2,2,2,2,2.17,1,1,1,2,2,1.4,1,1,1,1,1,1.0,1.63,1,2,1,1,1.25,-0.12003588779222847,-0.4594838931660871,-1.398068322076907,-1.114908577807051,-1.0624695906957697,-2.004150583792159,-1.576160070812254,-1.7801923651021585,-2.0687075517974836,-2.287890266452357,0.3805071274112906,-1.0421318988424408,-1.0038728287662915,-0.8270495258166495,-2.4905163329820863,-0.11591851071303161,-0.6101861608710926,-1.4991921320688446,2.059780352231455,-0.0,-0.0,0.0,16-18,Mother-Daughter,3.4087878787878787,3.984848484848485,0.5454545454545454,1,0
F1811,9,C3,Central,60,0,Rural,1,Male,1,Male,51,17.6,2,5.88,3.55,2.66,3.38,4,5,5,4,4,3,4.17,3,3,3,3,2,2.8,5,5,4,5,4,4.6,3.69,3,3,2,4,3,2,2.83,1,3,3,2,2,2.2,1,2,2,1,1,1.4,2.07,2,3,2,2,2.25,0.7498005613240603,-1.061901873292198,1.5860846326696958,0.23314682033390347,-0.33177846142343526,-1.327925676434596,-1.1649501994168372,-1.2620501922814416,-1.2380735485582992,1.6168720206375944,-0.5994948197359252,-1.4485726188594863,-0.07802426223796968,0.17295047418335052,-1.4905163329820863,0.7240814892869682,-1.4101861608710928,1.7008078679311551,-0.2577855065672806,0.0,-0.0,-0.0,16-18,Father-Son,3.2008333333333336,3.5104166666666665,0.2916666666666667,1,0
F1812,8,C2,Central,52,0,Rural,2,Female,2,Female,41,17.3,2,2.83,3.34,2.96,2.87,5,4,4,4,5,4,4.33,2,3,3,3,4,3.0,3,2,4,3,3,3.0,3.45,3,2,4,3,3,2,2.83,3,4,4,4,4,3.8,2,1,2,2,2,1.8,2.92,3,4,4,2,3.25,0.9154836944890679,-0.9112973782606704,0.09400815529639468,-0.09038647521992531,-0.33177846142343526,0.02452413828052955,-0.7537403280214202,-0.26109372205960196,-0.4074395453191151,-0.8236044087936252,-0.9368725392456222,-1.0421318988424408,-0.9524367972924954,-0.06704952581664925,-0.4905163329820863,0.8840814892869684,-1.2101861608710927,0.10080786793115548,0.032888887531770515,-0.0,-0.0,0.0,16-18,Mother-Daughter,3.4015,3.575,0.5,1,0
F1813,12,C6,Central,81,0,Rural,2,Female,1,Male,39,13.1,2,2.53,2.58,3.33,2.75,4,4,4,3,3,3,3.5,3,3,2,3,3,2.8,2,2,2,1,2,1.8,2.91,3,2,3,3,3,2,2.67,2,3,2,2,2,2.2,1,1,1,1,1,1.0,2.18,3,4,5,4,4.0,0.05600244119559184,-1.061901873292198,-1.0250492027335814,-0.8183363902160408,-0.5089157048833953,-1.327925676434596,-1.576160070812254,-1.1325146490762619,0.21553595711027312,-1.0636512707048928,-2.1578585717569063,-0.5408550108214178,-1.1581809231876783,-0.6070495258166493,0.2594836670179137,0.05408148928696832,-1.4101861608710928,-1.0991921320688445,-0.15751943702038984,-0.0,0.0,-0.0,12-15,Mother-Son,3.0680952380952378,3.857142857142857,0.23809523809523808,1,0
F1814,15,W3,Western,102,0,Rural,2,Female,2,Female,44,15.2,2,1.47,3.12,1.74,2.85,3,2,2,2,3,3,2.5,1,1,1,1,1,1.0,2,1,2,1,2,1.6,1.55,2,1,3,2,2,2,2.0,2,2,3,1,2,2.0,1,1,2,1,1,1.2,1.81,3,2,1,3,2.25,-0.9795171410857045,-2.4173423285759474,-1.2115587624052442,-2.651691731687739,-1.250677911871977,-1.4969819032739868,-1.3705551351145455,-1.5682251125845923,-1.2380735485582992,-1.911816849458038,-1.290315864446257,-2.6949908269117597,-0.9867274849416925,-1.9670495258166494,-1.4905163329820863,-0.9459185107130317,-3.2101861608710927,-1.2991921320688444,2.931919446014384,-0.0,-0.0,0.0,12-15,Mother-Daughter,3.3176923076923077,3.826923076923077,0.46153846153846156,0,1
F1815,15,W3,Western,105,0,Rural,2,Female,1,Male,41,17.5,2,3.24,3.95,4.18,3.72,2,2,2,2,3,2,2.17,3,3,4,4,5,3.8,3,3,2,4,2,2.8,2.91,2,1,2,2,2,2,1.83,3,3,2,3,3,2.8,2,1,1,1,1,1.2,1.86,4,2,3,3,3.0,-1.3212386032385324,-0.3088793981345596,-0.09250140437526819,-0.8183363902160408,-1.4388862330481842,-0.820756995916424,-1.3705551351145455,-1.5093453202186016,-0.6150980461289112,-0.4955403641815594,0.04312940790159361,0.6107270292268776,0.5049174277983816,-0.6070495258166493,-0.7405163329820863,-1.2759185107130318,-0.41018616087109283,-0.0991921320688447,0.44953008879625944,-0.0,-0.0,0.0,16-18,Mother-Son,3.337037037037037,3.1203703703703702,0.5555555555555556,0,1
F1816,12,C6,Central,84,0,Rural,2,Female,1,Male,43,16.3,2,4.61,3.46,2.93,3.01,2,2,2,3,2,2,2.17,4,4,4,5,4,4.2,2,1,3,2,2,2.0,2.61,1,1,1,1,1,2,1.17,1,2,1,1,1,1.2,1,2,1,3,1,1.6,1.49,3,3,2,1,2.25,-1.3212386032385324,-0.0076704080715039435,-0.8385396430619187,-1.2227530096583274,-2.169577362320519,-2.1732068106315494,-0.9593452637191285,-1.945055783726932,-1.2380735485582992,0.6006736385465623,-0.7440852709543665,-1.0827759708441451,-0.7124019837481163,-0.9070495258166495,-1.4905163329820863,-1.2759185107130318,-0.010186160871092476,-0.8991921320688445,1.3519721330533727,-0.0,-0.0,0.0,16-18,Mother-Son,3.320909090909091,3.897727272727273,0.45454545454545453,1,0
F1817,15,W3,Western,105,0,Rural,2,Female,1,Male,47,21.2,2,3.54,3.95,4.18,3.72,2,3,3,2,2,2,2.33,3,4,4,3,3,3.4,3,4,3,3,3,3.2,3.26,2,3,2,1,2,2,2.0,2,2,3,2,3,2.4,2,1,1,1,2,1.4,1.89,2,2,2,2,2.0,-1.1555554700735249,-0.610088388197615,0.28051771496805755,-0.34651700086670717,-1.250677911871977,-1.1588694495952054,-1.1649501994168372,-1.4740174447990075,-1.4457320493680954,-0.25549350227029205,0.04312940790159361,0.6107270292268776,0.5049174277983816,-0.25704952581664964,-1.7405163329820863,-1.1159185107130316,-0.8101861608710927,0.30080786793115566,0.44739889806917915,-0.0,-0.0,0.0,19-22,Mother-Son,3.337037037037037,3.1203703703703702,0.5555555555555556,0,1
F1819,7,C1,Central,46,0,Rural,2,Female,1,Male,48,17.0,2,4.48,3.01,2.63,2.93,3,2,3,3,2,2,2.5,5,6,7,5,5,5.6,1,1,1,1,1,1.0,2.96,2,3,2,2,4,3,2.67,4,5,5,4,4,4.4,3,3,3,2,3,2.8,3.0,4,4,4,4,4.0,-0.9795171410857045,1.0465610571491897,-1.7710874414202322,-0.7509336203089932,-0.5089157048833953,0.5316928187987021,0.2742843504671218,-0.16688605427401695,0.21553595711027312,0.49665333171834647,-1.4670375270465748,-1.4892166908611912,-0.849564734344904,-0.5570495258166495,0.2594836670179137,-0.9459185107130317,1.389813839128907,-1.8991921320688445,-0.1445452536694942,-0.0,0.0,-0.0,16-18,Mother-Son,3.492,3.51,0.44,1,0
F1821,10,C4,Central,67,0,Rural,1,Male,2,Female,42,18.1,3,2.77,2.47,3.79,2.77,3,4,3,3,2,3,3.0,4,4,5,5,4,4.4,1,2,2,2,3,2.0,3.17,2,1,3,3,4,1,2.33,3,4,2,5,4,3.6,3,2,3,2,2,2.4,2.69,4,3,2,3,3.0,-0.46175734994505635,0.1429340869600239,-0.8385396430619187,-0.46784198669939286,-0.8853323472358098,-0.14453208855886093,-0.13692552092829502,-0.5319407669431585,-0.6150980461289112,-0.8716137811758786,-2.3345802343572237,0.08235409320471876,-1.123890235538481,-0.3470495258166495,-0.7405163329820863,-0.4459185107130317,0.1898138391289077,-0.8991921320688445,0.25699584222091715,-0.0,-0.0,0.0,16-18,Father-Daughter,3.5427999999999997,3.84,0.72,1,0
F1824,12,C6,Central,81,0,Rural,2,Female,2,Female,43,15.2,2,2.95,2.58,3.33,2.75,1,2,2,1,3,1,1.67,3,2,2,2,2,2.2,2,4,3,3,2,2.8,1.98,1,1,2,1,1,2,1.33,2,2,3,2,2,2.2,1,1,1,2,1,1.2,1.5,3,2,3,2,2.5,-1.8389983943791806,-1.513715358386781,-0.09250140437526819,-2.0720279104871286,-1.9924401188605587,-1.327925676434596,-1.3705551351145455,-1.9332798252537338,-1.0304150477485032,-0.7275856640291181,-2.1578585717569063,-0.5408550108214178,-1.1581809231876783,-1.5370495258166494,-1.2405163329820863,-1.7759185107130318,-2.0101861608710925,-0.0991921320688447,1.9067350413779245,-0.0,-0.0,0.0,12-15,Mother-Daughter,3.0680952380952378,3.857142857142857,0.23809523809523808,1,0
F1827,4,E4,Eastern,24,0,Rural,2,Female,2,Female,45,17.9,3,3.13,3.62,3.33,3.54,4,4,5,4,4,4,4.17,2,3,3,3,2,2.6,3,3,4,3,3,3.2,3.57,3,3,3,2,2,5,3.0,3,3,2,3,2,2.6,1,1,1,1,2,1.2,2.29,2,3,3,3,2.75,0.7498005613240603,-1.2125063683237256,0.28051771496805755,0.07138017255698878,-0.14357014024722803,-0.9898132227558145,-1.3705551351145455,-1.0029791058710829,-0.8227565469387071,-0.5835575468823577,-0.48703557989935903,-0.5408550108214178,0.19630123895560736,0.052950474183350416,-0.9905163329820863,0.7240814892869682,-1.6101861608710926,0.30080786793115566,-0.052448309517754886,0.0,-0.0,-0.0,16-18,Mother-Daughter,3.5157692307692305,3.4615384615384617,0.4230769230769231,0,0
F1829,9,C3,Central,58,0,Rural,2,Female,1,Male,42,15.6,1,1.0,3.04,2.73,3.17,5,5,5,4,4,4,4.5,4,4,3,3,5,3.8,3,4,4,3,2,3.2,3.8,4,3,4,4,5,3,3.83,3,2,3,3,2,2.6,3,3,3,3,3,3.0,2.96,4,5,4,3,4.0,1.091522023476888,-0.3088793981345596,0.28051771496805755,0.3814329141294083,0.7753293102013137,-0.9898132227558145,0.4798892861648304,-0.21398988816680944,0.21553595711027312,-2.287890266452357,-1.4188407099737605,-1.3537364508555092,-0.4380764825545392,0.2829504741833504,0.2594836670179137,1.0540814892869683,-0.41018616087109283,0.30080786793115566,0.07342102662555328,0.0,0.0,0.0,12-15,Mother-Son,3.3766666666666665,3.475,0.43333333333333335,1,0
F1832,15,W3,Western,101,0,Rural,1,Male,1,Male,51,22.1,1,2.17,4.09,3.37,3.1,2,1,1,1,1,1,1.17,7,6,6,6,6,6.2,2,2,3,3,2,2.4,3.21,2,2,2,2,2,2,2.0,4,2,4,4,3,3.4,4,3,3,2,2,2.8,2.41,2,2,3,2,2.25,-2.3567581855198285,1.498374542243773,-0.4655205237185935,-0.41391977077375464,-1.250677911871977,-0.3135883153982518,0.2742843504671218,-0.8616676041927054,-1.2380735485582992,-1.3517075049984137,0.2680478875747245,-0.48666291481914503,-0.5580938893267288,-0.30704952581664946,-1.4905163329820863,-2.2759185107130318,1.9898138391289075,-0.4991921320688446,0.4576623332641208,-0.0,-0.0,0.0,19-22,Father-Son,3.8754166666666667,3.6354166666666665,0.5416666666666666,0,1
F1833,16,W4,Western,108,0,Rural,2,Female,2,Female,49,18.6,2,2.34,3.36,3.37,2.46,3,4,2,4,2,3,3.0,3,3,2,3,3,2.8,1,1,1,1,1,1.0,2.33,2,3,3,3,3,3,2.83,3,3,2,3,1,2.4,2,2,2,2,2,2.0,2.48,4,4,5,4,4.25,-0.46175734994505635,-1.061901873292198,-1.7710874414202322,-1.6002085211377945,-0.33177846142343526,-1.1588694495952054,-0.5481353923237118,-0.7792358948803189,0.4231944579200692,-1.2156809499153622,-0.9047413278637463,-0.48666291481914503,-1.6553958941010363,-1.1870495258166494,0.5094836670179137,-0.4459185107130317,-1.4101861608710928,-1.8991921320688445,-0.6047823453449421,-0.0,0.0,-0.0,16-18,Mother-Daughter,3.373,4.225,0.5,0,1
F1834,8,C2,Central,55,0,Rural,2,Female,2,Female,43,15.4,3,4.3,2.83,3.56,2.69,3,2,2,2,4,3,2.67,2,3,4,4,3,3.2,3,4,3,2,2,2.8,2.94,4,4,4,4,3,4,3.83,4,3,4,4,4,3.8,2,2,3,4,4,3.0,3.35,4,5,5,4,4.5,-0.8034788120978842,-0.7606928832291425,-0.09250140437526819,-0.7778947282718124,0.7753293102013137,0.02452413828052955,0.4798892861648304,0.24527249228791706,0.6308529587298652,0.35262521457158547,-1.7562184294834575,-0.22925045880834952,-1.2610529861352695,-0.5770495258166495,0.7594836670179137,-0.7759185107130318,-1.0101861608710925,-0.0991921320688447,-0.4382596899181772,-0.0,0.0,-0.0,12-15,Mother-Daughter,3.4669565217391303,4.0978260869565215,0.5217391304347826,1,0
F1835,14,W2,Western,93,0,Rural,2,Female,2,Female,54,25.1,2,1.79,3.89,2.72,2.47,1,2,2,2,1,1,1.5,4,3,4,4,5,4.0,2,1,2,3,2,2.0,2.64,3,3,3,2,3,3,2.83,3,4,3,3,4,3.4,3,2,3,2,2,2.4,2.6,5,4,5,6,5.0,-2.015036723367001,-0.15827490310303177,-0.8385396430619187,-1.1823113477140985,-0.33177846142343526,-0.3135883153982518,-0.13692552092829502,-0.6379243932019414,1.0461699603494574,-1.6557668634193525,-0.053264226244034214,-1.367284474856077,-1.6382505502764373,-0.8770495258166493,1.2594836670179137,-1.9459185107130317,-0.21018616087109265,-0.8991921320688445,-1.104629552931876,-0.0,0.0,-0.0,23-25,Mother-Daughter,3.3927272727272726,3.772727272727273,0.4090909090909091,0,1
F1836,14,W2,Western,93,0,Rural,1,Male,2,Female,39,17.5,5,4.56,3.89,2.72,2.47,3,3,3,3,3,4,3.17,2,3,2,3,3,2.6,4,3,3,3,3,3.2,3.27,4,3,3,3,3,4,3.33,3,4,4,3,4,3.6,4,3,2,2,2,2.6,3.08,5,4,4,5,4.5,-0.285719020957236,-1.2125063683237256,0.28051771496805755,-0.3330364468852973,0.2217754243889392,-0.14453208855886093,0.06867941476941361,-0.07267838648843199,0.6308529587298652,0.5606658282280171,-0.053264226244034214,-1.367284474856077,-1.6382505502764373,-0.2470495258166494,0.7594836670179137,-0.27591851071303175,-1.6101861608710926,0.30080786793115566,-0.18763007980226562,-0.0,0.0,-0.0,16-18,Father-Daughter,3.3927272727272726,3.772727272727273,0.4090909090909091,0,1
F1837,9,C3,Central,63,0,Rural,1,Male,1,Male,53,22.7,2,4.49,4.28,2.84,3.73,4,4,4,4,4,3,3.83,2,1,2,1,1,1.4,2,2,3,2,3,2.4,2.66,2,4,2,3,3,3,2.83,2,3,4,4,3,3.2,1,2,2,2,1,1.6,2.51,4,4,3,2,3.25,0.3977239033484197,-2.116133338512892,-0.4655205237185935,-1.1553502397512794,-0.33177846142343526,-0.4826445422376423,-0.9593452637191285,-0.7439080194607247,-0.4074395453191151,0.5046548937820552,0.5732943957025463,-1.2047081868492593,0.5220627716229798,-0.8570495258166493,-0.4905163329820863,0.3840814892869684,-2.8101861608710927,-0.4991921320688446,0.4203967905876187,-0.0,-0.0,0.0,19-22,Father-Son,3.4166666666666665,4.116666666666666,0.6,1,0
F1839,18,W6,Western,124,0,Rural,2,Female,2,Female,53,21.4,3,4.98,4.32,2.48,3.18,2,3,3,3,3,2,2.67,4,4,4,6,5,4.6,1,2,2,1,2,1.6,2.76,2,1,1,2,2,2,1.67,3,3,3,2,3,2.8,1,1,2,1,1,1.2,1.84,2,2,2,2,2.0,-0.8034788120978842,0.2935385819915511,-1.2115587624052442,-1.0205446999371843,-1.6160234765081443,-0.820756995916424,-1.3705551351145455,-1.5328972371649978,-1.4457320493680954,0.8967314349037924,0.6375568184662981,-1.692437050869714,-0.42093113872994026,-0.7570495258166496,-1.7405163329820863,-0.7759185107130318,0.389813839128907,-1.2991921320688444,1.3176570645602224,-0.0,-0.0,0.0,19-22,Mother-Daughter,3.6216666666666666,3.513888888888889,0.5,0,1
F1841,6,E6,Eastern,37,0,Rural,2,Female,2,Female,49,17.0,3,3.38,3.39,3.05,2.85,4,5,5,4,4,5,4.5,4,4,4,3,3,3.6,4,4,4,4,4,4.0,3.88,4,4,4,4,3,3,3.67,4,3,4,4,5,4.0,4,4,3,4,3,3.6,3.8,5,5,5,5,5.0,1.091522023476888,-0.4594838931660871,1.0265559536547082,0.48927734598068473,0.5981920667413537,0.1935803651199204,1.0967040932579557,0.7751906235818318,1.0461699603494574,-0.38351849528963483,-0.856544510790932,-0.9201996828373274,-0.9867274849416925,0.36295047418335047,1.2594836670179137,1.0540814892869683,-0.6101861608710926,1.1008078679311555,0.45713019417033685,0.0,0.0,0.0,16-18,Mother-Daughter,3.7880000000000003,3.86,0.6,0,0
F1844,13,W1,Western,89,0,Rural,2,Female,2,Female,40,14.6,5,3.54,3.01,3.49,2.63,4,5,5,4,4,4,4.33,2,2,2,2,2,2.0,3,2,3,2,3,2.6,2.68,4,3,4,3,3,2,3.17,3,3,2,2,2,2.4,3,2,2,2,3,2.4,2.86,3,4,3,3,3.25,0.9154836944890679,-1.6643198534183088,-0.27901096404693065,-1.1283891317884602,0.04463818092897921,-1.1588694495952054,-0.13692552092829502,-0.3317494728987907,-0.4074395453191151,-0.25549350227029205,-1.4670375270465748,-0.32408662681232664,-1.363925049082861,-0.8370495258166493,-0.4905163329820863,0.8840814892869684,-2.2101861608710927,-0.29919213206884443,0.410586463927977,-0.0,-0.0,0.0,12-15,Mother-Daughter,3.5733333333333337,3.8425925925925926,0.6296296296296297,0,1
F1847,13,W1,Western,86,0,Rural,1,Male,2,Female,39,12.5,5,4.16,2.68,3.14,3.64,1,1,2,2,1,2,1.5,3,3,3,4,3,3.2,3,3,3,4,3,3.2,2.55,1,2,2,1,1,2,1.5,3,3,2,3,2,2.6,2,2,3,3,3,2.6,2.16,2,3,2,3,2.5,-2.015036723367001,-0.7606928832291425,0.28051771496805755,-1.3036363335467849,-1.8042317976843516,-0.9898132227558145,0.06867941476941361,-1.1560665660226581,-1.0304150477485032,0.2406033456796609,-1.9972025148475268,-0.7982674668322133,0.367754677201593,-0.9670495258166496,-1.2405163329820863,-1.9459185107130317,-1.0101861608710925,0.30080786793115566,1.1996407315781357,-0.0,-0.0,0.0,12-15,Father-Daughter,3.28962962962963,3.6481481481481484,0.4444444444444444,0,1
F1850,17,W5,Western,117,0,Rural,2,Female,2,Female,49,19.9,3,7.0,3.66,2.8,2.69,2,3,2,2,2,3,2.33,1,2,2,2,2,1.8,2,2,1,1,1,1.4,1.94,1,2,2,2,2,3,2.0,2,2,2,1,2,1.8,2,1,1,1,1,1.2,1.65,1,1,1,1,1.0,-1.1555554700735249,-1.8149243484498367,-1.398068322076907,-2.125950126412767,-1.250677911871977,-1.6660381301133775,-1.3705551351145455,-1.7566404481557623,-2.2763660526072798,2.5130469717729933,-0.42277315713560715,-1.258900282851532,-1.2610529861352695,-1.5770495258166495,-2.7405163329820863,-1.1159185107130316,-2.410186160871093,-1.4991921320688446,4.321929983422183,-0.0,-0.0,0.0,19-22,Mother-Daughter,3.5182352941176473,3.676470588235294,0.6470588235294118,0,1
F1851,5,E5,Eastern,32,0,Rural,2,Female,2,Female,36,12.8,2,4.37,3.47,4.33,4.2,2,2,2,2,2,3,2.17,6,5,6,6,5,5.6,1,2,1,1,2,1.4,3.31,2,2,3,3,3,2,2.5,5,4,5,5,5,4.8,2,1,2,1,2,1.6,3.01,4,2,3,3,3.0,-1.3212386032385324,1.0465610571491897,-1.398068322076907,-0.2791142309596591,-0.6971240260596026,0.8698052724774832,-0.9593452637191285,-0.1551100958008191,-0.6150980461289112,0.40863614901754813,-0.7280196652634282,0.8139473892354009,1.3278939313791118,-0.20704952581664937,-0.7405163329820863,-1.2759185107130318,1.389813839128907,-1.4991921320688446,0.153323555603425,-0.0,-0.0,0.0,12-15,Mother-Daughter,3.5572000000000004,3.65,0.56,0,0
F1852,2,E2,Eastern,8,0,Rural,1,Male,1,Male,54,16.7,2,3.78,3.18,2.95,2.37,3,2,3,2,2,2,2.33,3,4,4,5,4,4.0,5,4,5,4,4,4.4,3.41,4,3,4,3,3,4,3.5,4,4,4,4,3,3.8,3,4,3,5,5,4.0,3.66,5,5,5,4,4.75,-1.1555554700735249,-0.15827490310303177,1.3995750729980339,-0.14430869114556352,0.40998374556514644,0.02452413828052955,1.5079139646533726,0.6103272049570586,0.8385114595396613,-0.06345601274127821,-1.193922230300629,-1.0556799228430087,-1.8097039885224229,-0.10704952581664928,1.0094836670179137,-1.1159185107130316,-0.21018616087109265,1.5008078679311558,-0.10806474787391994,-0.0,0.0,-0.0,16-18,Father-Son,3.7734615384615386,3.7211538461538463,0.6538461538461539,0,0
F1854,2,E2,Eastern,9,0,Rural,1,Male,2,Female,44,16.6,2,3.84,4.26,4.39,3.09,3,5,4,4,4,4,4.0,5,5,5,6,5,5.2,2,2,2,1,3,2.0,3.72,4,3,3,4,4,4,3.67,5,4,4,4,3,4.0,3,3,3,3,3,3.0,3.17,3,4,3,3,3.25,0.57376223233624,0.7453520670861346,-0.8385396430619187,0.2735884822781324,0.5981920667413537,0.1935803651199204,0.4798892861648304,0.03330523977035085,-0.4074395453191151,-0.015446640359024667,0.5411631843206696,0.8952355332388096,-0.5752392331513277,0.20295047418335077,-0.4905163329820863,0.5540814892869683,0.9898138391289075,-0.8991921320688445,-0.09955052237339279,0.0,-0.0,-0.0,16-18,Father-Daughter,3.2433333333333336,4.157407407407407,0.5925925925925926,0,0
F1855,4,E4,Eastern,23,0,Rural,2,Female,1,Male,47,15.3,1,2.74,3.18,3.54,3.27,5,5,5,3,5,5,4.67,3,3,4,2,3,3.0,2,3,3,3,3,2.8,3.59,4,5,4,4,3,3,3.83,4,4,4,4,3,3.8,2,2,2,3,2,2.2,3.04,3,3,3,3,3.0,1.2675603524647086,-0.9112973782606704,-0.09250140437526819,0.0983412805198079,0.7753293102013137,0.02452413828052955,-0.3425304566260032,-0.11978222038122448,-0.6150980461289112,-0.8956184673670052,-1.193922230300629,-0.25634650680948595,-0.26662304430855355,0.07295047418335043,-0.7405163329820863,1.2240814892869682,-1.2101861608710927,-0.0991921320688447,-0.05402101763155902,0.0,-0.0,-0.0,12-15,Mother-Son,3.6708695652173917,3.717391304347826,0.6521739130434783,0,0
F1857,7,C1,Central,48,0,Rural,1,Male,1,Male,46,16.1,2,2.64,2.93,2.64,3.34,3,4,2,3,4,4,3.33,5,3,5,4,5,4.4,4,4,4,3,3,3.6,4.06,2,2,2,2,2,4,2.33,2,2,2,3,3,2.4,2,2,2,3,2,2.2,2.38,3,3,2,4,3.0,-0.12003588779222847,0.1429340869600239,0.6535368343113829,0.7319273176460561,-0.8853323472358098,-1.1588694495952054,-0.3425304566260032,-0.8969954796123001,-0.6150980461289112,-0.9756340880040945,-1.595562372574078,-1.4756686668606227,-0.14660563753636396,0.5429504741833502,-0.7405163329820863,-0.11591851071303161,0.1898138391289077,0.7008078679311556,-0.4020636941331394,0.0,-0.0,-0.0,16-18,Father-Son,4.048421052631579,3.8552631578947367,0.6842105263157895,1,0
F1858,4,E4,Eastern,24,0,Rural,2,Female,1,Male,42,13.4,5,2.71,3.62,3.33,3.54,3,3,3,3,3,3,3.0,2,2,3,2,3,2.4,3,2,2,2,3,2.4,2.6,2,2,2,3,3,2,2.33,2,2,2,2,1,1.8,1,2,2,2,1,1.6,1.91,3,3,3,4,3.25,-0.46175734994505635,-1.3631108633552536,-0.4655205237185935,-1.2362335636397368,-0.8853323472358098,-1.6660381301133775,-0.9593452637191285,-1.4504655278526113,-0.4074395453191151,-0.9196231535581322,-0.48703557989935903,-0.5408550108214178,0.19630123895560736,-0.9170495258166493,-0.4905163329820863,-0.4459185107130317,-1.8101861608710927,-0.4991921320688446,0.44982777056654394,-0.0,-0.0,0.0,12-15,Mother-Son,3.5157692307692305,3.4615384615384617,0.4230769230769231,0,0
F1859,15,W3,Western,100,0,Rural,2,Female,1,Male,48,19.5,2,1.52,3.4,3.73,3.01,3,2,2,2,2,2,2.17,3,4,4,3,5,3.8,2,2,3,3,2,2.4,3.03,3,1,3,3,3,2,2.5,2,3,3,2,3,2.6,2,2,4,3,2,2.6,2.39,2,3,2,3,2.5,-1.3212386032385324,-0.3088793981345596,-0.4655205237185935,-0.6565697424391267,-0.6971240260596026,-0.9898132227558145,0.06867941476941361,-0.8852195211391016,-1.0304150477485032,-1.8718090391394933,-0.8404789050999943,0.0010659492013095657,-0.7124019837481163,-0.4870495258166496,-1.2405163329820863,-1.2759185107130318,-0.41018616087109283,-0.4991921320688446,0.6041928917467342,-0.0,-0.0,0.0,19-22,Mother-Son,3.563333333333333,3.5925925925925926,0.6296296296296297,0,1
F1860,5,E5,Eastern,35,0,Rural,1,Male,1,Male,40,15.3,1,2.47,3.52,3.79,3.18,2,3,2,1,3,1,2.0,4,3,3,4,3,3.4,3,2,4,3,3,3.0,2.87,4,2,3,2,2,3,2.67,3,2,2,3,3,2.6,2,2,2,2,3,2.2,2.63,4,4,4,4,4.0,-1.4972769322263526,-0.610088388197615,0.09400815529639468,-0.8722586061416789,-0.5089157048833953,-0.9898132227558145,-0.3425304566260032,-0.6025965177823472,0.21553595711027312,-1.111660643087146,-0.6476916368087388,0.08235409320471876,-0.42093113872994026,-0.6470495258166493,0.2594836670179137,-1.4459185107130317,-0.8101861608710927,0.10080786793115548,-0.1678987837011064,-0.0,0.0,-0.0,12-15,Father-Son,3.447777777777778,3.6944444444444446,0.4444444444444444,0,0
F1861,16,W4,Western,108,0,Rural,2,Female,1,Male,43,15.6,2,2.66,3.36,3.37,2.46,4,4,4,3,3,3,3.5,1,2,2,3,2,2.0,2,2,3,2,2,2.2,2.64,2,3,2,3,2,3,2.5,4,3,4,3,2,3.2,3,3,4,2,2,2.8,2.73,4,4,4,5,4.25,0.05600244119559184,-1.6643198534183088,-0.6520300833902559,-1.1823113477140985,-0.6971240260596026,-0.4826445422376423,0.2742843504671218,-0.484836933050366,0.4231944579200692,-0.9596309638766767,-0.9047413278637463,-0.48666291481914503,-1.6553958941010363,-0.8770495258166493,0.5094836670179137,0.05408148928696832,-2.2101861608710927,-0.6991921320688443,-0.44684240856938884,-0.0,0.0,-0.0,12-15,Mother-Son,3.373,4.225,0.5,0,1
F1862,9,C3,Central,58,0,Rural,2,Female,1,Male,37,16.0,2,3.97,3.04,2.73,3.17,6,5,5,6,6,5,5.5,3,3,3,2,4,3.0,3,3,4,3,4,3.4,3.87,5,4,4,5,4,4,4.33,4,4,4,4,3,3.8,3,2,2,3,2,2.4,3.57,4,4,3,2,3.25,2.1270416057581847,-0.9112973782606704,0.46702727463972,0.4757967919992755,1.3288831960136882,0.02452413828052955,-0.13692552092829502,0.5043435786982752,-0.4074395453191151,0.08857366646919153,-1.4188407099737605,-1.3537364508555092,-0.4380764825545392,0.3529504741833507,-0.4905163329820863,2.0540814892869683,-1.2101861608710927,0.5008078679311554,-0.1731279723207057,0.0,-0.0,-0.0,16-18,Mother-Son,3.3766666666666665,3.475,0.43333333333333335,1,0
F1864,10,C4,Central,66,0,Rural,1,Male,1,Male,49,17.8,1,2.13,4.29,4.3,3.24,3,3,4,2,3,3,3.0,4,4,3,4,4,3.8,3,3,3,3,3,3.0,3.48,3,3,3,3,2,3,2.83,5,5,5,5,4,4.8,3,2,3,3,2,2.6,3.21,5,6,6,5,5.5,-0.46175734994505635,-0.3088793981345596,0.09400815529639468,-0.049944813275696935,-0.33177846142343526,0.8698052724774832,0.06867941476941361,0.08040907366314334,1.4614869619690496,-1.3837137532532495,0.5893600013934839,0.773303317233696,-0.3180590757823488,-0.03704952581664944,1.7594836670179137,-0.4459185107130317,-0.41018616087109283,0.10080786793115548,-0.06518803554515322,-0.0,0.0,-0.0,16-18,Father-Son,3.546666666666667,3.425925925925926,0.4444444444444444,1,0
F1867,11,C5,Central,72,0,Rural,1,Male,2,Female,49,18.1,2,1.5,4.17,3.75,3.55,4,3,3,3,3,4,3.33,1,2,2,2,2,1.8,3,3,3,4,3,3.2,2.78,3,2,2,3,2,2,2.33,2,2,1,3,4,2.4,2,3,2,2,3,2.4,2.14,1,2,3,1,1.75,-0.12003588779222847,-1.8149243484498367,0.28051771496805755,-0.9935835919743653,-0.8853323472358098,-1.1588694495952054,-0.13692552092829502,-1.1796184829690544,-1.6533905501778914,-1.8878121632669111,0.39657273310222824,0.028161997202445964,0.21344658278020553,-0.7370495258166496,-1.9905163329820863,-0.11591851071303161,-2.410186160871093,0.30080786793115566,1.467109119354743,-0.0,-0.0,0.0,16-18,Father-Daughter,3.5436,3.8,0.64,1,0
F1868,12,C6,Central,80,0,Rural,1,Male,2,Female,46,17.5,2,2.4,4.09,3.92,3.52,4,3,3,3,2,3,3.0,3,3,2,3,4,3.0,1,1,2,2,1,1.4,2.38,2,3,2,2,2,2,2.17,3,3,2,3,3,2.8,2,1,2,1,1,1.4,2.13,3,3,4,3,3.25,-0.46175734994505635,-0.9112973782606704,-1.398068322076907,-1.532805751230747,-1.0624695906957697,-0.820756995916424,-1.1649501994168372,-1.1913944414422528,-0.4074395453191151,-1.1676715775331088,0.2680478875747245,0.2584784052121051,0.16201055130641023,-1.1370495258166495,-0.4905163329820863,-0.4459185107130317,-1.2101861608710927,-1.4991921320688446,0.557741363822603,-0.0,-0.0,0.0,16-18,Father-Daughter,3.4740625,3.40625,0.53125,1,0
F1869,14,W2,Western,94,0,Rural,2,Female,1,Male,43,20.8,2,3.9,3.01,2.74,3.29,2,2,2,1,2,2,1.83,5,5,4,6,5,5.0,1,1,1,1,1,1.0,2.74,2,2,2,1,2,1,1.67,2,2,2,2,2,2.0,1,1,2,1,2,1.4,1.77,2,3,3,3,2.75,-1.673315261214173,0.5947475720546067,-1.7710874414202322,-1.047505807900003,-1.6160234765081443,-1.4969819032739868,-1.1649501994168372,-1.6153289464773848,-0.8227565469387071,0.03256273202322888,-1.4670375270465748,-1.3401884268549407,-0.2323323566593564,-0.7770495258166492,-0.9905163329820863,-1.6159185107130316,0.7898138391289073,-1.8991921320688445,0.7696802468573763,-0.0,-0.0,0.0,19-22,Mother-Son,3.718125,3.8125,0.8125,0,1
F1870,17,W5,Western,119,0,Rural,2,Female,2,Female,47,17.1,2,2.83,3.37,2.99,3.4,2,2,4,3,3,3,2.83,4,5,6,5,4,4.8,2,1,2,2,1,1.6,3.16,2,2,2,2,2,2,2.0,4,3,4,4,5,4.0,2,2,2,2,2,2.0,2.51,3,3,4,3,3.25,-0.6377956789328766,0.4441430770230789,-1.2115587624052442,-0.48132254068080216,-1.250677911871977,0.1935803651199204,-0.5481353923237118,-0.7439080194607247,-0.4074395453191151,-0.8236044087936252,-0.8886757221728079,-1.001487826840736,-0.043733574588772556,-0.3570495258166493,-0.4905163329820863,-0.6159185107130316,0.5898138391289072,-1.2991921320688444,0.17513862409657555,-0.0,-0.0,0.0,16-18,Mother-Daughter,3.413529411764706,3.7794117647058822,0.5294117647058824,0,1
F1874,16,W4,Western,112,0,Rural,1,Male,2,Female,43,15.4,1,1.0,3.61,3.08,3.45,6,4,5,6,4,4,4.83,3,3,3,3,3,3.0,2,3,4,4,3,3.2,3.86,5,4,3,3,4,4,3.83,5,5,5,5,4,4.8,4,5,3,4,3,3.8,4.26,6,5,6,6,5.75,1.433243485629716,-0.9112973782606704,0.28051771496805755,0.46231623801786564,0.7753293102013137,0.8698052724774832,1.302309028955664,1.316884713348945,1.6691454627788456,-2.287890266452357,-0.5031011855902974,-0.8795556108356225,0.04199314453422065,0.34295047418335045,2.0094836670179137,1.3840814892869684,-1.2101861608710927,0.30080786793115566,0.6891533764674914,0.0,0.0,0.0,12-15,Father-Daughter,3.465,3.9166666666666665,0.3333333333333333,0,1
F1876,1,E1,Eastern,6,0,Rural,2,Female,2,Female,44,17.1,2,5.23,3.78,2.24,2.08,3,3,3,2,3,4,3.0,3,2,3,3,3,2.8,2,1,1,1,1,1.2,2.47,2,2,2,2,2,3,2.17,2,3,3,2,3,2.6,2,2,3,2,3,2.4,2.33,3,3,2,3,2.75,-0.46175734994505635,-1.061901873292198,-1.5845778817485696,-1.4114807653980606,-1.0624695906957697,-0.9898132227558145,-0.13692552092829502,-0.9558752719782904,-0.8227565469387071,1.0967704864965153,-0.22998588884435223,-2.01758962688335,-2.306918959435781,-1.0470495258166492,-0.9905163329820863,-0.4459185107130317,-1.4101861608710928,-1.6991921320688446,1.0371196567625396,-0.0,-0.0,0.0,16-18,Mother-Daughter,3.266111111111111,3.9722222222222223,0.5555555555555556,0,0
F1879,8,C2,Central,50,0,Rural,2,Female,1,Male,42,15.8,3,3.27,4.16,2.96,2.84,1,2,1,3,3,2,2.0,4,3,4,4,3,3.6,3,2,3,3,3,2.8,2.93,3,3,2,2,3,2,2.5,3,2,2,3,3,2.6,1,2,2,2,2,1.8,2.3,2,2,3,3,2.5,-1.4972769322263526,-0.4594838931660871,-0.09250140437526819,-0.7913752822532216,-0.6971240260596026,-0.9898132227558145,-0.7537403280214202,-0.9912031473978851,-1.0304150477485032,-0.47153567799043283,0.3805071274112906,-1.0421318988424408,-1.0038728287662915,-0.5870495258166493,-1.2405163329820863,-1.4459185107130317,-0.6101861608710926,-0.0991921320688447,0.7282445250449423,-0.0,-0.0,0.0,12-15,Mother-Son,3.4087878787878787,3.984848484848485,0.5454545454545454,1,0
F1880,16,W4,Western,111,0,Rural,2,Female,1,Male,44,15.8,2,5.49,3.08,2.11,2.9,3,4,3,3,3,3,3.17,3,3,3,3,4,3.2,3,2,3,2,3,2.6,2.98,2,1,1,2,2,1,1.5,2,2,2,2,2,2.0,2,1,1,2,2,1.6,1.98,3,2,2,3,2.5,-0.285719020957236,-0.7606928832291425,-0.27901096404693065,-0.7239725123461742,-1.8042317976843516,-1.4969819032739868,-0.9593452637191285,-1.3680338185402243,-1.0304150477485032,1.304811100152947,-1.3545782872100087,-2.193713938890737,-0.9010007658187,-0.5370495258166494,-1.2405163329820863,-0.27591851071303175,-1.0101861608710925,-0.29919213206884443,0.6662187083958383,-0.0,-0.0,0.0,12-15,Mother-Son,3.7265384615384614,4.144230769230769,0.7692307692307693,0,1
F1882,17,W5,Western,117,0,Rural,1,Male,2,Female,55,23.2,3,2.97,3.66,2.8,2.69,2,2,1,2,2,3,2.0,5,4,5,5,5,4.8,2,2,2,2,2,2.0,2.99,1,3,2,2,1,2,1.83,2,2,2,1,1,1.6,1,2,2,2,1,1.6,1.65,2,3,3,1,2.25,-1.4972769322263526,0.4441430770230789,-0.8385396430619187,-0.7104919583647643,-1.4388862330481842,-1.8350943569527682,-0.9593452637191285,-1.7566404481557623,-1.2380735485582992,-0.7115825399017002,-0.42277315713560715,-1.258900282851532,-1.2610529861352695,-0.5270495258166492,-1.4905163329820863,-1.4459185107130317,0.5898138391289072,-0.8991921320688445,0.7855759265201794,-0.0,-0.0,0.0,23-25,Father-Daughter,3.5182352941176473,3.676470588235294,0.6470588235294118,0,1
F1886,4,E4,Eastern,23,0,Rural,1,Male,2,Female,51,18.4,4,1.8,3.18,3.54,3.27,2,2,2,2,3,1,2.0,2,3,3,4,3,3.0,2,1,1,1,1,1.2,2.02,3,4,2,3,4,3,3.17,4,4,4,5,5,4.4,2,2,3,2,3,2.4,3.34,6,5,5,5,5.25,-1.4972769322263526,-0.9112973782606704,-1.5845778817485696,-2.0181056945614904,0.04463818092897921,0.5316928187987021,-0.13692552092829502,0.23349653381471866,1.2538284611592534,-1.6477653013556437,-1.193922230300629,-0.25634650680948595,-0.26662304430855355,-1.4970495258166494,1.5094836670179137,-1.4459185107130317,-1.2101861608710927,-1.6991921320688446,-2.259771807937145,-0.0,0.0,-0.0,16-18,Father-Daughter,3.6708695652173917,3.717391304347826,0.6521739130434783,0,0
F1888,12,C6,Central,80,0,Rural,1,Male,1,Male,47,16.5,3,2.44,4.09,3.92,3.52,2,2,1,2,2,2,1.83,3,2,3,2,3,2.6,4,4,4,4,5,4.2,3.02,3,2,2,1,2,2,2.0,3,3,2,3,2,2.6,2,3,2,2,3,2.4,2.43,3,4,4,3,3.5,-1.673315261214173,-1.2125063683237256,1.213065513326371,-0.6700502964205359,-1.250677911871977,-0.9898132227558145,-0.13692552092829502,-0.8381156872463091,-0.199781044509319,-1.135665329278273,0.2680478875747245,0.2584784052121051,0.16201055130641023,-0.4970495258166494,-0.2405163329820863,-1.6159185107130316,-1.6101861608710926,1.3008078679311557,0.11954852925990535,-0.0,-0.0,0.0,16-18,Father-Son,3.4740625,3.40625,0.53125,1,0
F1890,12,C6,Central,81,0,Rural,1,Male,2,Female,45,14.9,1,2.69,2.58,3.33,2.75,4,3,3,3,4,3,3.33,4,5,4,4,4,4.2,4,4,4,4,3,3.8,3.54,3,3,3,2,2,2,2.5,4,4,4,3,4,3.8,3,2,1,1,3,2.0,2.89,3,3,3,5,3.5,-0.12003588779222847,-0.0076704080715039435,0.8400463939830453,0.030938510612760404,-0.6971240260596026,0.02452413828052955,-0.5481353923237118,-0.29642159747919605,-0.199781044509319,-0.9356262776855501,-2.1578585717569063,-0.5408550108214178,-1.1581809231876783,0.02295047418335061,-0.2405163329820863,-0.11591851071303161,-0.010186160871092476,0.9008078679311553,-0.005519963890779531,0.0,-0.0,-0.0,12-15,Father-Daughter,3.0680952380952378,3.857142857142857,0.23809523809523808,1,0
F1897,10,C4,Central,66,0,Rural,2,Female,1,Male,41,14.6,2,3.8,4.29,4.3,3.24,4,4,3,5,5,3,4.0,4,5,5,4,4,4.4,3,4,4,4,4,3.8,4.01,3,3,3,3,3,2,2.83,4,4,3,4,3,3.6,2,2,1,3,3,2.2,3.17,3,4,4,3,3.5,0.57376223233624,0.1429340869600239,0.8400463939830453,0.6645245477390087,-0.33177846142343526,-0.14453208855886093,-0.3425304566260032,0.03330523977035085,-0.199781044509319,-0.047452888613860364,0.5893600013934839,0.773303317233696,-0.3180590757823488,0.49295047418335036,-0.2405163329820863,0.5540814892869683,0.1898138391289077,0.9008078679311553,-0.11856264039236003,0.0,-0.0,-0.0,12-15,Mother-Son,3.546666666666667,3.425925925925926,0.4444444444444444,1,0
F1898,1,E1,Eastern,1,0,Rural,1,Male,1,Male,43,18.6,3,4.23,2.48,2.61,2.17,1,2,1,2,1,2,1.5,3,3,3,3,3,3.0,5,5,5,5,4,4.8,2.98,4,3,3,2,3,3,3.0,4,4,5,4,5,4.4,2,3,3,2,2,2.4,3.01,2,3,2,3,2.5,-2.015036723367001,-0.9112973782606704,1.7725941923413588,-0.7239725123461742,-0.14357014024722803,0.5316928187987021,-0.13692552092829502,-0.1551100958008191,-1.0304150477485032,0.2966142801256236,-2.318514628666286,-1.5163127388623276,-2.152610865014394,-0.5370495258166494,-1.2405163329820863,-1.9459185107130317,-1.2101861608710927,1.9008078679311553,0.6662187083958383,-0.0,-0.0,0.0,16-18,Father-Son,3.475909090909091,3.6363636363636362,0.4090909090909091,0,0
F1900,13,W1,Western,85,0,Rural,2,Female,2,Female,51,18.2,2,4.57,3.69,3.93,3.15,1,1,1,2,1,1,1.17,2,3,2,2,2,2.2,2,4,2,2,4,2.8,1.98,2,1,3,1,2,2,1.83,4,4,4,4,4,4.0,2,2,2,2,2,2.0,2.91,4,4,4,5,4.25,-2.3567581855198285,-1.513715358386781,-0.09250140437526819,-2.0720279104871286,-1.4388862330481842,0.1935803651199204,-0.5481353923237118,-0.2728696805327998,0.4231944579200692,0.5686673902917266,-0.3745763400627936,0.27202642921267356,-0.4723671702037363,-1.5370495258166494,0.5094836670179137,-2.2759185107130318,-2.0101861608710925,-0.0991921320688447,-0.7831016288012119,-0.0,0.0,-0.0,16-18,Mother-Daughter,3.5095652173913043,4.032608695652174,0.5217391304347826,0,1
F1903,10,C4,Central,67,0,Rural,2,Female,2,Female,38,15.0,4,4.97,2.47,3.79,2.77,4,2,3,4,3,2,3.0,3,3,2,4,3,3.0,3,2,2,3,2,2.4,2.83,5,4,3,5,3,3,3.83,2,2,3,3,4,2.8,3,3,3,3,3,3.0,3.51,5,5,5,5,5.0,-0.46175734994505635,-0.9112973782606704,-0.4655205237185935,-0.9261808220673172,0.7753293102013137,-0.820756995916424,0.4798892861648304,0.4336878278590865,1.0461699603494574,0.8887298728400829,-2.3345802343572237,0.08235409320471876,-1.123890235538481,-0.6870495258166494,1.2594836670179137,-0.4459185107130317,-1.2101861608710927,-0.4991921320688446,-0.8653276561984723,-0.0,0.0,-0.0,12-15,Mother-Daughter,3.5427999999999997,3.84,0.72,1,0
F1904,4,E4,Eastern,24,0,Rural,2,Female,2,Female,44,17.2,3,3.74,3.62,3.33,3.54,3,4,3,4,4,4,3.67,3,3,3,3,3,3.0,2,1,2,3,1,1.8,2.99,3,2,3,2,3,3,2.67,2,2,1,1,1,1.4,2,1,1,1,1,1.2,1.62,1,1,2,1,1.25,0.23204077018341215,-0.9112973782606704,-1.0250492027335814,-0.7104919583647643,-0.5089157048833953,-2.004150583792159,-1.3705551351145455,-1.7919683235753563,-2.0687075517974836,-0.09546226099611356,-0.48703557989935903,-0.5408550108214178,0.19630123895560736,-0.5270495258166492,-2.4905163329820863,0.22408148928696825,-1.2101861608710927,-1.0991921320688445,1.3126254523368286,-0.0,-0.0,0.0,16-18,Mother-Daughter,3.5157692307692305,3.4615384615384617,0.4230769230769231,0,0
F1905,3,E3,Eastern,15,0,Rural,1,Male,1,Male,44,16.2,3,3.42,4.68,4.44,3.04,1,1,1,1,1,1,1.0,4,5,4,5,4,4.4,3,3,3,3,2,2.8,2.76,3,2,2,2,3,3,2.5,3,3,4,3,4,3.4,2,3,3,3,2,2.6,2.76,5,4,4,5,4.5,-2.532796514507649,0.1429340869600239,-0.09250140437526819,-1.0205446999371843,-0.6971240260596026,-0.3135883153982518,0.06867941476941361,-0.4495090576307719,0.6308529587298652,-0.3515122470347991,1.2159186233400636,0.9629756532416515,-0.6609659522743202,-0.7570495258166496,0.7594836670179137,-2.4459185107130317,0.1898138391289077,-0.0991921320688447,-0.5749667499814018,-0.0,0.0,-0.0,16-18,Father-Son,3.4895833333333335,3.5416666666666665,0.4166666666666667,0,0
F1907,10,C4,Central,68,0,Rural,1,Male,1,Male,46,18.3,3,2.45,3.38,2.99,4.1,3,4,3,3,3,4,3.33,4,3,4,4,4,3.8,2,1,1,1,1,1.2,2.72,2,2,2,2,2,1,1.83,4,4,2,5,3,3.6,2,3,3,3,3,2.8,2.97,4,4,5,4,4.25,-0.12003588779222847,-0.3088793981345596,-1.5845778817485696,-1.074466915862822,-1.4388862330481842,-0.14453208855886093,0.2742843504671218,-0.20221392969361107,0.4231944579200692,-1.127663767214564,-0.8726101164818703,-1.001487826840736,1.1564404931331256,-0.7970495258166492,0.5094836670179137,-0.11591851071303161,-0.41018616087109283,-1.6991921320688446,-0.4060837152079557,-0.0,0.0,-0.0,16-18,Father-Son,3.5727999999999995,4.04,0.56,1,0
F1911,10,C4,Central,66,0,Rural,1,Male,2,Female,46,22.7,3,2.77,4.29,4.3,3.24,2,2,1,3,2,2,2.0,4,4,4,4,3,3.8,1,1,1,2,1,1.2,2.35,2,2,3,3,3,3,2.67,1,2,2,2,1,1.6,2,1,2,2,1,1.6,1.72,1,1,1,1,1.0,-1.4972769322263526,-0.3088793981345596,-1.5845778817485696,-1.5732474131749754,-0.5089157048833953,-1.8350943569527682,-0.9593452637191285,-1.6742087388433753,-2.2763660526072798,-0.8716137811758786,0.5893600013934839,0.773303317233696,-0.3180590757823488,-1.1670495258166493,-2.7405163329820863,-1.4459185107130317,-0.41018616087109283,-1.6991921320688446,3.1983182868995264,-0.0,-0.0,0.0,19-22,Father-Daughter,3.546666666666667,3.425925925925926,0.4444444444444444,1,0
F1912,5,E5,Eastern,32,0,Rural,2,Female,2,Female,46,16.8,2,3.42,3.47,4.33,4.2,2,2,2,3,3,2,2.33,3,4,3,4,4,3.6,1,1,1,2,1,1.2,2.17,2,3,1,3,2,2,2.17,2,2,3,3,1,2.2,2,1,2,1,1,1.4,1.86,3,3,2,3,2.75,-1.1555554700735249,-0.4594838931660871,-1.5845778817485696,-1.8158973848403472,-1.0624695906957697,-1.327925676434596,-1.1649501994168372,-1.5093453202186016,-0.8227565469387071,-0.3515122470347991,-0.7280196652634282,0.8139473892354009,1.3278939313791118,-1.3470495258166495,-0.9905163329820863,-1.1159185107130316,-0.6101861608710926,-1.6991921320688446,1.3342745566571659,-0.0,-0.0,0.0,16-18,Mother-Daughter,3.5572000000000004,3.65,0.56,0,0
F1913,3,E3,Eastern,16,0,Rural,1,Male,2,Female,35,12.8,2,3.01,2.85,2.85,2.75,4,4,4,4,3,4,3.83,5,6,5,5,5,5.2,3,3,3,3,3,3.0,3.86,2,1,2,1,2,2,1.67,2,3,2,2,2,2.2,1,1,1,1,1,1.0,1.78,2,2,2,2,2.0,0.3977239033484197,0.7453520670861346,0.09400815529639468,0.46231623801786564,-1.6160234765081443,-1.327925676434596,-1.576160070812254,-1.6035529880041866,-1.4457320493680954,-0.6795762916468648,-1.7240872181015816,-1.1911601628486908,-1.1581809231876783,0.34295047418335045,-1.7405163329820863,0.3840814892869684,0.9898138391289075,0.10080786793115548,-0.5969109017200728,0.0,-0.0,-0.0,12-15,Father-Daughter,3.6174074074074074,3.6666666666666665,0.48148148148148145,0,0
F1915,1,E1,Eastern,6,0,Rural,1,Male,2,Female,46,21.7,1,3.03,3.78,2.24,2.08,4,4,4,4,4,3,3.83,4,4,5,4,4,4.2,1,1,2,2,1,1.4,3.11,2,1,1,1,2,1,1.33,1,2,2,2,2,1.8,2,1,1,3,2,1.8,1.96,3,3,3,3,3.0,0.3977239033484197,-0.0076704080715039435,-1.398068322076907,-0.5487253105878502,-1.9924401188605587,-1.6660381301133775,-0.7537403280214202,-1.3915857354866206,-0.6150980461289112,-0.663573167519447,-0.22998588884435223,-2.01758962688335,-2.306918959435781,-0.40704952581664955,-0.7405163329820863,0.3840814892869684,-0.010186160871092476,-1.4991921320688446,0.3014268221998424,-0.0,-0.0,0.0,19-22,Father-Daughter,3.266111111111111,3.9722222222222223,0.5555555555555556,0,0
F1916,5,E5,Eastern,29,0,Rural,2,Female,2,Female,40,14.3,2,3.18,3.32,2.76,2.84,4,3,3,3,3,3,3.17,5,4,5,5,5,4.8,4,4,3,3,3,3.4,3.71,3,3,2,2,3,2,2.5,3,3,3,3,3,3.0,2,1,2,2,2,1.8,2.54,3,3,2,3,2.75,-0.285719020957236,0.4441430770230789,0.46702727463972,0.2601079282967226,-0.6971240260596026,-0.6517007690770332,-0.7537403280214202,-0.7085801440411301,-0.8227565469387071,-0.543549736563813,-0.9690037506274981,-1.313092378853805,-1.0038728287662915,0.19295047418335054,-0.9905163329820863,-0.27591851071303175,0.5898138391289072,0.5008078679311554,-0.1911205961352471,0.0,-0.0,-0.0,12-15,Mother-Daughter,3.325,3.775,0.4,0,0
F1917,6,E6,Eastern,39,0,Rural,1,Male,2,Female,47,16.3,2,2.63,3.2,3.65,2.76,3,2,3,3,1,3,2.5,2,2,2,1,1,1.6,1,1,1,1,1,1.0,1.82,2,3,5,3,3,3,3.17,3,2,3,3,3,2.8,2,2,2,2,1,1.8,2.6,4,4,4,5,4.25,-0.9795171410857045,-1.9655288434813643,-1.7710874414202322,-2.2877167741896813,0.04463818092897921,-0.820756995916424,-0.7537403280214202,-0.6379243932019414,0.4231944579200692,-0.9836356500678036,-1.161791018918753,-0.10731824280323603,-1.14103557936308,-1.6970495258166494,0.5094836670179137,-0.9459185107130317,-2.6101861608710926,-1.8991921320688445,-0.8646190155240782,-0.0,0.0,-0.0,16-18,Father-Daughter,3.795625,3.875,0.5625,0,0
F1920,9,C3,Central,62,0,Rural,2,Female,1,Male,46,19.4,2,4.95,3.76,3.41,3.26,3,4,4,3,4,3,3.5,3,2,3,4,3,3.0,4,3,4,3,4,3.6,3.4,3,3,3,2,2,2,2.5,4,3,3,3,3,3.2,3,2,3,2,3,2.6,2.72,4,5,4,4,4.25,0.05600244119559184,-0.9112973782606704,0.6535368343113829,-0.1577892451269734,-0.6971240260596026,-0.4826445422376423,0.06867941476941361,-0.49661289152356386,0.4231944579200692,0.8727267487126654,-0.2621171002262282,-0.4324708188168722,-0.28376838813315247,-0.11704952581664951,0.5094836670179137,0.05408148928696832,-1.2101861608710927,0.7008078679311556,-0.059634821635774556,-0.0,0.0,-0.0,19-22,Mother-Son,3.4633333333333334,3.6944444444444446,0.5,1,0
F1921,3,E3,Eastern,18,0,Rural,1,Male,2,Female,38,14.5,4,5.29,4.05,3.49,3.46,5,3,3,4,4,4,3.83,3,3,3,3,3,3.0,3,3,3,3,2,2.8,3.32,4,3,4,4,3,3,3.5,3,4,3,3,3,3.2,2,3,3,3,3,2.8,3.18,4,4,4,4,4.0,0.3977239033484197,-0.9112973782606704,-0.09250140437526819,-0.26563367697824986,0.40998374556514644,-0.4826445422376423,0.2742843504671218,0.04508119824354924,0.21553595711027312,1.1447798588787685,0.2037854648109726,-0.32408662681232664,0.05913848835881884,-0.19704952581664958,0.2594836670179137,0.3840814892869684,-1.2101861608710927,-0.0991921320688447,-0.05113113354304529,-0.0,0.0,-0.0,12-15,Father-Daughter,3.6612500000000003,3.71875,0.7083333333333334,0,0
F1922,17,W5,Western,115,0,Rural,1,Male,1,Male,40,17.0,4,2.58,3.3,3.31,3.44,2,2,3,4,2,2,2.5,3,2,2,3,4,2.8,1,1,1,2,2,1.4,2.43,2,2,3,2,3,2,2.33,3,2,2,3,2,2.4,3,2,3,3,2,2.6,2.29,3,2,3,2,2.5,-0.9795171410857045,-1.061901873292198,-1.398068322076907,-1.4654029813236988,-0.8853323472358098,-1.1588694495952054,0.06867941476941361,-1.0029791058710829,-1.0304150477485032,-1.023643460386348,-1.0011349620093741,-0.5679510588225543,0.024847800709621705,-1.0870495258166493,-1.2405163329820863,-0.9459185107130317,-1.4101861608710928,-1.4991921320688446,1.3485026915359855,-0.0,-0.0,0.0,16-18,Father-Son,3.5508333333333333,3.8125,0.6666666666666666,0,1
F1925,5,E5,Eastern,33,0,Rural,1,Male,1,Male,50,20.0,4,2.43,2.98,3.33,2.77,2,2,3,2,2,4,2.5,7,6,6,7,6,6.4,2,2,2,2,2,2.0,3.53,1,1,2,1,1,2,1.33,3,2,2,3,2,2.4,1,1,1,1,1,1.0,1.74,2,3,4,2,2.75,-0.9795171410857045,1.648979037275301,-0.8385396430619187,0.01745795663135055,-1.9924401188605587,-1.1588694495952054,-1.576160070812254,-1.650656821896979,-0.8227565469387071,-1.1436668913419819,-1.5152343441193883,-0.5408550108214178,-1.123890235538481,0.01295047418335038,-0.9905163329820863,-0.9459185107130317,2.1898138391289077,-0.8991921320688445,-0.012827656198471397,0.0,-0.0,-0.0,19-22,Father-Son,3.4548275862068967,4.094827586206897,0.6206896551724138,0,0
F1926,4,E4,Eastern,23,0,Rural,1,Male,1,Male,46,14.1,2,2.68,3.18,3.54,3.27,5,3,4,5,4,3,4.0,6,6,6,6,6,6.0,4,3,3,3,4,3.4,4.62,3,2,2,3,2,1,2.17,4,4,3,4,4,3.8,3,1,1,2,3,2.0,2.67,3,3,3,2,2.75,0.57376223233624,1.3477700472122454,0.46702727463972,1.4868383406049914,-1.0624695906957697,0.02452413828052955,-0.5481353923237118,-0.5554926838895548,-0.8227565469387071,-0.9436278397492588,-1.193922230300629,-0.25634650680948595,-0.26662304430855355,1.1029504741833507,-0.9905163329820863,0.5540814892869683,1.7898138391289073,0.5008078679311554,-1.0924904591489457,0.0,-0.0,-0.0,12-15,Father-Son,3.6708695652173917,3.717391304347826,0.6521739130434783,0,0
F1928,3,E3,Eastern,16,0,Rural,2,Female,2,Female,50,16.5,1,2.27,2.85,2.85,2.75,2,2,2,1,2,1,1.67,2,2,2,1,1,1.6,3,4,2,2,3,2.8,2.12,1,1,3,2,2,1,1.67,1,2,1,1,1,1.2,1,1,1,2,1,1.2,1.24,1,1,1,1,1.0,-1.8389983943791806,-1.9655288434813643,-0.09250140437526819,-1.8833001547473949,-1.6160234765081443,-2.1732068106315494,-1.3705551351145455,-2.2394547455568845,-2.2763660526072798,-1.2716918843613245,-1.7240872181015816,-1.1911601628486908,-1.1581809231876783,-1.3970495258166493,-2.7405163329820863,-1.7759185107130318,-2.6101861608710926,-0.0991921320688447,3.8286370434854065,-0.0,-0.0,0.0,16-18,Mother-Daughter,3.6174074074074074,3.6666666666666665,0.48148148148148145,0,0
F1931,16,W4,Western,106,0,Rural,2,Female,1,Male,44,19.1,2,3.29,3.0,3.41,2.91,2,2,2,1,1,1,1.5,4,3,3,4,3,3.4,2,2,2,1,1,1.6,2.18,2,1,1,2,1,2,1.5,1,1,2,1,2,1.4,2,1,2,1,2,1.6,1.49,2,2,2,2,2.0,-2.015036723367001,-0.610088388197615,-1.2115587624052442,-1.8024168308589374,-1.8042317976843516,-2.004150583792159,-0.9593452637191285,-1.945055783726932,-1.4457320493680954,-0.45553255386301494,-1.4831031327375124,-0.4324708188168722,-0.8838554219941012,-1.3370495258166493,-1.7405163329820863,-1.9459185107130317,-0.8101861608710927,-1.2991921320688444,2.3271565376898318,-0.0,-0.0,0.0,19-22,Mother-Son,3.50375,3.625,0.5416666666666666,0,1
F1933,1,E1,Eastern,3,0,Rural,2,Female,1,Male,46,20.3,3,4.66,3.9,3.63,2.24,4,3,4,4,4,3,3.67,2,3,1,2,2,2.0,3,3,2,2,2,2.4,2.85,2,2,3,2,3,2,2.33,3,2,2,2,4,2.6,2,1,1,1,2,1.4,1.85,2,2,1,2,1.75,0.23204077018341215,-1.6643198534183088,-0.4655205237185935,-0.8992197141044981,-0.8853323472358098,-0.9898132227558145,-1.1649501994168372,-1.5211212786917998,-1.6533905501778914,0.6406814488651068,-0.0371986205530966,-0.13441429080437242,-2.032593458242204,-0.6670495258166493,-1.9905163329820863,0.22408148928696825,-2.2101861608710927,-0.4991921320688446,1.3277729760459964,-0.0,-0.0,0.0,19-22,Mother-Son,3.718571428571429,3.3333333333333335,0.5238095238095238,0,0
F1935,5,E5,Eastern,29,0,Rural,2,Female,2,Female,37,14.2,2,1.0,3.32,2.76,2.84,2,4,3,3,3,4,3.17,4,4,4,4,4,4.0,4,4,4,4,4,4.0,3.81,3,3,4,4,4,4,3.67,4,3,3,4,3,3.4,2,2,3,4,2,2.6,3.15,4,3,4,5,4.0,-0.285719020957236,-0.15827490310303177,1.0265559536547082,0.3949134681108181,0.5981920667413537,-0.3135883153982518,0.06867941476941361,0.009753322823954608,0.21553595711027312,-2.287890266452357,-0.9690037506274981,-1.313092378853805,-1.0038728287662915,0.29295047418335063,0.2594836670179137,-0.27591851071303175,-0.21018616087109265,1.1008078679311555,0.07601586329573248,0.0,0.0,0.0,12-15,Mother-Daughter,3.325,3.775,0.4,0,0
F1937,9,C3,Central,62,0,Rural,1,Male,2,Female,41,12.7,3,3.56,3.76,3.41,3.26,3,3,3,3,4,4,3.33,4,4,3,4,4,3.8,3,2,2,2,3,2.4,3.12,4,3,4,4,4,4,3.83,5,4,3,3,4,3.8,3,3,2,3,3,2.8,3.42,4,4,3,3,3.5,-0.12003588779222847,-0.3088793981345596,-0.4655205237185935,-0.5352447566064403,0.7753293102013137,0.02452413828052955,0.2742843504671218,0.32770420160030367,-0.199781044509319,-0.2394903781428742,-0.2621171002262282,-0.4324708188168722,-0.28376838813315247,-0.3970495258166493,-0.2405163329820863,-0.11591851071303161,-0.41018616087109283,-0.4991921320688446,0.09549689596169669,-0.0,-0.0,0.0,12-15,Father-Daughter,3.4633333333333334,3.6944444444444446,0.5,1,0
F1941,15,W3,Western,100,0,Rural,2,Female,1,Male,42,17.4,3,1.77,3.4,3.73,3.01,1,2,2,1,2,1,1.5,2,3,3,2,2,2.4,3,3,3,3,1,2.6,2.13,3,2,3,2,2,1,2.17,3,3,3,3,3,3.0,2,3,2,3,2,2.4,2.54,5,5,5,4,4.75,-2.015036723367001,-1.3631108633552536,-0.27901096404693065,-1.8698196007659855,-1.0624695906957697,-0.6517007690770332,-0.13692552092829502,-0.7085801440411301,0.8385114595396613,-1.6717699875467704,-0.8404789050999943,0.0010659492013095657,-0.7124019837481163,-1.3870495258166495,1.0094836670179137,-1.9459185107130317,-1.8101861608710927,-0.29919213206884443,-1.4002038416568496,-0.0,0.0,-0.0,16-18,Mother-Son,3.563333333333333,3.5925925925925926,0.6296296296296297,0,1
F1947,16,W4,Western,109,0,Rural,2,Female,2,Female,37,16.4,3,4.91,3.72,3.19,3.1,4,4,3,4,3,4,3.67,4,3,4,3,3,3.4,3,5,4,4,4,4.0,3.74,4,5,5,4,4,5,4.5,4,4,5,4,4,4.2,4,5,4,5,4,4.4,4.5,6,5,6,6,5.75,0.23204077018341215,-0.610088388197615,1.0265559536547082,0.3005495902409515,1.5170915171898955,0.3626365919593113,1.9191238360487899,1.5995077167057,1.6691454627788456,0.8407205004578296,-0.32637952298997935,-0.7305273468293726,-0.5580938893267288,0.2229504741833508,2.0094836670179137,0.22408148928696825,-0.8101861608710927,1.1008078679311555,0.4480153364253424,0.0,0.0,0.0,16-18,Mother-Daughter,3.7354999999999996,3.8625,0.55,0,1
F1950,13,W1,Western,90,0,Rural,2,Female,2,Female,41,14.4,3,5.62,3.02,2.42,2.99,1,3,2,3,2,2,2.17,4,4,5,4,5,4.4,2,2,1,1,1,1.4,2.64,3,2,3,3,3,2,2.67,5,5,5,5,5,5.0,2,3,2,2,4,2.6,3.57,5,4,6,4,4.75,-1.3212386032385324,0.1429340869600239,-1.398068322076907,-1.1823113477140985,-0.5089157048833953,1.038861499316874,0.06867941476941361,0.5043435786982752,0.8385114595396613,1.4088314069811627,-1.4509719213556365,-1.773725194873123,-0.7466926713973127,-0.8770495258166493,1.0094836670179137,-1.2759185107130318,0.1898138391289077,-1.4991921320688446,-0.8853671714777135,-0.0,0.0,-0.0,12-15,Mother-Daughter,3.4153846153846152,3.4326923076923075,0.38461538461538464,0,1
F1952,1,E1,Eastern,4,0,Rural,1,Male,2,Female,40,14.8,3,2.37,3.37,2.16,3.35,2,2,2,2,2,2,2.0,5,5,4,5,5,4.8,2,3,2,2,1,2.0,3.02,1,1,2,2,2,2,1.67,3,3,3,3,4,3.2,1,3,2,2,1,1.8,2.15,3,2,3,3,2.75,-1.4972769322263526,0.4441430770230789,-0.8385396430619187,-0.6700502964205359,-1.6160234765081443,-0.4826445422376423,-0.7537403280214202,-1.1678425244958566,-0.8227565469387071,-1.1916762637242353,-0.8886757221728079,-2.125973818887896,-0.129460293711765,-0.4970495258166494,-0.9905163329820863,-1.4459185107130317,0.5898138391289072,-0.8991921320688445,0.4923356736223924,-0.0,-0.0,0.0,12-15,Father-Daughter,3.3230434782608693,3.5760869565217392,0.391304347826087,0,0
F1954,11,C5,Central,77,0,Rural,1,Male,1,Male,50,22.6,4,3.65,3.8,3.11,3.25,4,5,5,5,4,6,4.83,3,3,2,3,3,2.8,2,3,3,3,3,2.8,3.36,2,2,2,3,2,2,2.17,3,4,3,3,3,3.2,1,2,1,2,2,1.6,2.48,2,3,3,3,2.75,1.433243485629716,-1.061901873292198,-0.09250140437526819,-0.21171146105261163,-1.0624695906957697,-0.4826445422376423,-0.9593452637191285,-0.7792358948803189,-0.8227565469387071,-0.16747631956949405,-0.19785467746247629,-0.8389115388339182,-0.3009137319577507,-0.15704952581664955,-0.9905163329820863,1.3840814892869684,-1.4101861608710928,-0.0991921320688447,0.15556012040848322,-0.0,-0.0,0.0,19-22,Father-Son,3.7358333333333333,4.03125,0.75,1,0
F1959,15,W3,Western,101,0,Rural,1,Male,1,Male,47,25.1,4,3.76,4.09,3.37,3.1,2,2,3,2,2,2,2.17,4,4,3,5,4,4.0,2,2,1,1,2,1.6,2.88,2,2,1,1,2,2,1.67,2,2,4,2,1,2.2,2,1,2,2,1,1.6,1.7,3,3,3,3,3.0,-1.3212386032385324,-0.15827490310303177,-1.2115587624052442,-0.8587780521602697,-1.6160234765081443,-1.327925676434596,-0.9593452637191285,-1.6977606557897715,-0.6150980461289112,-0.07945913686869606,0.2680478875747245,-0.48666291481914503,-0.5580938893267288,-0.6370495258166495,-0.7405163329820863,-1.2759185107130318,-0.21018616087109265,-1.2991921320688444,0.4717455787857222,-0.0,-0.0,0.0,23-25,Father-Son,3.8754166666666667,3.6354166666666665,0.5416666666666666,0,1
F1961,13,W1,Western,91,0,Rural,2,Female,2,Female,47,18.7,2,2.32,2.71,3.17,3.01,2,2,2,3,2,2,2.17,5,5,5,6,5,5.2,4,4,4,4,2,3.6,3.56,2,1,1,1,1,2,1.33,5,4,4,5,3,4.2,3,4,4,3,3,3.4,2.76,3,3,3,3,3.0,-1.3212386032385324,0.7453520670861346,0.6535368343113829,0.057899618575579515,-1.9924401188605587,0.3626365919593113,0.8910991575602472,-0.4495090576307719,-0.6150980461289112,-1.2316840740427801,-1.9490056977747132,-0.757623394830509,-0.7124019837481163,0.04295047418335063,-0.7405163329820863,-1.2759185107130318,0.9898138391289075,0.7008078679311556,-0.03180552764209658,0.0,-0.0,-0.0,16-18,Mother-Daughter,3.4524,3.26,0.64,0,1
F1962,16,W4,Western,112,0,Rural,1,Male,2,Female,40,14.6,3,3.19,3.61,3.08,3.45,3,3,4,2,2,2,2.67,6,5,5,5,5,5.2,4,3,4,5,5,4.2,3.98,2,2,3,2,2,3,2.33,3,3,4,4,3,3.4,1,2,2,1,1,1.4,2.42,3,2,3,3,2.75,-0.8034788120978842,0.7453520670861346,1.213065513326371,0.6240828857947803,-0.8853323472358098,-0.3135883153982518,-1.1649501994168372,-0.8498916457195076,-0.8227565469387071,-0.5355481745001042,-0.5031011855902974,-0.8795556108356225,0.04199314453422065,0.46295047418335056,-0.9905163329820863,-0.7759185107130318,0.9898138391289075,1.3008078679311557,-0.4585600060404104,0.0,-0.0,-0.0,12-15,Father-Daughter,3.465,3.9166666666666665,0.3333333333333333,0,1
F1967,18,W6,Western,123,0,Rural,2,Female,2,Female,53,22.3,2,2.56,3.53,3.49,3.33,2,3,2,3,4,2,2.67,5,6,5,5,6,5.4,4,3,4,4,4,3.8,3.98,2,2,3,2,2,2,2.17,4,4,5,4,4,4.2,2,3,3,3,3,2.8,3.14,4,4,4,3,3.75,-0.8034788120978842,0.8959565621176624,0.8400463939830453,0.6240828857947803,-1.0624695906957697,0.3626365919593113,0.2742843504671218,-0.002022635649243253,0.007877456300477073,-1.039646584513766,-0.6316260311178011,-0.32408662681232664,-0.16375098136096214,0.46295047418335056,0.0094836670179137,-0.7759185107130318,1.1898138391289077,0.9008078679311553,0.004390468142940149,0.0,0.0,0.0,19-22,Mother-Daughter,3.376923076923077,4.019230769230769,0.46153846153846156,0,1
F1971,16,W4,Western,106,0,Rural,2,Female,1,Male,52,22.9,2,3.28,3.0,3.41,2.91,4,3,4,3,4,4,3.67,2,3,4,3,3,3.0,2,2,2,1,3,2.0,3.04,3,3,3,2,3,3,2.83,2,3,2,4,3,2.8,1,1,1,1,2,1.2,2.21,4,4,4,4,4.0,0.23204077018341215,-0.9112973782606704,-0.8385396430619187,-0.6430891884577168,-0.33177846142343526,-0.820756995916424,-1.3705551351145455,-1.0971867736566678,0.21553595711027312,-0.46353411592672406,-1.4831031327375124,-0.4324708188168722,-0.8838554219941012,-0.4770495258166494,0.2594836670179137,0.22408148928696825,-1.2101861608710927,-0.8991921320688445,-0.12378656030806108,-0.0,0.0,-0.0,19-22,Mother-Son,3.50375,3.625,0.5416666666666666,0,1
F1974,15,W3,Western,100,0,Rural,1,Male,2,Female,42,18.8,2,4.58,3.4,3.73,3.01,3,5,4,4,4,5,4.17,5,5,4,4,4,4.4,1,1,1,1,1,1.0,3.05,3,3,2,2,3,3,2.67,2,2,3,3,3,2.6,2,2,2,2,1,1.8,2.3,2,3,3,2,2.5,0.7498005613240603,0.1429340869600239,-1.7710874414202322,-0.6296086344763075,-0.5089157048833953,-0.9898132227558145,-0.7537403280214202,-0.9912031473978851,-1.0304150477485032,0.5766689523554354,-0.8404789050999943,0.0010659492013095657,-0.7124019837481163,-0.4670495258166496,-1.2405163329820863,0.7240814892869682,0.1898138391289077,-1.8991921320688445,0.5793825650870924,-0.0,-0.0,0.0,16-18,Father-Daughter,3.563333333333333,3.5925925925925926,0.6296296296296297,0,1
F1979,13,W1,Western,91,0,Rural,2,Female,1,Male,50,20.2,5,2.93,2.71,3.17,3.01,4,5,5,4,5,5,4.67,4,5,5,5,3,4.4,3,4,3,2,3,3.0,3.88,3,3,3,3,3,2,2.83,2,4,2,3,3,2.8,2,2,3,2,2,2.2,2.54,3,3,3,3,3.0,1.2675603524647086,0.1429340869600239,0.09400815529639468,0.48927734598068473,-0.33177846142343526,-0.820756995916424,-0.3425304566260032,-0.7085801440411301,-0.6150980461289112,-0.7435887881565358,-1.9490056977747132,-0.757623394830509,-0.7124019837481163,0.36295047418335047,-0.7405163329820863,1.2240814892869682,0.1898138391289077,0.10080786793115548,-0.2687707541963641,0.0,-0.0,-0.0,19-22,Mother-Son,3.4524,3.26,0.64,0,1
F1983,2,E2,Eastern,9,0,Rural,2,Female,1,Male,51,16.4,2,3.54,4.26,4.39,3.09,2,2,2,1,3,1,1.83,7,7,7,6,6,6.6,1,1,1,2,1,1.2,3.11,1,1,1,2,2,1,1.33,2,3,3,2,3,2.6,1,1,1,1,1,1.0,1.86,2,1,2,2,1.75,-1.673315261214173,1.799583532306828,-1.5845778817485696,-0.5487253105878502,-1.9924401188605587,-0.9898132227558145,-1.576160070812254,-1.5093453202186016,-1.6533905501778914,-0.25549350227029205,0.5411631843206696,0.8952355332388096,-0.5752392331513277,-0.40704952581664955,-1.9905163329820863,-1.6159185107130316,2.389813839128907,-1.6991921320688446,0.8102387294706543,-0.0,-0.0,0.0,16-18,Mother-Son,3.2433333333333336,4.157407407407407,0.5925925925925926,0,0
F1985,7,C1,Central,49,0,Rural,2,Female,2,Female,47,19.4,3,6.81,3.27,4.07,3.75,3,1,2,2,2,3,2.17,6,7,6,6,6,6.2,4,3,4,3,4,3.6,3.94,2,2,2,2,3,2,2.17,4,5,4,5,3,4.2,2,3,2,3,4,2.8,3.19,3,3,3,3,3.0,-1.3212386032385324,1.498374542243773,0.6535368343113829,0.570160669869142,-1.0624695906957697,0.3626365919593113,0.2742843504671218,0.0568571567167471,-0.6150980461289112,2.3610172925625235,-1.0493317790821877,0.46169876522062836,0.5563534592721768,0.4229504741833505,-0.7405163329820863,-1.2759185107130318,1.9898138391289075,0.7008078679311556,-0.3132017341752893,0.0,-0.0,-0.0,19-22,Mother-Daughter,3.39,3.4711538461538463,0.4230769230769231,1,0
F1988,3,E3,Eastern,20,0,Rural,2,Female,1,Male,44,16.1,5,3.27,3.17,3.14,3.88,5,5,5,4,4,4,4.5,3,4,3,4,3,3.4,1,1,1,1,1,1.0,2.93,4,4,5,4,4,4,4.17,3,4,3,3,3,3.2,2,2,3,3,2,2.4,3.15,3,3,3,3,3.0,1.091522023476888,-0.610088388197615,-1.7710874414202322,-0.7913752822532216,1.1517459525537281,-0.4826445422376423,-0.13692552092829502,0.009753322823954608,-0.6150980461289112,-0.47153567799043283,-1.2099878359915672,-0.7982674668322133,0.7792429289919578,-0.5870495258166493,-0.7405163329820863,1.0540814892869683,-0.8101861608710927,-1.8991921320688445,0.4347197621366177,-0.0,-0.0,0.0,16-18,Mother-Son,3.286111111111111,3.8055555555555554,0.5,0,0
F1989,4,E4,Eastern,24,0,Rural,1,Male,1,Male,54,19.8,1,3.95,3.62,3.33,3.54,2,1,2,2,2,1,1.67,4,3,4,4,5,4.0,3,3,4,3,3,3.2,2.74,2,2,2,3,2,2,2.17,4,4,3,3,3,3.4,3,3,2,2,3,2.6,2.74,5,4,4,3,4.0,-1.8389983943791806,-0.15827490310303177,0.28051771496805755,-1.047505807900003,-1.0624695906957697,-0.3135883153982518,0.06867941476941361,-0.4730609745771676,0.21553595711027312,0.07257054234177368,-0.48703557989935903,-0.5408550108214178,0.19630123895560736,-0.7770495258166492,0.2594836670179137,-1.7759185107130318,-0.21018616087109265,0.30080786793115566,-0.20163166041343514,-0.0,0.0,-0.0,19-22,Father-Son,3.5157692307692305,3.4615384615384617,0.4230769230769231,0,0
F1995,7,C1,Central,48,0,Rural,2,Female,1,Male,39,12.2,3,3.72,2.93,2.64,3.34,4,5,4,3,4,4,4.0,5,5,5,5,5,5.0,5,4,4,4,4,4.2,4.4,4,4,4,5,4,4,4.17,5,6,6,4,5,5.2,4,4,4,5,4,4.2,4.43,6,5,6,6,5.75,0.57376223233624,0.5947475720546067,1.213065513326371,1.1902661530139818,1.1517459525537281,1.2079177261562648,1.7135189003510811,1.5170760073933127,1.6691454627788456,-0.11146538512353141,-1.595562372574078,-1.4756686668606227,-0.14660563753636396,0.8829504741833509,2.0094836670179137,0.5540814892869683,0.7898138391289073,1.3008078679311557,1.7742745566571658,0.0,0.0,0.0,12-15,Mother-Son,4.048421052631579,3.8552631578947367,0.6842105263157895,1,0
F1996,18,W6,Western,121,0,Rural,1,Male,2,Female,40,14.7,2,2.3,3.74,2.85,2.64,2,3,3,3,3,3,2.83,3,4,3,4,3,3.4,4,4,4,3,4,3.8,3.3,4,3,3,4,4,4,3.67,3,3,3,4,2,3.0,2,2,3,3,3,2.6,3.04,3,4,4,4,3.75,-0.6377956789328766,-0.610088388197615,0.8400463939830453,-0.29259478494106894,0.5981920667413537,-0.6517007690770332,0.06867941476941361,-0.11978222038122448,0.007877456300477073,-1.247687198170198,-0.2942483116081034,-1.1911601628486908,-1.346779705258262,-0.2170495258166496,0.0094836670179137,-0.6159185107130316,-0.8101861608710927,0.9008078679311553,-0.002058425429241168,-0.0,0.0,-0.0,12-15,Father-Daughter,3.6463636363636365,3.7954545454545454,0.5909090909090909,0,1
F1999,14,W2,Western,98,0,Rural,2,Female,2,Female,37,17.2,4,2.75,3.58,3.19,3.23,2,3,3,2,2,2,2.33,4,3,3,4,3,3.4,3,4,4,5,4,4.0,3.27,3,2,2,2,3,2,2.33,3,3,3,3,4,3.2,2,2,2,2,2,2.0,2.52,3,3,3,3,3.0,-1.1555554700735249,-0.610088388197615,1.0265559536547082,-0.3330364468852973,-0.8853323472358098,-0.4826445422376423,-0.5481353923237118,-0.7321320609875264,-0.6150980461289112,-0.8876169053032965,-0.5512980026631109,-0.7305273468293726,-0.3352044196069478,-0.2470495258166494,-0.7405163329820863,-1.1159185107130316,-0.8101861608710927,1.1008078679311555,0.1829442089227085,-0.0,-0.0,0.0,16-18,Mother-Daughter,3.403461538461538,3.8173076923076925,0.46153846153846156,0,1
F2000,2,E2,Eastern,12,0,Rural,1,Male,2,Female,46,13.6,2,2.88,3.05,2.8,2.59,3,3,2,3,4,2,2.83,1,2,1,2,1,1.4,3,3,2,2,3,2.6,2.3,3,4,2,2,3,2,2.67,2,2,2,2,1,1.8,2,2,3,2,3,2.4,2.34,3,3,4,4,3.5,-0.6377956789328766,-2.116133338512892,-0.27901096404693065,-1.6406501830820235,-0.5089157048833953,-1.6660381301133775,-0.13692552092829502,-0.9440993135050926,-0.199781044509319,-0.7835965984750807,-1.402775104282823,-1.258900282851532,-1.4325064243812553,-1.2170495258166496,-0.2405163329820863,-0.6159185107130316,-2.8101861608710927,-0.29919213206884443,0.29272028900700753,-0.0,-0.0,0.0,12-15,Father-Daughter,3.502,3.24,0.6,0,0
F2001,9,C3,Central,61,0,Rural,2,Female,2,Female,54,19.2,4,2.42,3.55,2.98,3.67,3,3,3,3,4,3,3.17,2,2,3,2,2,2.2,4,4,4,3,4,3.8,3.18,2,2,2,2,1,3,2.0,4,3,3,4,3,3.4,4,4,4,4,2,3.6,3.32,6,5,4,4,4.75,-0.285719020957236,-1.513715358386781,0.8400463939830453,-0.454361432717983,-1.250677911871977,-0.3135883153982518,1.0967040932579557,0.20994461686832241,0.8385114595396613,-1.151668453405691,-0.5994948197359252,-1.0150358508413044,0.4191907086753883,-0.33704952581664926,1.0094836670179137,-0.27591851071303175,-2.0101861608710925,0.9008078679311553,-0.34024599128804006,-0.0,0.0,-0.0,19-22,Mother-Daughter,3.3058333333333336,3.7083333333333335,0.375,1,0
F2003,8,C2,Central,51,0,Rural,1,Male,2,Female,51,18.6,4,3.17,3.39,2.03,3.12,4,3,3,4,3,4,3.5,4,4,5,4,5,4.4,3,3,2,3,2,2.6,3.49,3,4,3,4,4,3,3.5,4,6,4,5,5,4.8,1,2,1,2,1,1.4,3.61,5,4,5,5,4.75,0.05600244119559184,0.1429340869600239,-0.27901096404693065,-0.03646425929428708,0.40998374556514644,0.8698052724774832,-1.1649501994168372,0.5514474125910677,0.8385114595396613,-0.5515512986275221,-0.856544510790932,-2.3020981308952826,-0.5238032016775316,-0.02704952581664921,1.0094836670179137,0.05408148928696832,0.1898138391289077,-0.29919213206884443,-0.02730605451248677,-0.0,0.0,-0.0,16-18,Father-Daughter,3.409047619047619,3.5,0.42857142857142855,1,0
F2004,11,C5,Central,76,0,Rural,2,Female,2,Female,48,19.0,3,2.72,3.68,3.43,3.19,5,3,5,4,4,5,4.33,2,1,2,2,2,1.8,2,3,4,3,4,3.2,2.99,3,3,4,3,3,4,3.33,3,2,3,4,3,3.0,2,1,1,1,1,1.2,2.36,5,3,4,4,4.0,0.9154836944890679,-1.8149243484498367,0.28051771496805755,-0.7104919583647643,0.2217754243889392,-0.6517007690770332,-1.3705551351145455,-0.9205473965586963,0.21553595711027312,-0.9116215914944231,-0.39064194575373123,-0.4053747708157358,-0.40378579490534205,-0.5270495258166492,0.2594836670179137,0.8840814892869684,-2.410186160871093,0.30080786793115566,-0.1367607436589567,-0.0,0.0,-0.0,19-22,Mother-Daughter,3.7304000000000004,3.26,0.64,1,0
F2005,9,C3,Central,63,0,Rural,1,Male,2,Female,55,22.9,3,5.27,4.28,2.84,3.73,1,2,2,1,2,1,1.5,3,3,3,3,3,3.0,3,4,4,4,3,3.6,2.96,2,2,2,2,1,3,2.0,2,2,2,2,3,2.2,1,2,3,2,1,1.8,2.19,3,4,3,3,3.25,-2.015036723367001,-0.9112973782606704,0.6535368343113829,-0.7509336203089932,-1.250677911871977,-1.327925676434596,-0.7537403280214202,-1.120738690603064,-0.4074395453191151,1.1287767347513502,0.5732943957025463,-1.2047081868492593,0.5220627716229798,-0.5570495258166495,-0.4905163329820863,-1.9459185107130317,-1.2101861608710927,0.7008078679311556,0.27324189069299293,-0.0,-0.0,0.0,19-22,Father-Daughter,3.4166666666666665,4.116666666666666,0.6,1,0
F2007,15,W3,Western,104,0,Rural,2,Female,1,Male,52,21.2,4,5.79,3.99,3.85,4.17,5,4,4,4,4,5,4.33,4,3,4,5,4,4.0,3,2,3,2,3,2.6,3.42,5,4,5,3,4,5,4.33,3,4,4,4,5,4.0,4,3,4,3,4,3.6,3.91,6,6,5,6,5.75,0.9154836944890679,-0.15827490310303177,-0.27901096404693065,-0.13082813716415428,1.3288831960136882,0.1935803651199204,1.0967040932579557,0.9047261667870113,1.6691454627788456,1.5448579620642142,0.10739183066534548,0.16364223720812796,1.2764578999053158,-0.0970495258166495,2.0094836670179137,0.8840814892869684,-0.21018616087109265,-0.29919213206884443,-0.1950194370203905,-0.0,0.0,-0.0,19-22,Mother-Son,3.706875,4.109375,0.8125,0,1
F2010,6,E6,Eastern,37,0,Rural,2,Female,1,Male,41,20.9,2,2.89,3.39,3.05,2.85,4,3,4,4,3,4,3.67,6,6,7,6,7,6.4,3,3,4,3,3,3.2,4.42,2,4,4,3,3,3,3.17,4,4,3,3,3,3.4,1,1,2,1,1,1.2,2.56,3,3,3,2,2.75,0.23204077018341215,1.648979037275301,0.28051771496805755,1.2172272609768002,0.04463818092897921,-0.3135883153982518,-1.3705551351145455,-0.6850282270947339,-0.8227565469387071,-0.7755950364113716,-0.856544510790932,-0.9201996828373274,-0.9867274849416925,0.9029504741833505,-0.9905163329820863,0.22408148928696825,2.1898138391289077,0.30080786793115566,-0.8943871925525283,0.0,-0.0,-0.0,19-22,Mother-Son,3.7880000000000003,3.86,0.6,0,0
F2012,9,C3,Central,58,0,Rural,2,Female,2,Female,51,21.1,3,3.72,3.04,2.73,3.17,3,3,4,2,4,3,3.17,3,3,4,3,2,3.0,2,1,2,2,2,1.8,2.81,2,2,2,2,3,3,2.33,2,2,3,2,2,2.2,1,1,1,1,1,1.0,1.82,2,2,2,3,2.25,-0.285719020957236,-0.9112973782606704,-1.0250492027335814,-0.9531419300301364,-0.8853323472358098,-1.327925676434596,-1.576160070812254,-1.556449154111394,-1.2380735485582992,-0.11146538512353141,-1.4188407099737605,-1.3537364508555092,-0.4380764825545392,-0.7070495258166494,-1.4905163329820863,-0.27591851071303175,-1.2101861608710927,-1.0991921320688445,1.053868866456955,-0.0,-0.0,0.0,19-22,Mother-Daughter,3.3766666666666665,3.475,0.43333333333333335,1,0
F2013,5,E5,Eastern,34,0,Rural,1,Male,1,Male,43,12.9,2,4.14,3.13,2.93,2.16,3,4,3,3,3,3,3.17,4,4,3,4,4,3.8,4,3,4,3,4,3.6,3.53,3,3,2,3,2,3,2.67,3,4,2,5,3,3.4,3,4,3,2,3,3.0,3.14,3,4,4,5,4.0,-0.285719020957236,-0.3088793981345596,0.6535368343113829,0.01745795663135055,-0.5089157048833953,-0.3135883153982518,0.4798892861648304,-0.002022635649243253,0.21553595711027312,0.2246002215522427,-1.2742502587553193,-1.0827759708441451,-2.1697562088389923,0.01295047418335038,0.2594836670179137,-0.27591851071303175,-0.41018616087109283,0.7008078679311556,0.003360436530716578,0.0,0.0,0.0,12-15,Father-Son,3.33125,3.453125,0.375,0,0
F2015,6,E6,Eastern,36,0,Rural,2,Female,2,Female,44,18.0,3,4.48,3.73,2.59,3.07,4,5,5,5,5,4,4.67,3,3,4,5,5,4.0,2,3,3,2,3,2.6,3.47,3,4,3,3,3,3,3.17,3,4,3,3,3,3.2,2,1,1,1,2,1.4,2.67,3,2,2,3,2.5,1.2675603524647086,-0.15827490310303177,-0.27901096404693065,-0.0634253672571062,0.04463818092897921,-0.4826445422376423,-1.1649501994168372,-0.5554926838895548,-1.0304150477485032,0.49665333171834647,-0.31031391729904173,-1.543408786863464,-0.6095299208005248,-0.04704952581664923,-1.2405163329820863,1.2240814892869682,-0.21018616087109265,-0.29919213206884443,0.0583657052346157,-0.0,-0.0,0.0,16-18,Mother-Daughter,3.4104347826086956,3.967391304347826,0.4782608695652174,0,0
F2016,3,E3,Eastern,15,0,Rural,1,Male,2,Female,51,20.7,2,3.2,4.68,4.44,3.04,5,4,4,5,5,3,4.33,4,3,3,3,3,3.2,6,4,4,4,5,4.6,4.12,3,3,2,2,3,4,2.83,3,1,2,2,2,2.0,4,3,3,3,2,3.0,2.63,3,3,3,3,3.0,0.9154836944890679,-0.7606928832291425,1.5860846326696958,0.8128106415345141,-0.33177846142343526,-1.4969819032739868,0.4798892861648304,-0.6025965177823472,-0.6150980461289112,-0.5275466124363951,1.2159186233400636,0.9629756532416515,-0.6609659522743202,0.6029504741833507,-0.7405163329820863,0.8840814892869684,-1.0101861608710925,1.7008078679311551,-0.44649467411206495,0.0,-0.0,-0.0,19-22,Father-Daughter,3.4895833333333335,3.5416666666666665,0.4166666666666667,0,0
F2020,13,W1,Western,91,0,Rural,1,Male,2,Female,45,13.8,2,4.5,2.71,3.17,3.01,2,3,3,3,2,3,2.67,6,6,5,5,5,5.4,3,3,3,3,4,3.2,3.63,2,3,2,2,2,2,2.17,1,2,2,1,2,1.6,2,1,2,1,2,1.6,1.5,2,2,2,2,2.0,-0.8034788120978842,0.8959565621176624,0.28051771496805755,0.15226349644544612,-1.0624695906957697,-1.8350943569527682,-0.9593452637191285,-1.9332798252537338,-1.4457320493680954,0.512656455845764,-1.9490056977747132,-0.757623394830509,-0.7124019837481163,0.11295047418335047,-1.7405163329820863,-0.7759185107130318,1.1898138391289077,0.30080786793115566,-0.19659214513419296,0.0,-0.0,-0.0,12-15,Father-Daughter,3.4524,3.26,0.64,0,1
F2021,7,C1,Central,49,0,Rural,2,Female,1,Male,53,20.0,2,2.87,3.27,4.07,3.75,3,3,5,4,4,5,4.0,4,5,4,4,5,4.4,3,2,3,2,3,2.6,3.46,3,3,3,3,3,4,3.17,2,2,2,1,2,1.8,1,1,1,1,1,1.0,1.98,1,2,2,1,1.5,0.57376223233624,0.1429340869600239,-0.27901096404693065,-0.07690592123851604,0.04463818092897921,-1.6660381301133775,-1.576160070812254,-1.3680338185402243,-1.8610490509876876,-0.7915981605387894,-1.0493317790821877,0.46169876522062836,0.5563534592721768,-0.05704952581664946,-2.2405163329820863,0.5540814892869683,0.1898138391289077,-0.29919213206884443,0.1278203943810863,-0.0,-0.0,0.0,19-22,Mother-Son,3.39,3.4711538461538463,0.4230769230769231,1,0
F2023,14,W2,Western,97,0,Rural,1,Male,2,Female,38,13.7,2,4.57,2.53,3.33,2.43,2,2,2,1,3,2,2.0,3,5,5,4,4,4.2,4,5,4,3,4,4.0,3.25,2,2,3,1,2,2,2.0,4,4,4,4,5,4.2,2,3,3,3,3,2.8,3.03,3,5,3,4,3.75,-1.4972769322263526,-0.0076704080715039435,1.0265559536547082,-0.35999755484811646,-1.250677911871977,0.3626365919593113,0.2742843504671218,-0.13155817885442286,0.007877456300477073,0.5686673902917266,-2.2381866002115967,-0.5408550108214178,-1.7068319255748314,-0.2670495258166494,0.0094836670179137,-1.4459185107130317,-0.010186160871092476,1.1008078679311555,-0.002532608780136851,-0.0,0.0,-0.0,12-15,Father-Daughter,3.580769230769231,3.9423076923076925,0.6153846153846154,0,1
F2024,1,E1,Eastern,3,0,Rural,1,Male,1,Male,44,13.4,4,2.81,3.9,3.63,2.24,3,1,2,2,2,2,2.0,5,5,4,5,4,4.6,2,2,2,3,3,2.4,3.0,3,2,3,1,2,2,2.17,5,4,5,6,5,5.0,2,2,3,2,3,2.4,3.05,4,5,5,4,4.5,-1.4972769322263526,0.2935385819915511,-0.4655205237185935,-0.6970114043833551,-1.0624695906957697,1.038861499316874,-0.13692552092829502,-0.10800626190802662,0.6308529587298652,-0.839607532921043,-0.0371986205530966,-0.13441429080437242,-2.032593458242204,-0.5170495258166494,0.7594836670179137,-1.4459185107130317,0.389813839128907,-0.4991921320688446,-0.39269066989710233,-0.0,0.0,-0.0,12-15,Father-Son,3.718571428571429,3.3333333333333335,0.5238095238095238,0,0
F2026,12,C6,Central,81,0,Rural,2,Female,1,Male,40,14.5,2,1.5,2.58,3.33,2.75,3,4,3,3,3,3,3.17,5,6,4,4,4,4.6,3,2,2,2,2,2.2,3.36,4,3,4,4,4,4,3.83,4,4,4,4,5,4.2,3,2,2,3,3,2.6,3.61,5,5,5,5,5.0,-0.285719020957236,0.2935385819915511,-0.6520300833902559,-0.21171146105261163,0.7753293102013137,0.3626365919593113,0.06867941476941361,0.5514474125910677,1.0461699603494574,-1.8878121632669111,-2.1578585717569063,-0.5408550108214178,-1.1581809231876783,-0.15704952581664955,1.2594836670179137,-0.27591851071303175,0.389813839128907,-0.6991921320688443,-0.19780131267897827,-0.0,0.0,-0.0,12-15,Mother-Son,3.0680952380952378,3.857142857142857,0.23809523809523808,1,0
F2027,2,E2,Eastern,9,0,Rural,2,Female,1,Male,51,19.4,2,4.14,4.26,4.39,3.09,4,3,3,3,3,3,3.17,3,3,2,3,3,2.8,5,3,3,2,3,3.2,3.08,4,4,2,4,3,3,3.33,3,2,3,3,3,2.8,1,3,1,2,2,1.8,2.81,5,4,4,5,4.5,-0.285719020957236,-1.061901873292198,0.28051771496805755,-0.5891669725320786,0.2217754243889392,-0.820756995916424,-0.7537403280214202,-0.39062926526478103,0.6308529587298652,0.2246002215522427,0.5411631843206696,0.8952355332388096,-0.5752392331513277,-0.43704952581664935,0.7594836670179137,-0.27591851071303175,-1.4101861608710928,0.30080786793115566,-0.3319319765356692,-0.0,0.0,-0.0,19-22,Mother-Son,3.2433333333333336,4.157407407407407,0.5925925925925926,0,0
F2030,14,W2,Western,98,0,Rural,1,Male,1,Male,51,22.6,3,3.44,3.58,3.19,3.23,3,3,3,4,3,3,3.17,3,2,2,2,2,2.2,4,4,4,4,5,4.2,2.98,2,3,2,2,3,2,2.33,2,3,2,3,2,2.4,1,1,1,2,2,1.4,2.05,3,3,2,4,3.0,-0.285719020957236,-1.513715358386781,1.213065513326371,-0.7239725123461742,-0.8853323472358098,-1.1588694495952054,-1.1649501994168372,-1.2856021092278378,-0.6150980461289112,-0.3355091229073813,-0.5512980026631109,-0.7305273468293726,-0.3352044196069478,-0.5370495258166494,-0.7405163329820863,-0.27591851071303175,-2.0101861608710925,1.3008078679311557,0.3976939454875135,-0.0,-0.0,0.0,19-22,Father-Son,3.403461538461538,3.8173076923076925,0.46153846153846156,0,1
F2032,12,C6,Central,83,0,Rural,2,Female,1,Male,41,19.6,5,3.96,3.81,3.97,3.46,5,4,4,4,4,4,4.17,3,3,1,2,2,2.2,2,2,3,3,3,2.6,2.58,3,3,3,2,3,3,2.83,1,2,2,2,3,2.0,1,2,2,2,2,1.8,2.03,3,4,4,3,3.5,0.7498005613240603,-1.513715358386781,-0.27901096404693065,-1.2631946716025557,-0.33177846142343526,-1.4969819032739868,-0.7537403280214202,-1.309154026174234,-0.199781044509319,0.08057210440548243,-0.18178907177153797,0.3262185252149464,0.05913848835881884,-0.9370495258166494,-0.2405163329820863,0.7240814892869682,-2.0101861608710925,-0.29919213206884443,0.2253757157720233,-0.0,-0.0,0.0,19-22,Mother-Son,3.5046666666666666,3.9916666666666667,0.6666666666666666,1,0
F2033,9,C3,Central,61,0,Rural,1,Male,2,Female,49,19.0,3,5.14,3.55,2.98,3.67,3,4,4,3,4,3,3.5,4,3,2,3,4,3.2,2,3,3,3,3,2.8,3.18,2,2,3,1,1,2,1.83,1,2,1,2,2,1.6,1,2,1,2,2,1.6,1.7,2,2,1,2,1.75,0.05600244119559184,-0.7606928832291425,-0.09250140437526819,-0.454361432717983,-1.4388862330481842,-1.8350943569527682,-0.9593452637191285,-1.6977606557897715,-1.6533905501778914,1.0247564279231345,-0.5994948197359252,-1.0150358508413044,0.4191907086753883,-0.33704952581664926,-1.9905163329820863,0.05408148928696832,-1.0101861608710925,-0.0991921320688447,0.6709025861619077,-0.0,-0.0,0.0,19-22,Father-Daughter,3.3058333333333336,3.7083333333333335,0.375,1,0
F2035,16,W4,Western,108,0,Rural,1,Male,1,Male,36,13.2,2,4.42,3.36,3.37,2.46,2,3,2,2,2,3,2.33,2,1,1,2,2,1.6,1,1,1,2,2,1.4,2.01,2,1,2,1,1,3,1.67,3,3,2,2,1,2.2,1,1,1,1,1,1.0,1.55,3,3,3,2,2.75,-1.1555554700735249,-1.9655288434813643,-1.398068322076907,-2.0315862485429004,-1.6160234765081443,-1.327925676434596,-1.576160070812254,-1.8744000328877433,-0.8227565469387071,0.4486439593360926,-0.9047413278637463,-0.48666291481914503,-1.6553958941010363,-1.5070495258166496,-0.9905163329820863,-1.1159185107130316,-2.6101861608710926,-1.4991921320688446,1.4927571699342999,-0.0,-0.0,0.0,12-15,Father-Son,3.373,4.225,0.5,0,1
F2036,9,C3,Central,58,0,Rural,2,Female,1,Male,48,20.2,2,4.4,3.04,2.73,3.17,2,2,2,2,1,2,1.83,5,4,4,5,5,4.6,3,2,2,3,2,2.4,3.15,1,2,2,2,2,2,1.83,4,5,4,4,5,4.4,1,2,3,3,3,2.4,3.11,4,5,4,4,4.25,-1.673315261214173,0.2935385819915511,-0.4655205237185935,-0.494803094662212,-1.4388862330481842,0.5316928187987021,-0.13692552092829502,-0.03735051106883788,0.4231944579200692,0.4326408352086751,-1.4188407099737605,-1.3537364508555092,-0.4380764825545392,-0.3670495258166495,0.5094836670179137,-1.6159185107130316,0.389813839128907,-0.4991921320688446,-0.18700573839025297,-0.0,0.0,-0.0,19-22,Mother-Son,3.3766666666666665,3.475,0.43333333333333335,1,0
F2039,10,C4,Central,65,0,Rural,2,Female,1,Male,43,18.8,2,3.8,3.33,2.3,2.29,3,3,5,4,4,4,3.83,2,1,1,2,2,1.6,3,3,2,2,1,2.2,2.43,2,3,2,3,3,3,2.67,2,3,2,2,1,2.0,1,2,2,1,2,1.6,2.15,3,1,2,2,2.0,0.3977239033484197,-1.9655288434813643,-0.6520300833902559,-1.4654029813236988,-0.5089157048833953,-1.4969819032739868,-0.9593452637191285,-1.1678425244958566,-1.4457320493680954,-0.047452888613860364,-0.9529381449365598,-1.9363014828799414,-1.9468667391192114,-1.0870495258166493,-1.7405163329820863,0.3840814892869684,-2.6101861608710926,-0.6991921320688443,1.89202745444431,-0.0,-0.0,0.0,16-18,Mother-Son,3.693157894736842,4.078947368421052,0.6842105263157895,1,0
F2042,3,E3,Eastern,16,0,Rural,2,Female,1,Male,45,17.3,4,5.12,2.85,2.85,2.75,3,4,4,3,4,4,3.67,2,2,2,3,4,2.6,3,3,3,4,2,3.0,3.1,2,3,3,3,4,3,3.0,3,3,5,3,3,3.4,2,2,3,2,2,2.2,2.94,5,4,3,3,3.75,0.23204077018341215,-1.2125063683237256,0.09400815529639468,-0.5622058645692595,-0.14357014024722803,-0.3135883153982518,-0.3425304566260032,-0.2375418051132057,0.007877456300477073,1.0087533037957168,-1.7240872181015816,-1.1911601628486908,-1.1581809231876783,-0.41704952581664934,0.0094836670179137,0.22408148928696825,-1.6101861608710926,0.10080786793115548,-0.003955158832823906,-0.0,0.0,-0.0,16-18,Mother-Son,3.6174074074074074,3.6666666666666665,0.48148148148148145,0,0
F2045,8,C2,Central,56,0,Rural,2,Female,2,Female,49,22.7,1,2.53,3.71,3.28,4.03,4,4,4,4,5,4,4.17,4,6,5,6,6,5.4,2,3,3,2,1,2.2,4.18,4,3,3,3,4,3,3.33,4,3,3,4,3,3.4,3,2,2,2,2,2.2,3.07,4,3,4,3,3.5,0.7498005613240603,0.8959565621176624,-0.6520300833902559,0.8936939654229709,0.2217754243889392,-0.3135883153982518,-0.3425304566260032,-0.08445434496163037,-0.199781044509319,-1.0636512707048928,-0.34244512868091764,-0.6085951308242591,1.0364230863609367,0.6629504741833503,-0.2405163329820863,0.7240814892869682,1.1898138391289077,-0.6991921320688443,-0.1594504169993147,0.0,-0.0,-0.0,19-22,Mother-Daughter,3.631,4.083333333333333,0.4666666666666667,1,0
F2046,16,W4,Western,109,0,Rural,2,Female,1,Male,50,18.2,4,2.25,3.72,3.19,3.1,3,3,3,2,3,3,2.83,2,1,3,2,2,2.0,2,2,2,2,2,2.0,2.25,2,2,2,3,2,2,2.17,2,2,3,3,1,2.2,2,2,2,1,2,1.8,2.03,3,2,2,3,2.5,-0.6377956789328766,-1.6643198534183088,-0.8385396430619187,-1.708052952989071,-1.0624695906957697,-1.327925676434596,-0.7537403280214202,-1.309154026174234,-1.0304150477485032,-1.2876950084887424,-0.32637952298997935,-0.7305273468293726,-0.5580938893267288,-1.2670495258166494,-1.2405163329820863,-0.6159185107130316,-2.2101861608710927,-0.8991921320688445,1.5717956314727612,-0.0,-0.0,0.0,16-18,Mother-Son,3.7354999999999996,3.8625,0.55,0,1
F2048,13,W1,Western,86,0,Rural,2,Female,2,Female,51,20.5,3,6.31,2.68,3.14,3.64,2,2,2,2,4,3,2.5,4,5,4,4,5,4.4,2,1,1,2,1,1.4,2.74,1,3,3,4,2,3,2.67,4,3,4,4,3,3.6,1,1,1,2,1,1.2,2.54,2,3,4,4,3.25,-0.9795171410857045,0.1429340869600239,-1.398068322076907,-1.047505807900003,-0.5089157048833953,-0.14453208855886093,-1.3705551351145455,-0.7085801440411301,-0.4074395453191151,1.9609391893770776,-1.9972025148475268,-0.7982674668322133,0.367754677201593,-0.7770495258166492,-0.4905163329820863,-0.9459185107130317,0.1898138391289077,-1.4991921320688446,0.38115548394905174,-0.0,-0.0,0.0,19-22,Mother-Daughter,3.28962962962963,3.6481481481481484,0.4444444444444444,0,1
F2057,6,E6,Eastern,42,0,Rural,2,Female,1,Male,48,17.3,3,2.88,3.18,3.09,3.67,1,1,1,2,1,1,1.17,2,2,3,3,3,2.6,2,3,2,2,2,2.2,1.86,1,1,1,1,1,1,1.0,3,2,4,3,3,3.0,1,1,1,2,3,1.6,1.63,2,2,2,1,1.75,-2.3567581855198285,-1.2125063683237256,-0.6520300833902559,-2.233794558264043,-2.357785683496726,-0.6517007690770332,-0.9593452637191285,-1.7801923651021585,-1.6533905501778914,-0.7835965984750807,-1.193922230300629,-0.8660075868350546,0.4191907086753883,-1.6570495258166493,-1.9905163329820863,-2.2759185107130318,-1.6101861608710926,-0.6991921320688443,3.298384145698262,-0.0,-0.0,0.0,16-18,Mother-Son,3.636060606060606,3.909090909090909,0.5757575757575758,0,0
F2062,2,E2,Eastern,10,0,Rural,2,Female,2,Female,38,13.0,2,3.22,3.38,2.75,2.71,4,3,4,3,3,4,3.5,4,3,4,3,4,3.6,2,2,2,2,2,2.0,2.76,4,3,3,4,3,3,3.33,2,2,3,3,3,2.6,2,2,1,1,2,1.6,2.76,4,4,3,3,3.5,0.05600244119559184,-0.4594838931660871,-0.8385396430619187,-1.0205446999371843,0.2217754243889392,-0.9898132227558145,-0.9593452637191285,-0.4495090576307719,-0.199781044509319,-0.5115434883089772,-0.8726101164818703,-1.3266404028543728,-1.2267622984860724,-0.7570495258166496,-0.2405163329820863,0.05408148928696832,-0.6101861608710926,-0.8991921320688445,0.18208277583524785,-0.0,-0.0,0.0,12-15,Mother-Daughter,3.5320689655172415,3.7241379310344827,0.6206896551724138,0,0
F2064,4,E4,Eastern,22,0,Rural,2,Female,1,Male,46,18.6,5,2.18,3.42,2.84,2.72,3,3,2,3,4,3,3.0,3,3,3,2,3,2.8,4,4,4,4,4,4.0,3.0,3,4,4,3,3,3,3.33,1,2,1,1,2,1.4,2,2,2,1,2,1.8,1.97,2,3,2,3,2.5,-0.46175734994505635,-1.061901873292198,1.0265559536547082,-0.6970114043833551,0.2217754243889392,-2.004150583792159,-0.7537403280214202,-1.3798097770134226,-1.0304150477485032,-1.3437059429347047,-0.8083476937181184,-1.2047081868492593,-1.2096169546614735,-0.5170495258166494,-1.2405163329820863,-0.4459185107130317,-1.4101861608710928,1.1008078679311555,0.6414083817361965,-0.0,-0.0,0.0,16-18,Mother-Son,3.5074193548387096,3.4919354838709675,0.45161290322580644,0,0
F2068,5,E5,Eastern,35,0,Rural,1,Male,2,Female,44,17.2,3,3.69,3.52,3.79,3.18,3,3,4,3,4,3,3.33,3,3,4,4,3,3.4,2,3,2,2,2,2.2,3.18,3,3,3,3,3,2,2.83,3,2,3,2,3,2.6,2,2,2,2,2,2.0,2.26,2,2,3,2,2.25,-0.12003588779222847,-0.610088388197615,-0.6520300833902559,-0.454361432717983,-0.33177846142343526,-0.9898132227558145,-0.5481353923237118,-1.0383069812906776,-1.2380735485582992,-0.13547007131465835,-0.6476916368087388,0.08235409320471876,-0.42093113872994026,-0.33704952581664926,-1.4905163329820863,-0.11591851071303161,-0.8101861608710927,-0.6991921320688443,0.502377823253583,-0.0,-0.0,0.0,16-18,Father-Daughter,3.447777777777778,3.6944444444444446,0.4444444444444444,0,0
F2069,8,C2,Central,56,0,Rural,1,Male,2,Female,45,19.3,5,1.31,3.71,3.28,4.03,4,4,4,4,4,4,4.0,4,3,3,4,4,3.6,2,3,1,3,3,2.4,3.33,4,4,3,4,3,2,3.33,3,3,3,3,2,2.8,1,2,1,1,1,1.2,2.53,4,3,4,3,3.5,0.57376223233624,-0.4594838931660871,-0.4655205237185935,-0.25215312299684,0.2217754243889392,-0.820756995916424,-1.3705551351145455,-0.7203561025143285,-0.199781044509319,-2.0398418424773808,-0.34244512868091764,-0.6085951308242591,1.0364230863609367,-0.18704952581664935,-0.2405163329820863,0.5540814892869683,-0.6101861608710926,-0.4991921320688446,0.044988466035458585,-0.0,-0.0,0.0,19-22,Father-Daughter,3.631,4.083333333333333,0.4666666666666667,1,0
F2070,16,W4,Western,107,0,Rural,1,Male,2,Female,41,15.2,3,2.26,3.59,2.9,2.83,2,3,2,3,2,3,2.5,5,5,5,5,5,5.0,2,3,3,3,3,2.8,3.39,1,2,1,2,3,3,2.0,4,5,4,4,4,4.2,2,3,1,2,2,2.0,2.6,4,3,3,3,3.25,-0.9795171410857045,0.5947475720546067,-0.09250140437526819,-0.17126979910838264,-1.250677911871977,0.3626365919593113,-0.5481353923237118,-0.6379243932019414,-0.4074395453191151,-1.2796934464250336,-0.5352323969721733,-1.12342004284585,-1.0210181725908896,-0.1270495258166493,-0.4905163329820863,-0.9459185107130317,0.7898138391289073,-0.0991921320688447,0.062319867510695716,-0.0,-0.0,0.0,12-15,Father-Daughter,3.7623809523809526,4.142857142857143,0.5238095238095238,0,1
F2072,3,E3,Eastern,15,0,Rural,1,Male,2,Female,42,17.4,2,1.84,4.68,4.44,3.04,4,3,4,4,4,3,3.67,7,7,7,7,7,7.0,4,4,4,4,4,4.0,4.76,3,3,4,3,3,4,3.33,4,4,4,4,4,4.0,2,1,2,2,2,1.8,3.12,2,3,4,3,3.0,0.23204077018341215,2.100792522369884,1.0265559536547082,1.6755660963447245,0.2217754243889392,0.1935803651199204,-0.7537403280214202,-0.025574552595639496,-0.6150980461289112,-1.6157590531008081,1.2159186233400636,0.9629756532416515,-0.6609659522743202,1.2429504741833504,-0.7405163329820863,0.22408148928696825,2.7898138391289073,1.1008078679311555,-0.9204251272206,0.0,-0.0,-0.0,16-18,Father-Daughter,3.4895833333333335,3.5416666666666665,0.4166666666666667,0,0
F2078,1,E1,Eastern,4,0,Rural,2,Female,1,Male,49,24.1,4,3.3,3.37,2.16,3.35,3,3,4,5,4,4,3.83,4,4,4,5,4,4.2,2,2,1,1,2,1.6,3.39,3,2,2,1,2,2,2.0,3,4,4,3,3,3.4,1,2,2,2,1,1.6,2.04,2,2,3,3,2.5,0.3977239033484197,-0.0076704080715039435,-1.2115587624052442,-0.17126979910838264,-1.250677911871977,-0.3135883153982518,-0.9593452637191285,-1.2973780677010356,-1.0304150477485032,-0.4475309917993062,-0.8886757221728079,-2.125973818887896,-0.129460293711765,-0.1270495258166493,-1.2405163329820863,0.3840814892869684,-0.010186160871092476,-1.2991921320688444,0.15760701187318268,-0.0,-0.0,0.0,23-25,Mother-Son,3.3230434782608693,3.5760869565217392,0.391304347826087,0,0
F2080,2,E2,Eastern,10,0,Rural,2,Female,1,Male,43,16.6,2,2.11,3.38,2.75,2.71,3,3,4,3,2,4,3.17,2,2,2,2,3,2.2,1,2,1,1,2,1.4,2.26,3,3,2,3,3,2,2.67,1,2,2,3,2,2.0,1,1,1,1,1,1.0,1.76,2,2,2,3,2.25,-0.285719020957236,-1.513715358386781,-1.398068322076907,-1.6945723990076615,-0.5089157048833953,-1.4969819032739868,-1.576160070812254,-1.6271049049505828,-1.2380735485582992,-1.3997168773806674,-0.8726101164818703,-1.3266404028543728,-1.2267622984860724,-1.2570495258166496,-1.4905163329820863,-0.27591851071303175,-2.0101861608710925,-1.4991921320688446,1.873652849597103,-0.0,-0.0,0.0,16-18,Mother-Son,3.5320689655172415,3.7241379310344827,0.6206896551724138,0,0
F2082,9,C3,Central,63,0,Rural,1,Male,1,Male,45,17.8,1,3.89,4.28,2.84,3.73,2,3,3,2,2,2,2.33,4,5,4,4,4,4.2,3,4,4,4,4,3.8,3.54,2,2,3,2,3,3,2.5,3,3,2,2,3,2.6,3,2,2,3,2,2.4,2.59,3,3,4,3,3.25,-1.1555554700735249,-0.0076704080715039435,0.8400463939830453,0.030938510612760404,-0.6971240260596026,-0.9898132227558145,-0.13692552092829502,-0.6497003516751397,-0.4074395453191151,0.02456116995952013,0.5732943957025463,-1.2047081868492593,0.5220627716229798,0.02295047418335061,-0.4905163329820863,-1.1159185107130316,-0.010186160871092476,0.9008078679311553,-0.011257582436617184,0.0,-0.0,-0.0,16-18,Father-Son,3.4166666666666665,4.116666666666666,0.6,1,0
F2084,9,C3,Central,58,0,Rural,1,Male,2,Female,47,17.5,3,4.22,3.04,2.73,3.17,2,2,2,2,2,2,2.0,6,5,4,5,5,5.0,1,2,2,2,2,1.8,3.0,3,2,2,3,2,2,2.33,3,4,5,3,3,3.6,1,1,3,1,1,1.4,2.34,4,4,4,4,4.0,-1.4972769322263526,0.5947475720546067,-1.0250492027335814,-0.6970114043833551,-0.8853323472358098,-0.14453208855886093,-1.1649501994168372,-0.9440993135050926,0.21553595711027312,0.2886127180619141,-1.4188407099737605,-1.3537364508555092,-0.4380764825545392,-0.5170495258166494,0.2594836670179137,-1.4459185107130317,0.7898138391289073,-1.0991921320688445,-0.13416590698877764,-0.0,0.0,-0.0,16-18,Father-Daughter,3.3766666666666665,3.475,0.43333333333333335,1,0
F2089,4,E4,Eastern,23,0,Rural,2,Female,1,Male,50,21.6,2,5.2,3.18,3.54,3.27,4,4,4,5,5,4,4.33,4,4,5,3,3,3.8,5,4,5,4,4,4.4,4.03,2,4,3,3,3,2,2.83,3,2,2,2,2,2.2,1,1,1,1,1,1.0,2.05,1,1,2,1,1.25,0.9154836944890679,-0.3088793981345596,1.3995750729980339,0.6914856557018284,-0.33177846142343526,-1.327925676434596,-1.576160070812254,-1.2856021092278378,-2.0687075517974836,1.0727658003053884,-1.193922230300629,-0.25634650680948595,-0.26662304430855355,0.5129504741833508,-2.4905163329820863,0.8840814892869684,-0.41018616087109283,1.5008078679311558,-1.2775115339645413,0.0,-0.0,-0.0,19-22,Mother-Son,3.6708695652173917,3.717391304347826,0.6521739130434783,0,0
F2090,12,C6,Central,84,0,Rural,2,Female,1,Male,46,22.7,2,5.07,3.46,2.93,3.01,3,3,3,2,2,2,2.5,5,5,4,4,6,4.8,3,1,3,2,2,2.2,3.02,2,2,2,2,3,2,2.17,4,3,4,3,3,3.4,2,3,2,2,2,2.2,2.44,4,4,3,5,4.0,-0.9795171410857045,0.4441430770230789,-0.6520300833902559,-0.6700502964205359,-1.0624695906957697,-0.3135883153982518,-0.3425304566260032,-0.8263397287731113,0.21553595711027312,0.9687454934771725,-0.7440852709543665,-1.0827759708441451,-0.7124019837481163,-0.4970495258166494,0.2594836670179137,-0.9459185107130317,0.5898138391289072,-0.6991921320688443,-0.12897623364841934,-0.0,0.0,-0.0,19-22,Mother-Son,3.320909090909091,3.897727272727273,0.45454545454545453,1,0
F2098,1,E1,Eastern,3,0,Rural,1,Male,1,Male,37,14.4,2,2.03,3.9,3.63,2.24,3,2,3,3,2,3,2.67,5,6,5,5,5,5.2,1,2,2,1,1,1.4,3.05,2,1,2,3,3,2,2.17,4,4,5,5,3,4.2,2,2,2,1,3,2.0,2.91,3,3,3,3,3.0,-0.8034788120978842,0.7453520670861346,-1.398068322076907,-0.6296086344763075,-1.0624695906957697,0.3626365919593113,-0.5481353923237118,-0.2728696805327998,-0.6150980461289112,-1.4637293738903387,-0.0371986205530966,-0.13441429080437242,-2.032593458242204,-0.4670495258166496,-0.7405163329820863,-0.7759185107130318,0.9898138391289075,-1.4991921320688446,0.3458578021787676,-0.0,-0.0,0.0,12-15,Father-Son,3.718571428571429,3.3333333333333335,0.5238095238095238,0,0
F2099,15,W3,Western,103,0,Rural,1,Male,2,Female,41,19.7,2,3.21,4.29,3.35,3.23,3,3,5,3,4,5,3.83,3,4,4,4,4,3.8,4,2,3,3,3,3.0,3.52,5,4,4,4,3,4,4.0,3,3,4,5,5,4.0,2,1,3,2,2,2.0,3.45,4,4,4,4,4.0,0.3977239033484197,-0.3088793981345596,0.09400815529639468,0.003977402649941291,0.9635376313775209,0.1935803651199204,-0.5481353923237118,0.36303207701989826,0.21553595711027312,-0.5195450503726864,0.5893600013934839,-0.5137589628202814,-0.3352044196069478,0.002950474183350593,0.2594836670179137,0.3840814892869684,-0.41018616087109283,0.10080786793115548,0.0007655998605374961,0.0,0.0,0.0,19-22,Father-Daughter,3.6488888888888886,3.537037037037037,0.6666666666666666,0,1
F2100,18,W6,Western,125,0,Rural,2,Female,1,Male,49,17.2,4,3.74,3.34,2.29,2.97,3,3,4,4,3,4,3.5,2,2,3,3,2,2.4,4,3,2,3,3,3.0,3.15,3,4,4,2,2,2,2.83,3,2,2,3,2,2.4,3,2,1,3,3,2.4,2.69,4,4,3,4,3.75,0.05600244119559184,-1.3631108633552536,0.09400815529639468,-0.494803094662212,-0.33177846142343526,-1.1588694495952054,-0.13692552092829502,-0.5319407669431585,0.007877456300477073,-0.09546226099611356,-0.9368725392456222,-1.9498495068805093,-0.7809833590465097,-0.3670495258166495,0.0094836670179137,0.05408148928696832,-1.8101861608710927,0.10080786793115548,-0.003480975481928222,-0.0,0.0,-0.0,16-18,Mother-Son,3.3248,3.98,0.4,0,1
F2102,14,W2,Western,95,0,Rural,1,Male,1,Male,49,19.2,4,3.81,4.22,3.12,4.17,3,2,2,3,2,3,2.5,3,3,3,3,2,2.8,1,1,1,1,1,1.0,2.43,2,3,3,2,2,3,2.5,5,3,4,4,3,3.8,2,3,1,1,2,1.8,2.76,5,5,5,5,5.0,-0.9795171410857045,-1.061901873292198,-1.7710874414202322,-1.4654029813236988,-0.6971240260596026,0.02452413828052955,-0.7537403280214202,-0.4495090576307719,1.0461699603494574,-0.03945132655015126,0.47690076155691774,-0.8253635148333497,1.2764578999053158,-1.0870495258166493,1.2594836670179137,-0.9459185107130317,-1.4101861608710928,-1.8991921320688445,-1.3691211230056377,-0.0,0.0,-0.0,19-22,Father-Son,3.0213636363636365,3.159090909090909,0.45454545454545453,0,1
F2107,12,C6,Central,80,0,Rural,2,Female,1,Male,46,17.1,2,1.65,4.09,3.92,3.52,4,3,4,4,3,4,3.67,3,4,4,3,3,3.4,2,1,1,1,1,1.2,2.81,2,3,3,3,2,3,2.67,3,3,2,3,4,3.0,2,2,2,2,1,1.8,2.65,3,3,3,4,3.25,0.23204077018341215,-0.610088388197615,-1.5845778817485696,-0.9531419300301364,-0.5089157048833953,-0.6517007690770332,-0.7537403280214202,-0.579044600835951,-0.4074395453191151,-1.7677887323112775,0.2680478875747245,0.2584784052121051,0.16201055130641023,-0.7070495258166494,-0.4905163329820863,0.22408148928696825,-0.8101861608710927,-1.6991921320688446,0.3468193406403058,-0.0,-0.0,0.0,16-18,Mother-Son,3.4740625,3.40625,0.53125,1,0
F2108,16,W4,Western,107,0,Rural,1,Male,2,Female,42,16.6,3,1.14,3.59,2.9,2.83,3,4,3,4,3,4,3.5,4,4,3,5,5,4.2,3,1,1,1,1,1.4,3.14,4,5,5,4,4,4,4.33,4,4,3,3,4,3.6,2,2,3,2,2,2.2,3.61,6,6,5,6,5.75,0.05600244119559184,-0.0076704080715039435,-1.398068322076907,-0.5082836486436213,1.3288831960136882,-0.14453208855886093,-0.3425304566260032,0.5514474125910677,1.6691454627788456,-2.1758683975604325,-0.5352323969721733,-1.12342004284585,-1.0210181725908896,-0.3770495258166493,2.0094836670179137,0.05408148928696832,-0.010186160871092476,-1.4991921320688446,-0.7576748637854059,-0.0,0.0,-0.0,16-18,Father-Daughter,3.7623809523809526,4.142857142857143,0.5238095238095238,0,1
F2109,9,C3,Central,60,0,Rural,1,Male,2,Female,43,16.8,4,3.45,3.55,2.66,3.38,3,3,3,2,2,4,2.83,2,2,2,2,2,2.0,2,2,2,3,3,2.4,2.36,3,3,3,3,4,3,3.17,3,3,3,3,2,2.8,2,2,2,2,2,2.0,2.61,5,4,4,5,4.5,-0.6377956789328766,-1.6643198534183088,-0.4655205237185935,-1.559766859193566,0.04463818092897921,-0.820756995916424,-0.5481353923237118,-0.6261484347287435,0.6308529587298652,-0.32750756084367216,-0.5994948197359252,-1.4485726188594863,-0.07802426223796968,-1.1570495258166495,0.7594836670179137,-0.6159185107130316,-2.2101861608710927,-0.4991921320688446,-0.8787602167885672,-0.0,0.0,-0.0,16-18,Father-Daughter,3.2008333333333336,3.5104166666666665,0.2916666666666667,1,0
F2112,6,E6,Eastern,40,0,Rural,1,Male,1,Male,42,22.3,2,1.53,3.83,3.11,3.21,3,2,2,3,3,3,2.67,4,3,3,4,3,3.4,2,3,2,2,3,2.4,2.66,1,1,1,2,1,2,1.33,2,2,2,2,2,2.0,1,2,1,1,1,1.2,1.3,1,1,1,1,1.0,-0.8034788120978842,-0.610088388197615,-0.4655205237185935,-1.1553502397512794,-1.9924401188605587,-1.4969819032739868,-1.3705551351145455,-2.168798994717696,-2.2763660526072798,-1.8638074770757842,-0.14965786038966203,-0.8389115388339182,-0.36949510725614493,-0.8570495258166493,-2.7405163329820863,-0.7759185107130318,-0.8101861608710927,-0.4991921320688446,2.3487582236750795,-0.0,-0.0,0.0,19-22,Father-Son,3.296190476190476,3.5714285714285716,0.3333333333333333,0,0
F2115,18,W6,Western,122,0,Rural,1,Male,1,Male,50,18.0,3,2.5,3.71,3.85,3.1,4,3,3,2,3,3,3.0,5,3,4,5,4,4.2,5,4,5,4,4,4.4,3.77,2,3,3,1,1,2,2.0,3,2,3,3,3,2.8,3,4,2,3,3,3.0,2.6,3,3,3,3,3.0,-0.46175734994505635,-0.0076704080715039435,1.3995750729980339,0.3409912521851799,-1.250677911871977,-0.820756995916424,0.4798892861648304,-0.6379243932019414,-0.6150980461289112,-1.0876559568960193,-0.34244512868091764,0.16364223720812796,-0.5580938893267288,0.2529504741833506,-0.7405163329820863,-0.4459185107130317,-0.010186160871092476,1.5008078679311558,-0.18731395756833466,0.0,-0.0,-0.0,16-18,Father-Son,3.7910526315789475,4.631578947368421,0.6842105263157895,0,1
F2119,11,C5,Central,73,0,Rural,2,Female,2,Female,49,22.6,5,3.6,3.04,3.51,3.37,2,2,2,1,3,3,2.17,2,3,3,3,2,2.6,3,3,3,3,3,3.0,2.59,3,3,3,3,3,4,3.17,4,4,3,4,4,3.8,4,3,3,3,2,3.0,3.4,5,6,6,6,5.75,-1.3212386032385324,-1.2125063683237256,0.09400815529639468,-1.2497141176211466,0.04463818092897921,0.02452413828052955,0.4798892861648304,0.3041522846539074,1.6691454627788456,-0.2074841298880385,-1.4188407099737605,-0.29699057881119084,-0.09516960606256787,-0.9270495258166496,2.0094836670179137,-1.2759185107130318,-1.6101861608710926,0.10080786793115548,-1.862890880645259,-0.0,0.0,-0.0,19-22,Mother-Daughter,3.2838461538461536,3.8365384615384617,0.5384615384615384,1,0
F2124,9,C3,Central,60,0,Rural,2,Female,2,Female,45,15.3,1,3.58,3.55,2.66,3.38,2,3,2,2,2,2,2.17,4,3,3,2,2,2.8,3,4,3,4,3,3.4,2.41,3,3,3,3,2,3,2.83,3,2,2,3,3,2.6,2,2,2,2,2,2.0,2.47,4,3,3,4,3.5,-1.3212386032385324,-1.061901873292198,0.46702727463972,-1.492364089286518,-0.33177846142343526,-0.9898132227558145,-0.5481353923237118,-0.7910118533535166,-0.199781044509319,-0.22348725401545635,-0.5994948197359252,-1.4485726188594863,-0.07802426223796968,-1.1070495258166493,-0.2405163329820863,-1.2759185107130318,-1.4101861608710928,0.5008078679311554,0.26626349237897795,-0.0,-0.0,0.0,12-15,Mother-Daughter,3.2008333333333336,3.5104166666666665,0.2916666666666667,1,0
F2127,5,E5,Eastern,29,0,Rural,2,Female,2,Female,49,23.0,2,3.39,3.32,2.76,2.84,5,4,5,5,5,4,4.67,5,4,5,5,5,4.8,1,3,3,2,2,2.2,3.72,3,3,4,2,3,3,3.0,3,4,4,3,5,3.8,2,2,2,4,3,2.6,3.34,5,4,4,4,4.25,1.2675603524647086,0.4441430770230789,-0.6520300833902559,0.2735884822781324,-0.14357014024722803,0.02452413828052955,0.06867941476941361,0.23349653381471866,0.4231944579200692,-0.3755169332259257,-0.9690037506274981,-1.313092378853805,-1.0038728287662915,0.20295047418335077,0.5094836670179137,1.2240814892869682,0.5898138391289072,-0.6991921320688443,0.10339995180995798,0.0,0.0,0.0,23-25,Mother-Daughter,3.325,3.775,0.4,0,0
F2128,3,E3,Eastern,20,0,Rural,2,Female,1,Male,41,12.8,2,2.72,3.17,3.14,3.88,5,4,4,4,4,4,4.17,2,2,2,2,2,2.0,3,2,3,2,2,2.4,2.57,2,2,2,3,1,2,2.0,2,2,3,2,3,2.4,3,3,3,2,2,2.6,2.36,4,3,2,3,3.0,0.7498005613240603,-1.6643198534183088,-0.4655205237185935,-1.2766752255839657,-1.250677911871977,-1.1588694495952054,0.06867941476941361,-0.9205473965586963,-0.6150980461289112,-0.9116215914944231,-1.2099878359915672,-0.7982674668322133,0.7792429289919578,-0.9470495258166496,-0.7405163329820863,0.7240814892869682,-2.2101861608710927,-0.4991921320688446,0.701305642010169,-0.0,-0.0,0.0,12-15,Mother-Son,3.286111111111111,3.8055555555555554,0.5,0,0
F2131,4,E4,Eastern,24,0,Rural,2,Female,1,Male,39,12.3,5,1.76,3.62,3.33,3.54,4,4,5,4,3,4,4.0,3,3,3,4,2,3.0,3,1,2,2,2,2.0,2.9,2,2,2,3,3,1,2.17,2,2,2,2,2,2.0,1,2,2,1,3,1.8,1.99,3,4,3,2,3.0,0.57376223233624,-0.9112973782606704,-0.8385396430619187,-0.8318169441974507,-1.0624695906957697,-1.4969819032739868,-0.7537403280214202,-1.3562578600670263,-0.6150980461289112,-1.6797715496104795,-0.48703557989935903,-0.5408550108214178,0.19630123895560736,-0.6170495258166495,-0.7405163329820863,0.5540814892869683,-1.2101861608710927,-0.8991921320688445,0.4569352521260805,-0.0,-0.0,0.0,12-15,Mother-Son,3.5157692307692305,3.4615384615384617,0.4230769230769231,0,0
F2133,14,W2,Western,92,0,Rural,1,Male,1,Male,49,20.8,3,5.02,4.35,3.7,3.77,3,2,2,3,2,3,2.5,3,4,3,4,4,3.6,3,4,4,5,3,3.8,3.24,3,1,1,2,2,3,2.0,3,3,2,2,3,2.6,2,3,3,3,4,3.0,2.63,4,3,4,4,3.75,-0.9795171410857045,-0.4594838931660871,0.8400463939830453,-0.3734781088295257,-1.250677911871977,-0.9898132227558145,0.4798892861648304,-0.6025965177823472,0.007877456300477073,0.9287376831586274,0.685753635539111,-0.03957812280039473,0.590644146921374,-0.2770495258166492,0.0094836670179137,-0.9459185107130317,-0.6101861608710926,0.9008078679311553,-0.0026274454503159863,-0.0,0.0,-0.0,19-22,Father-Son,3.7422222222222223,3.8055555555555554,0.5555555555555556,0,1
F2135,16,W4,Western,110,0,Rural,2,Female,1,Male,51,22.1,2,2.54,3.88,3.51,2.65,3,3,3,4,4,3,3.33,3,3,1,1,2,2.0,2,1,2,1,1,1.4,2.15,3,3,3,2,1,2,2.33,2,2,2,1,1,1.6,1,1,1,1,1,1.0,1.61,2,1,2,1,1.5,-0.12003588779222847,-1.6643198534183088,-1.398068322076907,-1.8428584928031664,-0.8853323472358098,-1.8350943569527682,-1.576160070812254,-1.8037442820485545,-1.8610490509876876,-1.0556497086411838,-0.06932983193497254,-0.29699057881119084,-1.3296343614336639,-1.3670495258166495,-2.2405163329820863,-0.11591851071303161,-2.2101861608710927,-1.4991921320688446,3.0628967905876197,-0.0,-0.0,0.0,19-22,Mother-Son,3.667333333333333,3.941666666666667,0.5333333333333333,0,1
F2139,12,C6,Central,80,0,Rural,2,Female,2,Female,45,15.2,2,3.44,4.09,3.92,3.52,4,4,4,4,5,3,4.0,3,4,3,4,4,3.6,3,2,2,2,3,2.4,3.4,2,3,2,3,2,2,2.33,4,2,2,4,2,2.8,1,2,1,2,2,1.6,2.38,2,2,1,2,1.75,0.57376223233624,-0.4594838931660871,-0.4655205237185935,-0.1577892451269734,-0.8853323472358098,-0.820756995916424,-0.9593452637191285,-0.8969954796123001,-1.6533905501778914,-0.3355091229073813,0.2680478875747245,0.2584784052121051,0.16201055130641023,-0.11704952581664951,-1.9905163329820863,0.5540814892869683,-0.6101861608710926,-0.4991921320688446,0.23298899290584923,-0.0,-0.0,0.0,12-15,Mother-Daughter,3.4740625,3.40625,0.53125,1,0
F2140,3,E3,Eastern,17,0,Rural,1,Male,1,Male,42,17.5,2,1.01,3.02,2.54,2.78,3,2,2,2,3,2,2.33,4,4,5,5,3,4.2,2,1,1,1,1,1.2,2.65,1,3,2,1,2,3,2.0,3,3,3,3,2,2.8,2,1,1,2,1,1.4,2.0,1,2,1,1,1.25,-1.1555554700735249,-0.0076704080715039435,-1.5845778817485696,-1.1688307937326892,-1.250677911871977,-0.820756995916424,-1.1649501994168372,-1.344481901593828,-2.0687075517974836,-2.2798887043886484,-1.4509719213556365,-1.6111489068663047,-1.106744891713883,-0.8670495258166495,-2.4905163329820863,-1.1159185107130316,-0.010186160871092476,-1.6991921320688446,2.159401005550739,-0.0,-0.0,0.0,16-18,Father-Son,3.84625,4.171875,0.6875,0,0
F2142,18,W6,Western,124,0,Rural,1,Male,2,Female,49,18.5,3,6.58,4.32,2.48,3.18,4,3,4,4,4,5,4.0,5,5,5,4,4,4.6,3,2,2,2,3,2.4,3.75,2,4,3,2,3,2,2.67,3,3,3,3,3,3.0,1,1,1,2,2,1.4,2.64,2,2,2,3,2.25,0.57376223233624,0.2935385819915511,-0.4655205237185935,0.3140301442223608,-0.5089157048833953,-0.6517007690770332,-1.1649501994168372,-0.5908205593091489,-1.2380735485582992,2.1769813650972187,0.6375568184662981,-1.692437050869714,-0.42093113872994026,0.23295047418335058,-1.4905163329820863,0.5540814892869683,0.389813839128907,-0.4991921320688446,-0.34721648654620585,0.0,-0.0,-0.0,16-18,Father-Daughter,3.6216666666666666,3.513888888888889,0.5,0,1
F2143,4,E4,Eastern,22,0,Rural,1,Male,1,Male,52,22.7,3,3.38,3.42,2.84,2.72,1,1,1,1,1,1,1.0,4,5,5,4,4,4.4,3,4,4,4,3,3.6,2.81,1,1,2,2,1,1,1.33,3,3,2,3,3,2.8,2,1,1,2,1,1.4,1.98,3,4,3,3,3.25,-2.532796514507649,0.1429340869600239,0.6535368343113829,-0.9531419300301364,-1.9924401188605587,-0.820756995916424,-1.1649501994168372,-1.3680338185402243,-0.4074395453191151,-0.38351849528963483,-0.8083476937181184,-1.2047081868492593,-1.2096169546614735,-0.7070495258166494,-0.4905163329820863,-2.4459185107130317,0.1898138391289077,0.7008078679311556,0.3468193406403058,-0.0,-0.0,0.0,19-22,Father-Son,3.5074193548387096,3.4919354838709675,0.45161290322580644,0,0
F2147,2,E2,Eastern,13,0,Rural,2,Female,2,Female,41,12.7,5,4.02,4.03,2.56,3.11,3,2,3,3,3,3,2.83,4,3,4,3,3,3.4,2,2,3,3,2,2.4,2.83,3,3,3,3,3,2,2.83,5,4,5,4,4,4.4,3,3,3,2,3,2.8,3.36,3,3,3,4,3.25,-0.6377956789328766,-0.610088388197615,-0.4655205237185935,-0.9261808220673172,-0.33177846142343526,0.5316928187987021,0.2742843504671218,0.25704845076111493,-0.4074395453191151,0.12858147678773563,0.17165425342909738,-1.5840528588651683,-0.5409485455021306,-0.6870495258166494,-0.4905163329820863,-0.6159185107130316,-0.8101861608710927,-0.4991921320688446,0.3370090139806641,-0.0,-0.0,0.0,12-15,Mother-Daughter,3.4699999999999998,3.673076923076923,0.23076923076923078,0,0
F2148,18,W6,Western,120,0,Rural,1,Male,2,Female,44,15.4,1,5.11,3.14,3.45,2.92,1,1,2,1,1,1,1.17,2,3,3,2,3,2.6,3,4,4,3,4,3.6,2.44,1,1,1,1,2,2,1.33,4,3,3,2,3,3.0,3,3,3,2,3,2.8,2.32,4,3,4,4,3.75,-2.3567581855198285,-1.2125063683237256,0.6535368343113829,-1.4519224273422897,-1.9924401188605587,-0.6517007690770332,0.2742843504671218,-0.9676512304514888,0.007877456300477073,1.0007517417320082,-1.2581846530643808,-0.3782787228145994,-0.866710078169503,-1.0770495258166495,0.0094836670179137,-2.2759185107130318,-1.6101861608710926,0.7008078679311556,-0.010214379064646948,-0.0,0.0,-0.0,12-15,Father-Daughter,3.4250000000000003,3.1354166666666665,0.4166666666666667,0,1
F2149,7,C1,Central,48,0,Rural,2,Female,2,Female,41,13.3,4,4.62,2.93,2.64,3.34,3,2,2,2,2,3,2.33,5,6,7,5,6,5.8,3,2,2,2,2,2.2,3.5,2,2,2,2,1,1,1.67,2,2,2,2,3,2.2,1,2,1,2,2,1.6,1.94,1,1,1,1,1.0,-1.1555554700735249,1.1971655521807174,-0.6520300833902559,-0.02298370531287782,-1.6160234765081443,-1.327925676434596,-0.9593452637191285,-1.4151376524330168,-2.2763660526072798,0.608675200610271,-1.595562372574078,-1.4756686668606227,-0.14660563753636396,-0.017049525816649425,-2.7405163329820863,-1.1159185107130316,1.5898138391289072,-0.6991921320688443,0.04672450397012749,-0.0,-0.0,0.0,12-15,Mother-Daughter,4.048421052631579,3.8552631578947367,0.6842105263157895,1,0
F2150,15,W3,Western,99,0,Rural,2,Female,2,Female,55,23.5,2,3.94,4.43,3.47,4.21,3,3,3,3,3,3,3.0,5,5,5,5,6,5.2,4,4,4,4,3,3.8,3.78,3,2,3,3,3,3,2.83,3,3,4,4,4,3.6,2,2,2,3,3,2.4,2.88,3,3,3,3,3.0,-0.46175734994505635,0.7453520670861346,0.8400463939830453,0.3544718061665892,-0.33177846142343526,-0.14453208855886093,-0.13692552092829502,-0.30819755595239445,-0.6150980461289112,0.06456898027806457,0.8142784810666147,-0.35118267481346305,1.3450392752037101,0.2629504741833504,-0.7405163329820863,-0.4459185107130317,0.9898138391289075,0.9008078679311553,-0.19471912089815538,0.0,-0.0,-0.0,23-25,Mother-Daughter,3.5144,3.74,0.44,0,1
F2154,1,E1,Eastern,5,0,Rural,2,Female,1,Male,43,16.3,3,3.23,3.67,3.29,2.6,3,2,3,2,1,3,2.33,4,4,4,3,4,3.8,1,1,2,2,3,1.8,2.27,1,2,2,2,2,1,1.67,3,3,4,4,4,3.6,1,2,1,2,2,1.6,2.37,4,3,3,4,3.5,-1.1555554700735249,-0.3088793981345596,-1.0250492027335814,-1.6810918450262518,-1.6160234765081443,-0.14453208855886093,-0.9593452637191285,-0.9087714380854979,-0.199781044509319,-0.5035419262452685,-0.4067075514446695,-0.5950471068236907,-1.4153610805566563,-1.2470495258166494,-0.2405163329820863,-1.1159185107130316,-0.41018616087109283,-1.0991921320688445,0.29993577899647006,-0.0,-0.0,0.0,16-18,Mother-Son,3.402727272727273,3.7954545454545454,0.6363636363636364,0,0
F2155,15,W3,Western,100,0,Rural,2,Female,1,Male,45,13.3,3,5.48,3.4,3.73,3.01,4,4,4,3,4,3,3.67,2,2,2,2,2,2.0,1,2,1,2,1,1.4,2.38,3,3,3,3,3,5,3.33,3,1,1,2,1,1.6,1,2,1,1,1,1.2,2.18,4,3,3,3,3.25,0.23204077018341215,-1.6643198534183088,-1.398068322076907,-1.532805751230747,0.2217754243889392,-1.8350943569527682,-1.3705551351145455,-1.1325146490762619,-0.4074395453191151,1.2968095380892382,-0.8404789050999943,0.0010659492013095657,-0.7124019837481163,-1.1370495258166495,-0.4905163329820863,0.22408148928696825,-2.2101861608710927,-1.4991921320688446,0.557741363822603,-0.0,-0.0,0.0,12-15,Mother-Son,3.563333333333333,3.5925925925925926,0.6296296296296297,0,1
F2156,8,C2,Central,56,0,Rural,2,Female,2,Female,39,12.8,5,4.62,3.71,3.28,4.03,5,5,4,5,5,3,4.5,6,5,5,7,5,5.6,1,1,2,1,1,1.2,3.81,4,3,4,4,4,4,3.83,3,3,4,4,2,3.2,3,2,1,2,2,2.0,2.76,4,3,3,3,3.25,1.091522023476888,1.0465610571491897,-1.5845778817485696,0.3949134681108181,0.7753293102013137,-0.4826445422376423,-0.5481353923237118,-0.4495090576307719,-0.4074395453191151,0.608675200610271,-0.34244512868091764,-0.6085951308242591,1.0364230863609367,0.29295047418335063,-0.4905163329820863,1.0540814892869683,1.389813839128907,-1.6991921320688446,-0.1436969923417805,0.0,-0.0,-0.0,12-15,Mother-Daughter,3.631,4.083333333333333,0.4666666666666667,1,0
F2157,17,W5,Western,119,0,Rural,1,Male,1,Male,48,17.0,2,5.32,3.37,2.99,3.4,3,2,3,3,3,3,2.83,1,2,1,1,1,1.2,2,1,1,2,1,1.4,1.87,2,2,1,2,1,1,1.5,2,1,2,3,2,2.0,1,2,1,1,1,1.2,1.7,3,2,1,2,2.0,-0.6377956789328766,-2.2667378335444197,-1.398068322076907,-2.2203140042826335,-1.8042317976843516,-1.4969819032739868,-1.3705551351145455,-1.6977606557897715,-1.4457320493680954,1.1687845450698955,-0.8886757221728079,-1.001487826840736,-0.043733574588772556,-1.6470495258166493,-1.7405163329820863,-0.6159185107130316,-3.0101861608710925,-1.4991921320688446,2.8667166009142786,-0.0,-0.0,0.0,16-18,Father-Son,3.413529411764706,3.7794117647058822,0.5294117647058824,0,1
F2160,4,E4,Eastern,25,0,Rural,1,Male,1,Male,49,19.8,1,3.61,4.55,4.22,4.46,3,4,4,4,3,3,3.5,3,3,4,4,4,3.6,4,4,4,4,4,4.0,3.47,2,2,3,2,1,2,2.0,3,3,2,4,2,2.8,1,2,2,2,2,1.8,2.06,3,3,3,3,3.0,0.05600244119559184,-0.4594838931660871,1.0265559536547082,-0.0634253672571062,-1.250677911871977,-0.820756995916424,-0.7537403280214202,-1.2738261507546393,-0.6150980461289112,-0.19948256782432974,1.0070657493578703,0.6649191252291504,1.773672870818674,-0.04704952581664923,-0.7405163329820863,0.05408148928696832,-0.6101861608710926,1.1008078679311555,0.034840942326291084,-0.0,-0.0,0.0,19-22,Father-Son,3.2065217391304346,3.641304347826087,0.2608695652173913,0,0
F2170,3,E3,Eastern,19,0,Rural,2,Female,2,Female,42,17.8,3,3.22,4.25,3.44,3.17,2,2,2,3,3,3,2.5,2,2,2,1,2,1.8,3,2,2,2,2,2.2,2.37,5,3,5,5,4,4,4.33,5,3,3,3,3,3.4,3,2,2,2,2,2.2,3.08,4,4,3,4,3.75,-0.9795171410857045,-1.8149243484498367,-0.6520300833902559,-1.5462863052121563,1.3288831960136882,-0.3135883153982518,-0.3425304566260032,-0.07267838648843199,0.007877456300477073,-0.5115434883089772,0.5250975786297319,-0.39182674681516794,-0.4380764825545392,-1.1470495258166493,0.0094836670179137,-0.9459185107130317,-2.410186160871093,-0.6991921320688443,-0.010878235755900906,-0.0,0.0,-0.0,16-18,Mother-Daughter,3.5727272727272723,3.8295454545454546,0.5909090909090909,0,0
F2173,2,E2,Eastern,8,0,Rural,2,Female,1,Male,47,20.5,2,6.32,3.18,2.95,2.37,4,3,2,3,2,3,2.83,2,3,1,2,2,2.0,4,3,3,3,3,3.2,2.55,3,4,2,2,2,2,2.5,3,2,3,3,3,2.8,3,3,3,4,4,3.4,2.86,4,4,3,4,3.75,-0.6377956789328766,-1.6643198534183088,0.28051771496805755,-1.3036363335467849,-0.6971240260596026,-0.820756995916424,0.8910991575602472,-0.3317494728987907,0.007877456300477073,1.968940751440787,-1.193922230300629,-1.0556799228430087,-1.8097039885224229,-0.9670495258166496,0.0094836670179137,-0.6159185107130316,-2.2101861608710927,0.30080786793115566,-0.009171175692676442,-0.0,0.0,-0.0,19-22,Mother-Son,3.7734615384615386,3.7211538461538463,0.6538461538461539,0,0
F2174,7,C1,Central,44,0,Rural,2,Female,2,Female,49,18.2,4,5.31,3.06,3.55,3.41,2,2,1,2,3,3,2.17,5,5,5,5,5,5.0,1,2,1,2,1,1.4,2.68,2,2,2,2,1,2,1.83,4,4,3,4,3,3.6,2,1,1,1,2,1.4,2.28,3,3,3,3,3.0,-1.3212386032385324,0.5947475720546067,-1.398068322076907,-1.1283891317884602,-1.4388862330481842,-0.14453208855886093,-1.1649501994168372,-1.0147550643442813,-0.6150980461289112,1.160782983006186,-1.3867094985918846,-0.24279848280891803,-0.02658823076417361,-0.8370495258166493,-0.7405163329820863,-1.2759185107130318,0.7898138391289073,-1.4991921320688446,0.6198488453821392,-0.0,-0.0,0.0,16-18,Mother-Daughter,3.2842105263157895,3.8552631578947367,0.5263157894736842,1,0
F2176,18,W6,Western,120,0,Rural,1,Male,1,Male,40,12.1,3,2.82,3.14,3.45,2.92,4,3,3,4,4,3,3.5,5,3,3,3,5,3.8,1,3,2,3,1,2.0,3.01,3,4,3,2,3,3,3.0,2,4,3,4,3,3.2,1,1,2,1,2,1.4,2.87,4,4,4,6,4.5,0.05600244119559184,-0.3088793981345596,-0.8385396430619187,-0.6835308504019458,-0.14357014024722803,-0.4826445422376423,-1.1649501994168372,-0.3199735144255923,0.6308529587298652,-0.8316059708573342,-1.2581846530643808,-0.3782787228145994,-0.866710078169503,-0.5070495258166496,0.7594836670179137,0.05408148928696832,-0.41018616087109283,-0.8991921320688445,-0.38509583322692337,-0.0,0.0,-0.0,12-15,Father-Son,3.4250000000000003,3.1354166666666665,0.4166666666666667,0,1
F2177,6,E6,Eastern,36,0,Rural,2,Female,1,Male,49,19.9,3,5.05,3.73,2.59,3.07,2,2,3,2,1,2,2.0,1,2,1,1,1,1.2,2,2,1,3,1,1.8,1.88,3,2,2,3,2,2,2.33,3,1,2,2,1,1.8,3,2,3,2,2,2.4,1.92,3,3,2,3,2.75,-1.4972769322263526,-2.2667378335444197,-1.0250492027335814,-2.2068334503012244,-0.8853323472358098,-1.6660381301133775,-0.13692552092829502,-1.438689569379413,-0.8227565469387071,0.9527423693497543,-0.31031391729904173,-1.543408786863464,-0.6095299208005248,-1.6370495258166495,-0.9905163329820863,-1.4459185107130317,-3.0101861608710925,-1.0991921320688445,1.621524293221971,-0.0,-0.0,0.0,19-22,Mother-Son,3.4104347826086956,3.967391304347826,0.4782608695652174,0,0
F2178,7,C1,Central,46,0,Rural,2,Female,1,Male,41,14.6,5,2.89,3.01,2.63,2.93,1,2,3,2,2,1,1.83,3,3,4,4,5,3.8,1,1,1,1,2,1.2,2.35,2,3,2,3,2,3,2.5,3,4,4,5,4,4.0,2,2,2,3,2,2.2,3.13,4,4,5,4,4.25,-1.673315261214173,-0.3088793981345596,-1.5845778817485696,-1.5732474131749754,-0.6971240260596026,0.1935803651199204,-0.3425304566260032,-0.013798594122441638,0.4231944579200692,-0.7755950364113716,-1.4670375270465748,-1.4892166908611912,-0.849564734344904,-1.1670495258166493,0.5094836670179137,-1.6159185107130316,-0.41018616087109283,-1.6991921320688446,-0.5945926720045839,-0.0,0.0,-0.0,12-15,Mother-Son,3.492,3.51,0.44,1,0
F2179,7,C1,Central,45,0,Rural,1,Male,2,Female,46,20.3,1,5.07,2.97,3.01,3.44,4,4,4,3,3,4,3.67,3,3,3,3,2,2.8,3,4,2,2,3,2.8,2.88,3,1,3,2,3,2,2.33,3,1,3,3,3,2.6,1,1,1,2,1,1.2,1.74,2,2,2,1,1.75,0.23204077018341215,-1.061901873292198,-0.09250140437526819,-0.8587780521602697,-0.8853323472358098,-0.9898132227558145,-1.3705551351145455,-1.650656821896979,-1.6533905501778914,0.9687454934771725,-1.531299949810326,-0.9743917788396002,0.024847800709621705,-0.6370495258166495,-1.9905163329820863,0.22408148928696825,-1.4101861608710928,-0.0991921320688447,1.2680574860565341,-0.0,-0.0,0.0,19-22,Father-Daughter,3.4618181818181815,3.534090909090909,0.45454545454545453,1,0
F2180,7,C1,Central,43,0,Rural,2,Female,2,Female,43,16.6,3,3.04,3.86,3.81,2.49,2,2,3,3,3,3,2.67,5,5,5,4,5,4.8,4,3,2,3,2,2.8,3.29,2,1,2,2,2,3,2.0,4,3,5,3,3,3.6,3,1,1,1,1,1.4,2.57,3,2,2,3,2.5,-0.8034788120978842,0.4441430770230789,-0.09250140437526819,-0.30607533892247824,-1.250677911871977,-0.14453208855886093,-1.1649501994168372,-0.673252268621536,-1.0304150477485032,-0.6555716054557379,-0.10146104331684848,0.10945014120585517,-1.6039598626272402,-0.2270495258166494,-1.2405163329820863,-0.7759185107130318,0.5898138391289072,-0.0991921320688447,0.28165864517139144,-0.0,-0.0,0.0,16-18,Mother-Daughter,3.569130434782609,3.510869565217391,0.43478260869565216,1,0
F2182,9,C3,Central,58,0,Rural,2,Female,2,Female,42,14.3,2,3.06,3.04,2.73,3.17,5,5,5,6,5,5,5.17,5,5,5,5,5,5.0,2,2,2,2,2,2.0,4.01,5,5,5,4,4,5,4.67,5,4,4,4,5,4.4,2,3,3,3,3,2.8,3.98,4,3,3,3,3.25,1.7853201436053567,0.5947475720546067,-0.8385396430619187,0.6645245477390087,1.7052998383661027,0.5316928187987021,0.2742843504671218,0.987157876099398,-0.4074395453191151,-0.63956848132832,-1.4188407099737605,-1.3537364508555092,-0.4380764825545392,0.49295047418335036,-0.4905163329820863,1.7240814892869682,0.7898138391289073,-0.8991921320688445,-0.24180025893819762,0.0,-0.0,-0.0,12-15,Mother-Daughter,3.3766666666666665,3.475,0.43333333333333335,1,0
F2183,1,E1,Eastern,4,0,Rural,1,Male,2,Female,52,25.0,2,3.47,3.37,2.16,3.35,1,2,1,1,2,1,1.33,5,5,5,4,5,4.8,3,3,3,4,4,3.4,3.07,2,3,3,2,2,2,2.33,4,5,5,5,4,4.6,3,2,1,3,1,2.0,2.92,3,3,4,5,3.75,-2.191075052354821,0.4441430770230789,0.46702727463972,-0.6026475265134884,-0.8853323472358098,0.7007490456380923,-0.5481353923237118,-0.26109372205960196,0.007877456300477073,-0.31150443671625433,-0.8886757221728079,-2.125973818887896,-0.129460293711765,-0.4470495258166496,0.0094836670179137,-2.1159185107130316,0.5898138391289072,0.5008078679311554,-0.0042396688433613185,-0.0,0.0,-0.0,23-25,Father-Daughter,3.3230434782608693,3.5760869565217392,0.391304347826087,0,0
F2184,10,C4,Central,68,0,Rural,1,Male,2,Female,39,13.8,2,2.31,3.38,2.99,4.1,3,2,3,2,3,2,2.5,2,1,2,1,3,1.8,4,4,4,4,4,4.0,2.86,4,2,2,2,2,2,2.33,2,2,4,4,3,3.0,3,2,2,3,3,2.6,2.76,3,3,3,3,3.0,-0.9795171410857045,-1.8149243484498367,1.0265559536547082,-0.8857391601230888,-0.8853323472358098,-0.6517007690770332,0.06867941476941361,-0.4495090576307719,-0.6150980461289112,-1.2396856361064887,-0.8726101164818703,-1.001487826840736,1.1564404931331256,-0.6570495258166495,-0.7405163329820863,-0.9459185107130317,-2.410186160871093,1.1008078679311555,0.486555905445364,-0.0,-0.0,0.0,12-15,Father-Daughter,3.5727999999999995,4.04,0.56,1,0
F2185,9,C3,Central,57,0,Rural,2,Female,1,Male,36,14.1,5,5.2,3.34,3.02,2.26,1,1,1,1,3,1,1.33,5,4,3,4,5,4.2,1,1,2,2,2,1.6,2.43,1,2,1,1,1,1,1.17,5,3,4,4,3,3.8,1,1,2,2,1,1.4,1.93,3,4,3,3,3.25,-2.191075052354821,-0.0076704080715039435,-1.2115587624052442,-1.4654029813236988,-2.169577362320519,0.02452413828052955,-1.1649501994168372,-1.426913610906215,-0.4074395453191151,1.0727658003053884,-0.9368725392456222,-0.9608437548390317,-1.9983027705930074,-1.0870495258166493,-0.4905163329820863,-2.1159185107130316,-0.010186160871092476,-1.2991921320688444,0.5332155471734985,-0.0,-0.0,0.0,12-15,Mother-Son,3.637826086956522,3.869565217391304,0.5652173913043478,1,0
F2190,5,E5,Eastern,35,0,Rural,1,Male,2,Female,41,14.0,2,2.86,3.52,3.79,3.18,3,4,2,3,3,2,2.83,7,6,7,7,7,6.8,3,3,3,2,3,2.8,4.17,3,3,4,3,3,4,3.33,6,7,6,7,6,6.4,4,4,3,4,2,3.4,4.46,5,6,4,5,5.0,-0.6377956789328766,1.950188027338356,-0.09250140437526819,0.8802134114415616,0.2217754243889392,2.2222550871926092,0.8910991575602472,1.5524038828129074,1.0461699603494574,-0.7995997226024986,-0.6476916368087388,0.08235409320471876,-0.42093113872994026,0.6529504741833505,1.2594836670179137,-0.6159185107130316,2.589813839128907,-0.0991921320688447,0.8223804576055319,0.0,0.0,0.0,12-15,Father-Daughter,3.447777777777778,3.6944444444444446,0.4444444444444444,0,0
F2193,13,W1,Western,90,0,Rural,2,Female,2,Female,48,21.0,2,3.3,3.02,2.42,2.99,3,2,3,2,2,2,2.33,3,2,3,4,3,3.0,2,3,4,4,3,3.2,2.87,2,2,2,3,3,2,2.33,3,4,3,3,4,3.4,2,1,3,2,2,2.0,2.43,3,3,4,4,3.5,-1.1555554700735249,-0.9112973782606704,0.28051771496805755,-0.8722586061416789,-0.8853323472358098,-0.3135883153982518,-0.5481353923237118,-0.8381156872463091,-0.199781044509319,-0.4475309917993062,-1.4509719213556365,-1.773725194873123,-0.7466926713973127,-0.6470495258166493,-0.2405163329820863,-1.1159185107130316,-1.2101861608710927,0.30080786793115566,0.15562597920721827,-0.0,-0.0,0.0,19-22,Mother-Daughter,3.4153846153846152,3.4326923076923075,0.38461538461538464,0,1
F2195,7,C1,Central,45,0,Rural,1,Male,2,Female,42,16.7,4,3.77,2.97,3.01,3.44,4,4,5,5,4,5,4.5,3,2,3,2,2,2.4,2,3,2,1,2,2.0,3.01,3,3,3,2,2,3,2.67,4,3,3,3,3,3.2,1,1,1,1,1,1.0,2.18,1,1,1,1,1.0,1.091522023476888,-1.3631108633552536,-0.8385396430619187,-0.6835308504019458,-0.5089157048833953,-0.4826445422376423,-1.576160070812254,-1.1325146490762619,-2.2763660526072798,-0.07145757480498696,-1.531299949810326,-0.9743917788396002,0.024847800709621705,-0.5070495258166496,-2.7405163329820863,1.0540814892869683,-1.8101861608710927,-0.8991921320688445,1.3895775071313503,-0.0,-0.0,0.0,16-18,Father-Daughter,3.4618181818181815,3.534090909090909,0.45454545454545453,1,0
F2200,1,E1,Eastern,4,0,Rural,2,Female,1,Male,41,15.4,4,4.47,3.37,2.16,3.35,4,4,4,4,5,3,4.0,4,4,3,3,4,3.6,3,3,3,3,3,3.0,3.61,3,3,3,3,3,3,3.0,4,4,3,4,3,3.6,3,2,2,3,2,2.4,2.83,2,3,3,3,2.75,0.57376223233624,-0.4594838931660871,0.09400815529639468,0.125302388482627,-0.14357014024722803,-0.14453208855886093,-0.13692552092829502,-0.3670773483183848,-0.8227565469387071,0.488651769654637,-0.8886757221728079,-2.125973818887896,-0.129460293711765,0.09295047418335045,-0.9905163329820863,0.5540814892869683,-0.6101861608710926,0.10080786793115548,-0.09206896283703837,0.0,-0.0,-0.0,12-15,Mother-Son,3.3230434782608693,3.5760869565217392,0.391304347826087,0,0
F2202,2,E2,Eastern,12,0,Rural,2,Female,1,Male,47,17.8,2,2.98,3.05,2.8,2.59,3,3,3,2,2,2,2.5,2,3,2,3,1,2.2,3,2,2,2,2,2.2,2.28,2,1,1,1,1,2,1.33,3,3,3,2,2,2.6,1,1,2,2,1,1.4,1.71,1,2,2,2,1.75,-0.9795171410857045,-1.513715358386781,-0.6520300833902559,-1.6676112910448426,-1.9924401188605587,-0.9898132227558145,-1.1649501994168372,-1.6859846973165735,-1.6533905501778914,-0.7035809778379915,-1.402775104282823,-1.258900282851532,-1.4325064243812553,-1.2370495258166496,-1.9905163329820863,-0.9459185107130317,-2.0101861608710925,-0.6991921320688443,2.462367285845786,-0.0,-0.0,0.0,16-18,Mother-Son,3.502,3.24,0.6,0,0
F2209,2,E2,Eastern,9,0,Rural,2,Female,2,Female,45,18.7,3,2.58,4.26,4.39,3.09,3,2,1,2,2,2,2.0,3,4,3,3,3,3.2,3,2,2,1,2,2.0,2.5,2,2,3,3,2,2,2.33,2,2,2,2,3,2.2,2,2,2,1,1,1.6,2.0,2,2,2,3,2.25,-1.4972769322263526,-0.7606928832291425,-0.8385396430619187,-1.3710391034538323,-0.8853323472358098,-1.327925676434596,-0.9593452637191285,-1.344481901593828,-1.2380735485582992,-1.023643460386348,0.5411631843206696,0.8952355332388096,-0.5752392331513277,-1.0170495258166494,-1.4905163329820863,-1.4459185107130317,-1.0101861608710925,-0.8991921320688445,1.515928929681402,-0.0,-0.0,0.0,16-18,Mother-Daughter,3.2433333333333336,4.157407407407407,0.5925925925925926,0,0
F2213,3,E3,Eastern,17,0,Rural,1,Male,1,Male,44,20.5,4,3.08,3.02,2.54,2.78,3,4,4,4,4,4,3.83,4,4,4,5,3,4.0,5,5,5,4,5,4.8,4.21,2,3,2,3,2,3,2.5,2,3,4,2,3,2.8,4,2,4,3,3,3.2,3.13,6,5,5,4,5.0,0.3977239033484197,-0.15827490310303177,1.7725941923413588,0.9341356273671998,-0.6971240260596026,-0.820756995916424,0.685494221862539,-0.013798594122441638,1.0461699603494574,-0.6235653572009022,-1.4509719213556365,-1.6111489068663047,-1.106744891713883,0.6929504741833505,1.2594836670179137,0.3840814892869684,-0.21018616087109265,1.9008078679311553,0.8727598042862484,0.0,0.0,0.0,19-22,Father-Son,3.84625,4.171875,0.6875,0,0
F2214,4,E4,Eastern,22,0,Rural,1,Male,1,Male,41,18.3,3,4.43,3.42,2.84,2.72,4,4,4,4,5,4,4.17,3,4,4,5,4,4.0,2,1,1,2,2,1.6,3.32,4,3,3,4,4,3,3.5,3,3,2,3,2,2.6,2,3,2,2,3,2.4,2.97,3,3,4,4,3.5,0.7498005613240603,-0.15827490310303177,-1.2115587624052442,-0.26563367697824986,0.40998374556514644,-0.9898132227558145,-0.13692552092829502,-0.20221392969361107,-0.199781044509319,0.45664552139980136,-0.8083476937181184,-1.2047081868492593,-1.2096169546614735,-0.19704952581664958,-0.2405163329820863,0.7240814892869682,-0.21018616087109265,-1.2991921320688444,0.0473936293652795,-0.0,-0.0,0.0,16-18,Father-Son,3.5074193548387096,3.4919354838709675,0.45161290322580644,0,0
F2217,12,C6,Central,81,0,Rural,2,Female,2,Female,51,22.1,2,5.34,2.58,3.33,2.75,2,3,3,2,2,4,2.67,1,2,3,3,3,2.4,3,2,3,2,4,2.8,2.67,3,3,4,3,3,4,3.33,4,4,4,5,5,4.4,4,3,5,4,4,4.0,3.54,6,6,6,6,6.0,-0.8034788120978842,-1.3631108633552536,-0.09250140437526819,-1.14186968576987,0.2217754243889392,0.5316928187987021,1.5079139646533726,0.46901570327868114,1.8768039635886415,1.184787669197313,-2.1578585717569063,-0.5408550108214178,-1.1581809231876783,-0.8470495258166495,2.2594836670179137,-0.7759185107130318,-1.8101861608710927,-0.0991921320688447,-1.9138945687379882,-0.0,0.0,-0.0,19-22,Mother-Daughter,3.0680952380952378,3.857142857142857,0.23809523809523808,1,0
F2219,7,C1,Central,43,0,Rural,2,Female,2,Female,45,17.1,2,2.34,3.86,3.81,2.49,2,3,3,3,3,2,2.67,6,4,4,5,5,4.8,3,3,3,3,3,3.0,3.63,3,3,4,3,3,3,3.17,4,4,4,5,3,4.0,3,2,3,3,2,2.6,2.93,3,3,4,3,3.25,-0.8034788120978842,0.4441430770230789,0.09400815529639468,0.15226349644544612,0.04463818092897921,0.1935803651199204,0.06867941476941361,-0.24931776358640356,-0.4074395453191151,-1.2156809499153622,-0.10146104331684848,0.10945014120585517,-1.6039598626272402,0.11295047418335047,-0.4905163329820863,-0.7759185107130318,0.5898138391289072,0.10080786793115548,-0.05540405240500488,0.0,-0.0,-0.0,16-18,Mother-Daughter,3.569130434782609,3.510869565217391,0.43478260869565216,1,0
F2220,1,E1,Eastern,5,0,Rural,1,Male,1,Male,41,12.5,3,2.81,3.67,3.29,2.6,2,2,2,2,4,2,2.33,1,2,1,2,2,1.6,3,3,4,3,3,3.2,2.61,2,2,2,1,1,2,1.67,2,1,2,3,3,2.2,1,2,2,1,1,1.4,1.81,2,2,3,1,2.0,-1.1555554700735249,-1.9655288434813643,0.28051771496805755,-1.2227530096583274,-1.6160234765081443,-1.327925676434596,-1.1649501994168372,-1.5682251125845923,-1.4457320493680954,-0.839607532921043,-0.4067075514446695,-0.5950471068236907,-1.4153610805566563,-0.9070495258166495,-1.7405163329820863,-1.1159185107130316,-2.6101861608710926,0.30080786793115566,1.578734514507535,-0.0,-0.0,0.0,12-15,Father-Son,3.402727272727273,3.7954545454545454,0.6363636363636364,0,0
F2221,10,C4,Central,65,0,Rural,2,Female,1,Male,42,16.0,1,2.81,3.33,2.3,2.29,2,3,3,2,3,2,2.5,5,4,5,5,5,4.8,3,4,3,3,2,3.0,3.4,2,2,3,2,2,2,2.17,4,4,4,4,4,4.0,1,3,1,1,1,1.4,2.27,3,1,3,3,2.5,-0.9795171410857045,0.4441430770230789,0.09400815529639468,-0.1577892451269734,-1.0624695906957697,0.1935803651199204,-1.1649501994168372,-1.026531022817479,-1.0304150477485032,-0.839607532921043,-0.9529381449365598,-1.9363014828799414,-1.9468667391192114,-0.11704952581664951,-1.2405163329820863,-0.9459185107130317,0.5898138391289072,0.10080786793115548,0.1452018485433621,-0.0,-0.0,0.0,16-18,Mother-Son,3.693157894736842,4.078947368421052,0.6842105263157895,1,0
F2222,7,C1,Central,48,0,Rural,2,Female,2,Female,41,15.8,1,2.54,2.93,2.64,3.34,3,3,3,3,4,4,3.33,4,5,4,4,4,4.2,1,1,1,1,1,1.0,2.79,3,3,3,4,3,3,3.17,3,3,5,3,4,3.6,2,2,1,1,2,1.6,2.95,5,3,3,4,3.75,-0.12003588779222847,-0.0076704080715039435,-1.7710874414202322,-0.9801030379929554,0.04463818092897921,-0.14453208855886093,-0.9593452637191285,-0.22576584664000732,0.007877456300477073,-1.0556497086411838,-1.595562372574078,-1.4756686668606227,-0.14660563753636396,-0.7270495258166494,0.0094836670179137,-0.11591851071303161,-0.010186160871092476,-1.8991921320688445,-0.006895095608377153,-0.0,0.0,-0.0,12-15,Mother-Daughter,4.048421052631579,3.8552631578947367,0.6842105263157895,1,0
F2224,5,E5,Eastern,35,0,Rural,2,Female,2,Female,45,15.2,2,3.26,3.52,3.79,3.18,3,3,2,2,3,2,2.5,3,4,5,4,3,3.8,4,3,4,4,2,3.4,3.38,5,3,3,4,4,4,3.83,3,3,3,4,3,3.2,4,4,4,4,3,3.8,3.5,4,5,5,4,4.5,-0.9795171410857045,-0.3088793981345596,0.46702727463972,-0.1847503530897925,0.7753293102013137,-0.4826445422376423,1.302309028955664,0.42191186938588865,0.6308529587298652,-0.47953724005414194,-0.6476916368087388,0.08235409320471876,-0.42093113872994026,-0.13704952581664953,0.7594836670179137,-0.9459185107130317,-0.41018616087109283,0.5008078679311554,-0.10408687643029522,-0.0,0.0,-0.0,12-15,Mother-Daughter,3.447777777777778,3.6944444444444446,0.4444444444444444,0,0
F2225,8,C2,Central,52,0,Rural,1,Male,1,Male,39,16.5,5,5.9,3.34,2.96,2.87,3,4,3,4,3,4,3.5,4,5,5,4,3,4.2,2,2,2,3,1,2.0,3.17,2,3,2,3,3,2,2.5,3,2,2,2,2,2.2,1,1,1,1,1,1.0,1.86,2,2,2,1,1.75,0.05600244119559184,-0.0076704080715039435,-0.8385396430619187,-0.46784198669939286,-0.6971240260596026,-1.327925676434596,-1.576160070812254,-1.5093453202186016,-1.6533905501778914,1.6328751447650127,-0.9368725392456222,-1.0421318988424408,-0.9524367972924954,-0.3470495258166495,-1.9905163329820863,0.05408148928696832,-0.010186160871092476,-0.8991921320688445,0.6908077494917291,-0.0,-0.0,0.0,16-18,Father-Son,3.4015,3.575,0.5,1,0
F2227,8,C2,Central,50,0,Rural,1,Male,1,Male,46,21.7,3,2.45,4.16,2.96,2.84,5,4,5,5,5,5,4.83,3,4,3,3,3,3.2,3,3,2,3,3,2.8,3.52,4,4,3,3,3,3,3.33,3,4,4,5,4,4.0,1,2,2,2,2,1.8,3.29,6,4,6,5,5.25,1.433243485629716,-0.7606928832291425,-0.09250140437526819,0.003977402649941291,0.2217754243889392,0.1935803651199204,-0.7537403280214202,0.17461674144872832,1.2538284611592534,-1.127663767214564,0.3805071274112906,-1.0421318988424408,-1.0038728287662915,0.002950474183350593,1.5094836670179137,1.3840814892869684,-1.0101861608710925,-0.0991921320688447,0.004453692589725737,0.0,0.0,0.0,19-22,Father-Son,3.4087878787878787,3.984848484848485,0.5454545454545454,1,0
F2228,4,E4,Eastern,27,0,Rural,1,Male,1,Male,45,16.7,4,5.44,3.06,2.86,2.82,1,2,2,2,2,1,1.67,4,4,4,4,5,4.2,5,4,4,4,5,4.4,3.44,1,1,1,1,1,1,1.0,2,2,3,2,3,2.4,2,1,1,3,2,1.8,1.82,3,2,2,2,2.25,-1.8389983943791806,-0.0076704080715039435,1.3995750729980339,-0.10386702920133516,-2.357785683496726,-1.1588694495952054,-0.7537403280214202,-1.556449154111394,-1.2380735485582992,1.2648032898344026,-1.3867094985918846,-1.1776121388481229,-1.0381635164154885,-0.07704952581664948,-1.4905163329820863,-1.7759185107130318,-0.010186160871092476,1.5008078679311558,0.11484357667824097,-0.0,-0.0,0.0,16-18,Father-Son,3.616842105263158,4.0,0.631578947368421,0,0
F2230,11,C5,Central,73,0,Rural,1,Male,1,Male,46,21.4,3,2.95,3.04,3.51,3.37,3,2,4,4,3,3,3.17,2,1,2,2,2,1.8,3,2,3,2,3,2.6,2.67,2,3,3,3,4,3,3.0,3,2,3,2,2,2.4,2,1,2,2,2,1.8,2.59,4,4,4,4,4.0,-0.285719020957236,-1.8149243484498367,-0.27901096404693065,-1.14186968576987,-0.14357014024722803,-1.1588694495952054,-0.7537403280214202,-0.6497003516751397,0.21553595711027312,-0.7275856640291181,-1.4188407099737605,-0.29699057881119084,-0.09516960606256787,-0.8470495258166495,0.2594836670179137,-0.27591851071303175,-2.410186160871093,-0.29919213206884443,-0.21979551710468917,-0.0,0.0,-0.0,19-22,Father-Son,3.2838461538461536,3.8365384615384617,0.5384615384615384,1,0
F2233,15,W3,Western,105,0,Rural,2,Female,1,Male,41,16.5,2,2.91,3.95,4.18,3.72,3,3,3,3,3,3,3.0,5,5,5,6,5,5.2,2,1,2,2,2,1.8,3.42,2,1,2,1,2,1,1.5,2,3,3,2,3,2.6,1,1,1,2,1,1.2,1.85,1,1,2,1,1.25,-0.46175734994505635,0.7453520670861346,-1.0250492027335814,-0.13082813716415428,-1.8042317976843516,-0.9898132227558145,-1.3705551351145455,-1.5211212786917998,-2.0687075517974836,-0.7595919122839537,0.04312940790159361,0.6107270292268776,0.5049174277983816,-0.0970495258166495,-2.4905163329820863,-0.4459185107130317,0.9898138391289075,-1.0991921320688445,0.24170342915453222,-0.0,-0.0,0.0,16-18,Mother-Son,3.337037037037037,3.1203703703703702,0.5555555555555556,0,1
F2234,2,E2,Eastern,11,0,Rural,1,Male,2,Female,42,14.0,2,1.53,2.77,1.96,1.98,3,3,2,4,4,4,3.33,2,3,4,4,3,3.2,3,3,4,2,3,3.0,3.15,3,3,2,2,3,3,2.67,3,2,3,2,3,2.6,2,2,2,2,3,2.2,2.66,3,2,2,3,2.5,-0.12003588779222847,-0.7606928832291425,0.09400815529639468,-0.494803094662212,-0.5089157048833953,-0.9898132227558145,-0.3425304566260032,-0.5672686423627527,-1.0304150477485032,-1.8638074770757842,-1.8526120636290855,-2.3969342988992595,-2.4783723976817664,-0.3670495258166495,-1.2405163329820863,-0.11591851071303161,-1.0101861608710925,0.10080786793115548,0.4553309317888837,-0.0,-0.0,0.0,12-15,Father-Daughter,3.622,3.9375,0.5,0,0
F2237,11,C5,Central,75,0,Rural,2,Female,2,Female,42,15.8,4,2.49,3.62,2.71,3.05,3,4,2,3,3,3,3.0,2,2,3,3,2,2.4,2,2,3,2,2,2.2,2.59,4,4,4,3,3,3,3.5,3,2,3,2,3,2.6,2,3,3,2,3,2.6,2.67,4,3,3,4,3.5,-0.46175734994505635,-1.3631108633552536,-0.6520300833902559,-1.2497141176211466,0.40998374556514644,-0.9898132227558145,0.06867941476941361,-0.5554926838895548,-0.199781044509319,-1.0956575189597282,-0.48703557989935903,-1.3808324988566456,-0.643820608449722,-0.9270495258166496,-0.2405163329820863,-0.4459185107130317,-1.8101861608710927,-0.6991921320688443,0.22297055244220249,-0.0,-0.0,0.0,12-15,Mother-Daughter,3.659473684210526,3.8421052631578947,0.7368421052631579,1,0
F2238,5,E5,Eastern,30,0,Rural,1,Male,1,Male,48,17.3,2,5.02,3.56,3.62,2.82,2,2,1,2,2,2,1.83,5,4,4,4,4,4.2,2,2,1,2,2,1.8,2.44,2,1,2,2,1,1,1.5,3,2,4,2,3,2.8,2,1,2,2,2,1.8,2.14,3,4,3,4,3.5,-1.673315261214173,-0.0076704080715039435,-1.0250492027335814,-1.4519224273422897,-1.8042317976843516,-0.820756995916424,-0.7537403280214202,-1.1796184829690544,-0.199781044509319,0.9287376831586274,-0.5834292140449868,-0.14796231480494032,-1.0381635164154885,-1.0770495258166495,-0.2405163329820863,-1.6159185107130316,-0.010186160871092476,-1.0991921320688445,0.2590480023895154,-0.0,-0.0,0.0,16-18,Father-Son,3.4215999999999998,3.83,0.76,0,0
F2239,13,W1,Western,90,0,Rural,1,Male,1,Male,41,15.5,3,4.73,3.02,2.42,2.99,2,2,2,2,2,2,2.0,3,3,2,2,2,2.4,2,2,2,2,4,2.4,2.13,2,3,2,2,2,1,2.0,3,3,2,2,3,2.6,2,2,2,2,3,2.2,2.55,4,4,4,3,3.75,-1.4972769322263526,-1.3631108633552536,-0.4655205237185935,-1.8698196007659855,-1.250677911871977,-0.9898132227558145,-0.3425304566260032,-0.6968041855679322,0.007877456300477073,0.6966923833110694,-1.4509719213556365,-1.773725194873123,-0.7466926713973127,-1.3870495258166495,0.0094836670179137,-1.4459185107130317,-1.8101861608710927,-0.4991921320688446,-0.013154315840200196,-0.0,0.0,-0.0,12-15,Father-Son,3.4153846153846152,3.4326923076923075,0.38461538461538464,0,1
F2242,11,C5,Central,71,0,Rural,1,Male,2,Female,45,12.3,4,3.53,3.96,2.82,4.02,1,2,2,1,1,1,1.33,1,3,1,2,1,1.6,2,2,2,2,2,2.0,1.61,3,2,2,1,2,3,2.17,3,4,4,4,3,3.6,2,5,3,4,3,3.4,2.91,5,4,6,5,5.0,-2.191075052354821,-1.9655288434813643,-0.8385396430619187,-2.5708084077992814,-1.0624695906957697,-0.14453208855886093,0.8910991575602472,-0.2728696805327998,1.0461699603494574,-0.26349506433400116,0.05919501359253122,-1.2318042348503957,1.019277742536337,-1.9070495258166493,1.2594836670179137,-2.1159185107130316,-2.6101861608710926,-0.8991921320688445,-2.401897729960327,-0.0,0.0,-0.0,12-15,Father-Daughter,3.4165217391304346,3.782608695652174,0.6086956521739131,1,0
F2250,6,E6,Eastern,39,0,Rural,2,Female,1,Male,49,20.8,3,3.68,3.2,3.65,2.76,5,4,5,4,4,5,4.5,4,5,5,6,6,5.2,1,1,1,1,1,1.0,3.61,5,3,4,3,3,3,3.5,4,2,3,3,2,2.8,2,1,2,2,2,1.8,2.62,3,3,3,4,3.25,1.091522023476888,0.7453520670861346,-1.7710874414202322,0.125302388482627,0.40998374556514644,-0.820756995916424,-0.7537403280214202,-0.6143724762555451,-0.4074395453191151,-0.1434716333783671,-1.161791018918753,-0.10731824280323603,-1.14103557936308,0.09295047418335045,-0.4905163329820863,1.0540814892869683,0.9898138391289075,-1.8991921320688445,-0.04559372574536315,0.0,-0.0,-0.0,19-22,Mother-Son,3.795625,3.875,0.5625,0,0
F2252,6,E6,Eastern,41,0,Rural,1,Male,2,Female,40,13.9,4,5.13,3.21,4.31,2.5,3,3,3,4,3,2,3.0,3,4,3,2,3,3.0,3,3,3,3,2,2.8,3.0,4,3,4,3,2,4,3.33,4,3,3,3,3,3.2,5,5,5,6,6,5.4,3.95,5,5,6,6,5.5,-0.46175734994505635,-0.9112973782606704,-0.09250140437526819,-0.6970114043833551,0.2217754243889392,-0.4826445422376423,2.947148514537332,0.9518300006798038,1.4614869619690496,1.0167548658594256,-1.1457254132278154,0.7868513412342639,-1.586814518802642,-0.5170495258166494,1.7594836670179137,-0.4459185107130317,-1.2101861608710927,-0.0991921320688447,-0.9097401957137518,-0.0,0.0,-0.0,12-15,Father-Daughter,3.464090909090909,3.465909090909091,0.5454545454545454,0,0
F2253,18,W6,Western,124,0,Rural,2,Female,2,Female,49,18.0,4,1.81,4.32,2.48,3.18,3,3,3,3,3,3,3.0,4,3,3,3,4,3.4,4,4,3,4,3,3.6,3.64,2,3,3,2,2,3,2.5,1,1,3,2,2,1.8,1,3,3,2,3,2.4,2.15,1,3,2,3,2.25,-0.46175734994505635,-0.610088388197615,0.6535368343113829,0.16574405042685597,-0.6971240260596026,-1.6660381301133775,-0.13692552092829502,-1.1678425244958566,-1.2380735485582992,-1.6397637392919346,0.6375568184662981,-1.692437050869714,-0.42093113872994026,0.1229504741833507,-1.4905163329820863,-0.4459185107130317,-0.8101861608710927,0.7008078679311556,-0.18325968991817657,0.0,-0.0,-0.0,16-18,Mother-Daughter,3.6216666666666666,3.513888888888889,0.5,0,1
F2254,17,W5,Western,114,0,Rural,1,Male,2,Female,40,14.9,2,3.36,4.42,3.87,3.41,2,1,3,2,3,2,2.17,6,7,6,7,6,6.4,4,3,3,3,3,3.2,3.7,1,2,1,2,1,2,1.5,3,2,1,2,2,2.0,2,1,1,1,1,1.2,1.71,3,3,2,2,2.5,-1.3212386032385324,1.648979037275301,0.28051771496805755,0.2466273743153133,-1.8042317976843516,-1.4969819032739868,-1.3705551351145455,-1.6859846973165735,-1.0304150477485032,-0.39952161941705266,0.7982128753756771,0.19073828520926436,-0.02658823076417361,0.18295047418335075,-1.2405163329820863,-1.2759185107130318,2.1898138391289077,0.30080786793115566,-0.22695305135126412,0.0,-0.0,-0.0,12-15,Father-Daughter,3.439090909090909,3.522727272727273,0.5909090909090909,0,1
F2255,11,C5,Central,73,0,Rural,2,Female,1,Male,48,19.8,2,1.45,3.04,3.51,3.37,4,3,5,4,4,4,4.0,1,2,1,1,1,1.2,2,2,2,3,2,2.2,2.39,2,3,2,3,2,3,2.5,1,1,1,1,2,1.2,1,1,1,1,2,1.2,1.55,1,2,1,1,1.25,0.57376223233624,-2.2667378335444197,-0.6520300833902559,-1.5193251972493371,-0.6971240260596026,-2.1732068106315494,-1.3705551351145455,-1.8744000328877433,-2.0687075517974836,-1.9278199735854555,-1.4188407099737605,-0.29699057881119084,-0.09516960606256787,-1.1270495258166493,-2.4905163329820863,0.5540814892869683,-3.0101861608710925,-0.6991921320688443,2.8069352521260806,-0.0,-0.0,0.0,19-22,Mother-Son,3.2838461538461536,3.8365384615384617,0.5384615384615384,1,0
F2257,1,E1,Eastern,2,0,Rural,2,Female,2,Female,47,21.1,2,4.25,3.75,2.82,2.58,3,3,5,4,4,4,3.83,4,4,4,4,4,4.0,1,2,1,1,2,1.4,2.93,4,4,4,3,5,4,4.0,4,4,5,4,6,4.6,2,1,2,1,2,1.6,3.34,4,3,3,3,3.25,0.3977239033484197,-0.15827490310303177,-1.398068322076907,-0.7913752822532216,0.9635376313775209,0.7007490456380923,-0.9593452637191285,0.23349653381471866,-0.4074395453191151,0.3126174042530411,-0.27818270591716576,-1.2318042348503957,-1.4496517682058534,-0.5870495258166493,-0.4905163329820863,0.3840814892869684,-0.21018616087109265,-1.4991921320688446,0.2879573806824554,-0.0,-0.0,0.0,19-22,Mother-Daughter,3.7009999999999996,3.75,0.55,0,0
F2260,8,C2,Central,53,0,Rural,2,Female,2,Female,47,17.4,2,5.16,2.95,2.41,3.09,4,4,3,3,4,3,3.5,4,4,3,4,5,4.0,3,3,3,3,1,2.6,3.14,2,2,2,3,3,1,2.17,4,5,4,4,5,4.4,4,3,2,3,3,3.0,3.34,5,5,4,5,4.75,0.05600244119559184,-0.15827490310303177,-0.27901096404693065,-0.5082836486436213,-1.0624695906957697,0.5316928187987021,0.4798892861648304,0.23349653381471866,0.8385114595396613,1.0407595520505526,-1.5634311611922018,-1.787273218873691,-0.5752392331513277,-0.3770495258166493,1.0094836670179137,0.05408148928696832,-0.21018616087109265,-0.29919213206884443,-0.38062533796875664,-0.0,0.0,-0.0,16-18,Mother-Daughter,3.6231578947368424,3.8026315789473686,0.5789473684210527,1,0
F2264,10,C4,Central,69,0,Rural,1,Male,1,Male,52,16.3,4,4.87,4.3,2.82,2.9,2,3,4,3,2,3,2.83,1,2,1,1,2,1.4,1,3,2,1,1,1.6,1.83,3,3,3,2,3,3,2.83,3,3,3,4,3,3.2,2,3,2,2,1,2.0,2.9,6,6,6,6,6.0,-0.6377956789328766,-2.116133338512892,-1.2115587624052442,-2.2742362202082718,-0.33177846142343526,-0.4826445422376423,-0.5481353923237118,-0.2846456390059982,1.8768039635886415,0.808714252202994,0.6054256070844215,-1.2318042348503957,-0.9010007658187,-1.6870495258166494,2.2594836670179137,-0.6159185107130316,-2.8101861608710927,-1.2991921320688444,-3.8118608490330352,-0.0,0.0,-0.0,16-18,Father-Son,3.4778260869565214,4.086956521739131,0.5652173913043478,1,0
F2265,17,W5,Western,115,0,Rural,1,Male,1,Male,52,21.4,1,3.61,3.3,3.31,3.44,3,3,3,3,3,3,3.0,3,4,3,3,3,3.2,3,2,1,4,3,2.6,2.78,2,3,1,1,2,2,1.83,2,1,1,2,2,1.6,2,1,2,1,2,1.6,1.71,1,2,3,2,2.0,-0.46175734994505635,-0.7606928832291425,-0.27901096404693065,-0.9935835919743653,-1.4388862330481842,-1.8350943569527682,-0.9593452637191285,-1.6859846973165735,-1.4457320493680954,-0.19948256782432974,-1.0011349620093741,-0.5679510588225543,0.024847800709621705,-0.7370495258166496,-1.7405163329820863,-0.4459185107130317,-1.0101861608710925,-0.29919213206884443,1.2828467379005806,-0.0,-0.0,0.0,19-22,Father-Son,3.5508333333333333,3.8125,0.6666666666666666,0,1
F2268,7,C1,Central,45,0,Rural,2,Female,1,Male,37,12.1,1,4.09,2.97,3.01,3.44,4,3,3,3,3,3,3.17,1,1,1,1,2,1.2,3,2,3,2,3,2.6,2.23,3,3,3,4,3,4,3.33,2,2,2,3,3,2.4,2,1,2,3,3,2.2,2.78,4,5,5,4,4.5,-0.285719020957236,-2.2667378335444197,-0.27901096404693065,-1.73501406095189,0.2217754243889392,-1.1588694495952054,-0.3425304566260032,-0.4259571406843757,0.6308529587298652,0.18459241123369827,-1.531299949810326,-0.9743917788396002,0.024847800709621705,-1.2870495258166494,0.7594836670179137,-0.27591851071303175,-3.0101861608710925,-0.29919213206884443,-0.9774930935008959,-0.0,0.0,-0.0,12-15,Mother-Son,3.4618181818181815,3.534090909090909,0.45454545454545453,1,0
F2269,15,W3,Western,105,0,Rural,2,Female,1,Male,45,20.2,2,3.57,3.95,4.18,3.72,3,2,3,3,2,2,2.5,4,4,4,3,3,3.6,5,4,3,4,4,4.0,3.24,1,1,1,1,1,1,1.0,4,4,4,4,3,3.8,1,2,3,2,3,2.2,2.37,3,4,3,4,3.5,-0.9795171410857045,-0.4594838931660871,1.0265559536547082,-0.3734781088295257,-2.357785683496726,0.02452413828052955,-0.3425304566260032,-0.9087714380854979,-0.199781044509319,-0.23148881607916544,0.04312940790159361,0.6107270292268776,0.5049174277983816,-0.2770495258166492,-0.2405163329820863,-0.9459185107130317,-0.6101861608710926,1.1008078679311555,0.06663493600384632,-0.0,-0.0,0.0,19-22,Mother-Son,3.337037037037037,3.1203703703703702,0.5555555555555556,0,1
F2270,14,W2,Western,97,0,Rural,1,Male,2,Female,36,13.8,3,5.54,2.53,3.33,2.43,1,2,2,1,1,1,1.33,4,5,5,6,5,5.0,4,3,3,4,2,3.2,3.24,2,1,2,2,1,2,1.67,3,3,3,2,3,2.8,2,2,2,2,1,1.8,1.85,2,3,3,2,2.5,-2.191075052354821,0.5947475720546067,0.28051771496805755,-0.3734781088295257,-1.6160234765081443,-0.820756995916424,-0.7537403280214202,-1.5211212786917998,-1.0304150477485032,1.3448189104714914,-2.2381866002115967,-0.5408550108214178,-1.7068319255748314,-0.2770495258166492,-1.2405163329820863,-2.1159185107130316,0.7898138391289073,0.30080786793115566,0.3436844618204955,-0.0,-0.0,0.0,12-15,Father-Daughter,3.580769230769231,3.9423076923076925,0.6153846153846154,0,1
F2272,4,E4,Eastern,25,0,Rural,1,Male,2,Female,43,20.8,2,3.03,4.55,4.22,4.46,1,2,2,2,1,1,1.5,4,4,3,4,4,3.8,3,3,3,4,3,3.2,2.98,2,3,2,2,2,2,2.17,3,3,2,3,2,2.6,2,1,2,2,1,1.6,1.97,2,2,2,2,2.0,-2.015036723367001,-0.3088793981345596,0.28051771496805755,-0.7239725123461742,-1.0624695906957697,-0.9898132227558145,-0.9593452637191285,-1.3798097770134226,-1.4457320493680954,-0.663573167519447,1.0070657493578703,0.6649191252291504,1.773672870818674,-0.5370495258166494,-1.7405163329820863,-1.9459185107130317,-0.41018616087109283,0.30080786793115566,0.934743471304163,-0.0,-0.0,0.0,19-22,Father-Daughter,3.2065217391304346,3.641304347826087,0.2608695652173913,0,0
F2278,2,E2,Eastern,12,0,Rural,1,Male,1,Male,43,17.4,4,5.37,3.05,2.8,2.59,2,3,3,2,3,2,2.5,1,2,1,1,2,1.4,1,2,1,1,1,1.2,1.48,3,2,1,2,3,1,2.0,1,1,1,1,1,1.0,3,2,3,2,2,2.4,2.05,4,4,4,5,4.25,-0.9795171410857045,-2.116133338512892,-1.5845778817485696,-2.746055609557606,-1.250677911871977,-2.3422630374709406,-0.13692552092829502,-1.2856021092278378,0.4231944579200692,1.2087923553884399,-1.402775104282823,-1.258900282851532,-1.4325064243812553,-2.0370495258166494,0.5094836670179137,-0.9459185107130317,-2.8101861608710927,-1.6991921320688446,-1.0378434623101689,-0.0,0.0,-0.0,16-18,Father-Son,3.502,3.24,0.6,0,0
F2279,10,C4,Central,68,0,Rural,2,Female,1,Male,44,16.2,2,3.94,3.38,2.99,4.1,5,6,5,4,6,5,5.17,5,5,5,5,5,5.0,4,4,3,4,3,3.6,4.32,3,2,3,3,2,3,2.67,3,3,3,3,2,2.8,1,1,1,1,1,1.0,2.18,2,1,3,2,2.0,1.7853201436053567,0.5947475720546067,0.6535368343113829,1.0824217211627052,-0.5089157048833953,-0.820756995916424,-1.576160070812254,-1.1325146490762619,-1.4457320493680954,0.06456898027806457,-0.8726101164818703,-1.001487826840736,1.1564404931331256,0.8029504741833509,-1.7405163329820863,1.7240814892869682,0.7898138391289073,0.7008078679311556,-1.3975484148918331,0.0,-0.0,-0.0,16-18,Mother-Son,3.5727999999999995,4.04,0.56,1,0
F2281,8,C2,Central,56,0,Rural,1,Male,1,Male,38,14.8,2,4.06,3.71,3.28,4.03,2,2,3,2,2,2,2.17,4,4,4,4,4,4.0,2,2,2,2,2,2.0,2.91,4,3,3,2,3,3,3.0,3,4,4,3,4,3.6,2,2,2,1,2,1.8,2.69,4,4,5,4,4.25,-1.3212386032385324,-0.15827490310303177,-0.8385396430619187,-0.8183363902160408,-0.14357014024722803,-0.14453208855886093,-0.7537403280214202,-0.5319407669431585,0.4231944579200692,0.16058772504257132,-0.34244512868091764,-0.6085951308242591,1.0364230863609367,-0.6070495258166493,0.5094836670179137,-1.2759185107130318,-0.21018616087109265,-0.8991921320688445,-0.30928181847455216,-0.0,0.0,-0.0,12-15,Father-Son,3.631,4.083333333333333,0.4666666666666667,1,0
F2284,17,W5,Western,116,0,Rural,1,Male,1,Male,45,18.8,2,3.95,4.08,3.25,3.6,4,4,4,4,3,3,3.67,2,2,3,3,2,2.4,3,3,4,3,3,3.2,3.08,3,2,2,2,2,2,2.17,3,2,3,3,2,2.6,3,2,2,3,2,2.4,2.59,4,4,4,4,4.0,0.23204077018341215,-1.3631108633552536,0.28051771496805755,-0.5891669725320786,-1.0624695906957697,-0.9898132227558145,-0.13692552092829502,-0.6497003516751397,0.21553595711027312,0.07257054234177368,0.25198228188378685,-0.6492392028259634,0.29917330190319874,-0.43704952581664935,0.2594836670179137,0.22408148928696825,-1.8101861608710927,0.30080786793115566,-0.11340721362734452,-0.0,0.0,-0.0,16-18,Father-Son,3.4620689655172416,4.017241379310345,0.5862068965517241,0,1
F2285,2,E2,Eastern,9,0,Rural,2,Female,2,Female,40,15.7,2,2.91,4.26,4.39,3.09,3,3,3,2,3,3,2.83,1,1,2,1,2,1.4,2,3,4,2,3,2.8,2.44,3,2,2,3,3,3,2.67,2,2,2,1,3,2.0,2,2,1,2,2,1.8,2.18,4,4,3,3,3.5,-0.6377956789328766,-2.116133338512892,-0.09250140437526819,-1.4519224273422897,-0.5089157048833953,-1.4969819032739868,-0.7537403280214202,-1.1325146490762619,-0.199781044509319,-0.7595919122839537,0.5411631843206696,0.8952355332388096,-0.5752392331513277,-1.0770495258166495,-0.2405163329820863,-0.6159185107130316,-2.8101861608710927,-0.0991921320688447,0.2590480023895154,-0.0,-0.0,0.0,12-15,Mother-Daughter,3.2433333333333336,4.157407407407407,0.5925925925925926,0,0
F2291,2,E2,Eastern,11,0,Rural,1,Male,2,Female,48,18.1,3,3.99,2.77,1.96,1.98,2,2,2,3,2,3,2.33,4,4,4,4,4,4.0,2,2,2,2,2,2.0,2.8,3,3,4,2,3,3,3.0,2,2,2,2,2,2.0,3,2,2,2,2,2.2,2.56,5,4,4,4,4.25,-1.1555554700735249,-0.15827490310303177,-0.8385396430619187,-0.9666224840115462,-0.14357014024722803,-1.4969819032739868,-0.3425304566260032,-0.6850282270947339,0.4231944579200692,0.10457679059660938,-1.8526120636290855,-2.3969342988992595,-2.4783723976817664,-0.7170495258166496,0.5094836670179137,-1.1159185107130316,-0.21018616087109265,-0.8991921320688445,-0.3653250218465228,-0.0,0.0,-0.0,16-18,Father-Daughter,3.622,3.9375,0.5,0,0
F2293,13,W1,Western,90,0,Rural,1,Male,2,Female,39,17.7,3,4.23,3.02,2.42,2.99,3,3,3,3,3,2,2.83,2,3,1,3,3,2.4,5,5,5,6,4,5.0,3.23,3,3,3,3,4,2,3.0,3,4,3,4,4,3.6,3,3,4,3,4,3.4,3.11,4,3,4,5,4.0,-0.6377956789328766,-1.3631108633552536,1.9591037520130217,-0.38695866281093555,-0.14357014024722803,-0.14453208855886093,0.8910991575602472,-0.03735051106883788,0.21553595711027312,0.2966142801256236,-1.4509719213556365,-1.773725194873123,-0.7466926713973127,-0.28704952581664944,0.2594836670179137,-0.6159185107130316,-1.8101861608710927,2.1008078679311555,-0.07448466357465748,-0.0,0.0,-0.0,16-18,Father-Daughter,3.4153846153846152,3.4326923076923075,0.38461538461538464,0,1
F2295,3,E3,Eastern,20,0,Rural,2,Female,1,Male,40,12.1,2,2.75,3.17,3.14,3.88,3,3,3,2,3,3,2.83,2,1,2,3,2,2.0,1,2,3,3,3,2.4,2.34,3,2,2,2,5,3,2.83,4,4,4,3,3,3.6,1,2,3,3,2,2.2,2.91,5,6,5,5,5.25,-0.6377956789328766,-1.6643198534183088,-0.4655205237185935,-1.5867279671563852,-0.33177846142343526,-0.14453208855886093,-0.3425304566260032,-0.2728696805327998,1.2538284611592534,-0.8876169053032965,-1.2099878359915672,-0.7982674668322133,0.7792429289919578,-1.1770495258166496,1.5094836670179137,-0.6159185107130316,-2.2101861608710927,-0.4991921320688446,-1.7767370344914126,-0.0,0.0,-0.0,12-15,Mother-Son,3.286111111111111,3.8055555555555554,0.5,0,0
F2296,15,W3,Western,101,0,Rural,1,Male,2,Female,43,14.0,2,2.8,4.09,3.37,3.1,3,4,4,3,2,2,3.0,4,4,4,4,5,4.2,3,3,2,3,3,2.8,3.43,2,3,2,2,2,1,2.0,3,3,3,2,3,2.8,2,1,1,2,1,1.4,2.08,3,2,3,3,2.75,-0.46175734994505635,-0.0076704080715039435,-0.09250140437526819,-0.11734758318274442,-1.250677911871977,-0.820756995916424,-1.1649501994168372,-1.250274233808243,-0.8227565469387071,-0.8476090949847521,0.2680478875747245,-0.48666291481914503,-0.5580938893267288,-0.08704952581664926,-0.9905163329820863,-0.4459185107130317,-0.010186160871092476,-0.0991921320688447,0.08622397709973688,-0.0,-0.0,0.0,12-15,Father-Daughter,3.8754166666666667,3.6354166666666665,0.5416666666666666,0,1
F2300,13,W1,Western,88,0,Rural,1,Male,1,Male,39,14.3,2,2.01,3.73,3.09,2.48,3,3,2,3,3,2,2.67,1,2,1,2,2,1.6,2,2,3,2,2,2.2,2.12,2,1,2,2,1,2,1.67,2,1,3,1,1,1.6,1,2,2,1,1,1.4,1.3,2,2,1,2,1.75,-0.8034788120978842,-1.9655288434813643,-0.6520300833902559,-1.8833001547473949,-1.6160234765081443,-1.8350943569527682,-1.1649501994168372,-2.168798994717696,-1.6533905501778914,-1.4797324980177566,-0.31031391729904173,-0.8660075868350546,-1.621105206451839,-1.3970495258166493,-1.9905163329820863,-0.7759185107130318,-2.6101861608710926,-0.6991921320688443,2.780849899122919,-0.0,-0.0,0.0,12-15,Father-Son,3.3708333333333336,3.8229166666666665,0.5833333333333334,0,1
F2306,1,E1,Eastern,7,0,Rural,2,Female,1,Male,43,14.6,2,2.47,3.56,4.48,3.65,5,3,3,4,4,4,3.83,3,4,4,4,4,3.8,1,1,2,1,1,1.2,2.95,3,3,3,3,4,3,3.17,4,4,5,4,4,4.2,2,2,2,2,2,2.0,3.14,4,5,4,4,4.25,0.3977239033484197,-0.3088793981345596,-1.5845778817485696,-0.7644141742904025,0.04463818092897921,0.3626365919593113,-0.5481353923237118,-0.002022635649243253,0.4231944579200692,-1.111660643087146,-0.5834292140449868,1.0171677492439242,0.3849000210261912,-0.5670495258166492,0.5094836670179137,0.3840814892869684,-0.41018616087109283,-1.6991921320688446,-0.2889024717938356,-0.0,0.0,-0.0,12-15,Mother-Son,3.5557575757575757,3.537878787878788,0.5757575757575758,0,0
F2308,9,C3,Central,63,0,Rural,1,Male,2,Female,35,12.2,3,1.0,4.28,2.84,3.73,3,4,4,5,4,5,4.17,4,3,4,3,3,3.4,2,3,2,2,2,2.2,3.31,3,3,3,3,3,3,3.0,4,3,3,3,3,3.2,1,2,1,2,2,1.6,2.81,3,2,3,3,2.75,0.7498005613240603,-0.610088388197615,-0.6520300833902559,-0.2791142309596591,-0.14357014024722803,-0.4826445422376423,-0.9593452637191285,-0.39062926526478103,-0.8227565469387071,-2.287890266452357,0.5732943957025463,-1.2047081868492593,0.5220627716229798,-0.20704952581664937,-0.9905163329820863,0.7240814892869682,-0.8101861608710927,-0.6991921320688443,0.20508593705758735,-0.0,-0.0,0.0,12-15,Father-Daughter,3.4166666666666665,4.116666666666666,0.6,1,0
F2309,9,C3,Central,59,0,Rural,2,Female,1,Male,44,18.1,3,2.62,3.16,2.94,2.79,1,3,3,3,3,3,2.67,1,2,1,2,1,1.4,4,2,3,3,3,3.0,2.42,2,2,2,2,1,2,1.83,4,3,3,4,3,3.4,1,1,1,2,1,1.2,2.25,3,3,3,3,3.0,-0.8034788120978842,-2.116133338512892,0.09400815529639468,-1.4788835353051086,-1.4388862330481842,-0.3135883153982518,-1.3705551351145455,-1.0500829397638753,-0.6150980461289112,-0.9916372121315123,-1.2260534416825049,-1.0692279468435772,-1.089599547889284,-1.0970495258166495,-0.7405163329820863,-0.7759185107130318,-2.8101861608710927,0.10080786793115548,0.8123830919574819,-0.0,-0.0,0.0,16-18,Mother-Son,3.4848000000000003,3.6,0.56,1,0
F2310,9,C3,Central,63,0,Rural,1,Male,2,Female,42,19.8,2,3.62,4.28,2.84,3.73,2,2,2,3,2,3,2.33,4,4,4,3,3,3.6,1,1,1,1,1,1.0,2.42,2,4,2,4,2,3,2.83,3,3,2,3,3,2.8,2,2,2,2,3,2.2,2.61,3,4,3,4,3.5,-1.1555554700735249,-0.4594838931660871,-1.7710874414202322,-1.4788835353051086,-0.33177846142343526,-0.820756995916424,-0.3425304566260032,-0.6261484347287435,-0.199781044509319,-0.19148100576062063,0.5732943957025463,-1.2047081868492593,0.5220627716229798,-1.0970495258166495,-0.2405163329820863,-1.1159185107130316,-0.6101861608710926,-1.8991921320688445,0.2638583290491571,-0.0,-0.0,0.0,19-22,Father-Daughter,3.4166666666666665,4.116666666666666,0.6,1,0
F2312,13,W1,Western,85,0,Rural,2,Female,2,Female,43,16.9,2,1.93,3.69,3.93,3.15,2,2,2,3,3,3,2.5,6,6,7,6,6,6.2,4,3,3,3,3,3.2,3.79,3,1,3,2,3,3,2.5,5,6,5,7,5,5.6,3,4,4,4,4,3.8,4.0,6,6,5,5,5.5,-0.9795171410857045,1.498374542243773,0.28051771496805755,0.36795236014799904,-0.6971240260596026,1.5460301798350458,1.302309028955664,1.0107097930457942,1.4614869619690496,-1.5437449945274277,-0.3745763400627936,0.27202642921267356,-0.4723671702037363,0.2729504741833506,1.7594836670179137,-0.9459185107130317,1.9898138391289075,0.30080786793115566,0.4802519012304001,0.0,0.0,0.0,16-18,Mother-Daughter,3.5095652173913043,4.032608695652174,0.5217391304347826,0,1
F2313,11,C5,Central,72,0,Rural,2,Female,2,Female,48,17.9,3,3.41,4.17,3.75,3.55,4,4,4,4,3,3,3.67,3,2,4,4,4,3.4,2,1,1,2,1,1.4,2.65,3,3,4,3,3,3,3.17,4,3,3,2,3,3.0,2,1,1,1,1,1.2,2.33,1,3,2,3,2.25,0.23204077018341215,-0.610088388197615,-1.398068322076907,-1.1688307937326892,0.04463818092897921,-0.6517007690770332,-1.3705551351145455,-0.9558752719782904,-1.2380735485582992,-0.3595138090985079,0.39657273310222824,0.028161997202445964,0.21344658278020553,-0.8670495258166495,-1.4905163329820863,0.22408148928696825,-0.8101861608710927,-1.4991921320688446,1.2923514797340891,-0.0,-0.0,0.0,16-18,Mother-Daughter,3.5436,3.8,0.64,1,0
F2314,17,W5,Western,119,0,Rural,2,Female,2,Female,42,15.0,3,3.37,3.37,2.99,3.4,3,3,2,3,3,3,2.83,5,5,5,5,4,4.8,3,2,3,4,3,3.0,3.38,2,3,3,3,4,4,3.17,5,4,5,5,4,4.6,3,2,3,3,4,3.0,3.5,3,3,3,4,3.25,-0.6377956789328766,0.4441430770230789,0.09400815529639468,-0.1847503530897925,0.04463818092897921,0.7007490456380923,0.4798892861648304,0.42191186938588865,-0.4074395453191151,-0.39152005735334355,-0.8886757221728079,-1.001487826840736,-0.043733574588772556,-0.13704952581664953,-0.4905163329820863,-0.6159185107130316,0.5898138391289072,0.10080786793115548,0.06722503084051669,-0.0,-0.0,0.0,12-15,Mother-Daughter,3.413529411764706,3.7794117647058822,0.5294117647058824,0,1
F2316,16,W4,Western,111,0,Rural,1,Male,2,Female,47,18.4,3,1.47,3.08,2.11,2.9,4,5,4,5,4,4,4.33,4,5,3,5,4,4.2,3,3,2,3,4,3.0,3.97,2,2,3,3,3,2,2.5,3,2,3,2,2,2.4,2,2,3,2,2,2.2,2.25,2,1,3,2,2.0,0.9154836944890679,-0.0076704080715039435,0.09400815529639468,0.6106023318133711,-0.6971240260596026,-1.1588694495952054,-0.3425304566260032,-1.0500829397638753,-1.4457320493680954,-1.911816849458038,-1.3545782872100087,-2.193713938890737,-0.9010007658187,0.45295047418335077,-1.7405163329820863,0.8840814892869684,-0.010186160871092476,0.10080786793115548,-0.7883676983481028,0.0,-0.0,-0.0,16-18,Father-Daughter,3.7265384615384614,4.144230769230769,0.7692307692307693,0,1
F2318,3,E3,Eastern,21,0,Rural,2,Female,2,Female,45,21.7,2,3.82,4.0,4.15,3.16,5,4,4,4,5,4,4.33,2,1,1,1,2,1.4,3,3,3,3,3,3.0,3.03,4,3,4,5,4,5,4.17,2,2,2,4,3,2.6,3,2,2,1,4,2.4,2.96,5,4,5,4,4.5,0.9154836944890679,-2.116133338512892,0.09400815529639468,-0.6565697424391267,1.1517459525537281,-0.9898132227558145,-0.13692552092829502,-0.21398988816680944,0.6308529587298652,-0.031449764486442516,0.1234574363562831,0.570082957225174,-0.4552218263791374,-0.4870495258166496,0.7594836670179137,0.8840814892869684,-2.8101861608710927,0.10080786793115548,-0.36990615988656506,-0.0,0.0,-0.0,19-22,Mother-Daughter,3.367142857142857,3.4107142857142856,0.6071428571428571,0,0
F2322,4,E4,Eastern,25,0,Rural,2,Female,1,Male,45,15.2,2,3.61,4.55,4.22,4.46,4,4,3,4,5,3,3.83,2,2,3,2,1,2.0,4,3,5,5,5,4.4,3.13,3,3,2,3,2,2,2.5,2,3,2,2,3,2.4,2,3,2,3,3,2.6,2.67,3,3,4,3,3.25,0.3977239033484197,-1.6643198534183088,1.3995750729980339,-0.5217642026250311,-0.6971240260596026,-1.1588694495952054,0.06867941476941361,-0.5554926838895548,-0.4074395453191151,-0.19948256782432974,1.0070657493578703,0.6649191252291504,1.773672870818674,-0.38704952581664953,-0.4905163329820863,0.3840814892869684,-2.2101861608710927,1.5008078679311558,0.18985411408603828,-0.0,-0.0,0.0,12-15,Mother-Son,3.2065217391304346,3.641304347826087,0.2608695652173913,0,0
F2324,3,E3,Eastern,20,0,Rural,1,Male,1,Male,42,12.1,4,2.0,3.17,3.14,3.88,3,2,2,2,3,2,2.33,2,1,3,2,2,2.0,2,3,3,1,3,2.4,2.27,4,3,4,3,3,3,3.33,3,3,3,3,2,2.8,4,3,4,3,3,3.4,3.01,5,4,4,5,4.5,-1.1555554700735249,-1.6643198534183088,-0.4655205237185935,-1.6810918450262518,0.2217754243889392,-0.820756995916424,0.8910991575602472,-0.1551100958008191,0.6308529587298652,-1.4877340600814652,-1.2099878359915672,-0.7982674668322133,0.7792429289919578,-1.2470495258166494,0.7594836670179137,-1.1159185107130316,-2.2101861608710927,-0.4991921320688446,-0.9471137468201793,-0.0,0.0,-0.0,12-15,Father-Son,3.286111111111111,3.8055555555555554,0.5,0,0
F2325,10,C4,Central,65,0,Rural,1,Male,1,Male,41,14.0,3,4.33,3.33,2.3,2.29,1,2,2,1,2,2,1.67,3,5,4,5,4,4.2,2,1,1,1,1,1.2,2.47,4,3,1,3,3,3,2.83,4,5,5,5,4,4.6,2,2,2,2,2,2.0,2.92,5,4,3,4,4.0,-1.8389983943791806,-0.0076704080715039435,-1.5845778817485696,-1.4114807653980606,-0.33177846142343526,0.7007490456380923,-0.5481353923237118,-0.26109372205960196,0.21553595711027312,0.37662990076271247,-0.9529381449365598,-1.9363014828799414,-1.9468667391192114,-1.0470495258166492,0.2594836670179137,-1.7759185107130318,-0.010186160871092476,-1.6991921320688446,-0.27169225050827184,-0.0,0.0,-0.0,12-15,Father-Son,3.693157894736842,4.078947368421052,0.6842105263157895,1,0
F2326,17,W5,Western,114,0,Rural,2,Female,1,Male,54,22.3,3,4.12,4.42,3.87,3.41,3,3,4,3,3,3,3.17,3,4,3,3,3,3.2,2,1,1,2,2,1.6,2.35,2,2,2,2,3,3,2.33,3,2,2,2,3,2.4,1,1,2,2,1,1.4,1.77,2,3,3,2,2.5,-0.285719020957236,-0.7606928832291425,-1.2115587624052442,-1.5732474131749754,-0.8853323472358098,-1.1588694495952054,-1.1649501994168372,-1.6153289464773848,-1.0304150477485032,0.2085970974248252,0.7982128753756771,0.19073828520926436,-0.02658823076417361,-1.1670495258166493,-1.2405163329820863,-0.27591851071303175,-1.0101861608710925,-1.2991921320688444,1.4477439981745526,-0.0,-0.0,0.0,19-22,Mother-Son,3.439090909090909,3.522727272727273,0.5909090909090909,0,1
F2327,4,E4,Eastern,23,0,Rural,2,Female,2,Female,42,15.3,4,3.06,3.18,3.54,3.27,3,3,3,4,4,3,3.33,3,3,5,5,5,4.2,4,4,3,2,2,3.0,3.4,2,3,2,3,4,4,3.0,3,3,2,3,3,2.8,1,2,2,1,3,1.8,2.39,2,1,2,2,1.75,-0.12003588779222847,-0.0076704080715039435,0.09400815529639468,-0.1577892451269734,-0.14357014024722803,-0.820756995916424,-0.7537403280214202,-0.8852195211391016,-1.6533905501778914,-0.63956848132832,-1.193922230300629,-0.25634650680948595,-0.26662304430855355,-0.11704952581664951,-1.9905163329820863,-0.11591851071303161,-0.010186160871092476,0.10080786793115548,0.23298899290584923,-0.0,-0.0,0.0,12-15,Mother-Daughter,3.6708695652173917,3.717391304347826,0.6521739130434783,0,0
F2331,16,W4,Western,108,0,Rural,1,Male,1,Male,39,14.0,1,3.71,3.36,3.37,2.46,3,3,2,3,2,2,2.5,4,3,3,2,2,2.8,2,3,2,3,1,2.2,2.48,3,2,1,2,3,3,2.33,2,2,4,3,3,2.8,2,2,2,2,3,2.2,2.77,4,3,3,4,3.5,-0.9795171410857045,-1.061901873292198,-0.6520300833902559,-1.3980002114166514,-0.8853323472358098,-0.820756995916424,-0.3425304566260032,-0.4377330991575735,-0.199781044509319,-0.1194669471872405,-0.9047413278637463,-0.48666291481914503,-1.6553958941010363,-1.0370495258166494,-0.2405163329820863,-0.9459185107130317,-1.4101861608710928,-0.6991921320688443,0.24942734907023195,-0.0,-0.0,0.0,12-15,Father-Son,3.373,4.225,0.5,0,1
F2334,14,W2,Western,98,0,Rural,2,Female,1,Male,40,16.8,2,2.58,3.58,3.19,3.23,3,2,2,2,2,3,2.33,4,4,4,4,4,4.0,2,1,1,1,2,1.4,2.46,4,3,3,3,4,3,3.33,4,4,4,3,4,3.8,2,2,2,2,2,2.0,3.05,5,4,3,4,4.0,-1.1555554700735249,-0.15827490310303177,-1.398068322076907,-1.4249613193794706,0.2217754243889392,0.02452413828052955,-0.5481353923237118,-0.10800626190802662,0.21553595711027312,-1.023643460386348,-0.5512980026631109,-0.7305273468293726,-0.3352044196069478,-1.0570495258166495,0.2594836670179137,-1.1159185107130316,-0.21018616087109265,-1.4991921320688446,-0.274287087178451,-0.0,0.0,-0.0,16-18,Mother-Son,3.403461538461538,3.8173076923076925,0.46153846153846156,0,1
F2337,8,C2,Central,55,0,Rural,1,Male,2,Female,39,12.9,3,2.93,2.83,3.56,2.69,3,3,4,4,5,3,3.67,5,4,5,4,5,4.6,3,2,2,3,2,2.4,3.68,3,3,4,2,4,3,3.17,4,5,4,4,4,4.2,2,2,2,1,3,2.0,3.16,2,3,3,3,2.75,0.23204077018341215,0.2935385819915511,-0.4655205237185935,0.2196662663524942,0.04463818092897921,0.3626365919593113,-0.5481353923237118,0.02152928129715299,-0.8227565469387071,-0.7435887881565358,-1.7562184294834575,-0.22925045880834952,-1.2610529861352695,0.16295047418335074,-0.9905163329820863,0.22408148928696825,0.389813839128907,-0.4991921320688446,-0.16140510614578468,0.0,-0.0,-0.0,12-15,Father-Daughter,3.4669565217391303,4.0978260869565215,0.5217391304347826,1,0
F2338,2,E2,Eastern,10,0,Rural,2,Female,2,Female,56,22.5,1,3.05,3.38,2.75,2.71,3,4,2,3,2,3,2.83,4,4,4,3,3,3.6,2,3,2,2,1,2.0,2.75,2,2,1,1,2,2,1.67,3,4,3,4,5,3.8,2,2,1,2,1,1.6,2.59,4,4,3,5,4.0,-0.6377956789328766,-0.4594838931660871,-0.8385396430619187,-1.0340252539185937,-1.6160234765081443,0.02452413828052955,-0.9593452637191285,-0.6497003516751397,0.21553595711027312,-0.6475700433920292,-0.8726101164818703,-1.3266404028543728,-1.2267622984860724,-0.7670495258166494,0.2594836670179137,-0.6159185107130316,-0.6101861608710926,-0.8991921320688445,-0.19903682374325607,-0.0,0.0,-0.0,19-22,Mother-Daughter,3.5320689655172415,3.7241379310344827,0.6206896551724138,0,0
F2345,18,W6,Western,121,0,Rural,1,Male,1,Male,51,21.2,2,4.25,3.74,2.85,2.64,1,2,1,1,1,1,1.17,3,3,4,4,3,3.4,2,1,2,1,2,1.6,2.3,2,2,2,3,2,2,2.17,3,3,3,4,3,3.2,3,3,1,2,2,2.2,2.58,3,4,4,4,3.75,-2.3567581855198285,-0.610088388197615,-1.2115587624052442,-1.6406501830820235,-1.0624695906957697,-0.4826445422376423,-0.3425304566260032,-0.6614763101483376,0.007877456300477073,0.3126174042530411,-0.2942483116081034,-1.1911601628486908,-1.346779705258262,-1.2170495258166496,0.0094836670179137,-2.2759185107130318,-0.8101861608710927,-1.2991921320688444,-0.011542092447154867,-0.0,0.0,-0.0,19-22,Father-Son,3.6463636363636365,3.7954545454545454,0.5909090909090909,0,1
F2347,15,W3,Western,104,0,Rural,2,Female,2,Female,45,17.9,3,4.47,3.99,3.85,4.17,4,3,4,3,4,3,3.5,2,2,2,2,2,2.0,4,3,3,3,3,3.2,3.22,1,1,2,1,1,2,1.33,2,2,2,2,2,2.0,1,2,2,2,2,1.8,1.58,1,1,1,1,1.0,0.05600244119559184,-1.6643198534183088,0.28051771496805755,-0.4004392167923448,-1.9924401188605587,-1.4969819032739868,-0.7537403280214202,-1.8390721574681488,-2.2763660526072798,0.488651769654637,0.10739183066534548,0.16364223720812796,1.2764578999053158,-0.29704952581664923,-2.7405163329820863,0.05408148928696832,-2.2101861608710927,0.30080786793115566,0.8140690772051111,-0.0,-0.0,0.0,16-18,Mother-Daughter,3.706875,4.109375,0.8125,0,1
F2348,2,E2,Eastern,14,0,Rural,1,Male,2,Female,43,13.5,3,3.47,4.0,2.67,2.74,4,5,4,3,4,5,4.17,3,3,2,1,3,2.4,1,1,1,2,1,1.2,2.55,4,4,3,4,4,4,3.83,3,3,3,3,5,3.4,2,2,3,2,2,2.2,3.22,5,5,4,4,4.5,0.7498005613240603,-1.3631108633552536,-1.5845778817485696,-1.3036363335467849,0.7753293102013137,-0.3135883153982518,-0.3425304566260032,0.09218503213634173,0.6308529587298652,-0.31150443671625433,0.1234574363562831,-1.4350245948589184,-1.1753262670122764,-0.9670495258166496,0.7594836670179137,0.7240814892869682,-1.8101861608710927,-1.6991921320688446,-0.7344583200551636,-0.0,0.0,-0.0,12-15,Father-Daughter,3.43,3.8684210526315788,0.5263157894736842,0,0
F2351,18,W6,Western,120,0,Rural,1,Male,2,Female,41,13.9,2,3.72,3.14,3.45,2.92,3,3,2,3,2,3,2.67,4,4,4,4,4,4.0,3,5,2,2,3,3.0,3.33,2,2,3,2,2,2,2.17,2,2,2,2,1,1.8,1,2,1,1,2,1.4,2.12,2,2,2,2,2.0,-0.8034788120978842,-0.15827490310303177,0.09400815529639468,-0.25215312299684,-1.0624695906957697,-1.6660381301133775,-1.1649501994168372,-1.2031703999154506,-1.4457320493680954,-0.11146538512353141,-1.2581846530643808,-0.3782787228145994,-0.866710078169503,-0.18704952581664935,-1.7405163329820863,-0.7759185107130318,-0.21018616087109265,0.10080786793115548,0.3255627547604326,-0.0,-0.0,0.0,12-15,Father-Daughter,3.4250000000000003,3.1354166666666665,0.4166666666666667,0,1
F2355,11,C5,Central,76,0,Rural,2,Female,2,Female,41,15.8,2,1.58,3.68,3.43,3.19,3,3,3,2,3,3,2.83,5,4,5,5,5,4.8,2,2,2,1,1,1.6,3.07,2,3,3,2,1,1,2.0,2,3,2,3,3,2.6,2,2,2,1,2,1.8,2.03,1,1,2,2,1.5,-0.6377956789328766,0.4441430770230789,-1.2115587624052442,-0.6026475265134884,-1.250677911871977,-0.9898132227558145,-0.7537403280214202,-1.309154026174234,-1.8610490509876876,-1.8237996667572398,-0.39064194575373123,-0.4053747708157358,-0.40378579490534205,-0.4470495258166496,-2.2405163329820863,-0.6159185107130316,0.5898138391289072,-1.2991921320688444,1.0016217642441003,-0.0,-0.0,0.0,12-15,Mother-Daughter,3.7304000000000004,3.26,0.64,1,0
F2357,14,W2,Western,95,0,Rural,2,Female,2,Female,48,22.8,1,4.07,4.22,3.12,4.17,3,3,4,4,3,3,3.33,2,2,1,1,2,1.6,1,1,1,2,1,1.2,1.96,1,1,1,1,2,1,1.17,2,2,1,2,3,2.0,1,1,1,1,1,1.0,1.29,2,2,1,1,1.5,-0.12003588779222847,-1.9655288434813643,-1.5845778817485696,-2.098989018449948,-2.169577362320519,-1.4969819032739868,-1.576160070812254,-2.1805749531908942,-1.8610490509876876,0.16858928710628077,0.47690076155691774,-0.8253635148333497,1.2764578999053158,-1.5570495258166495,-2.2405163329820863,-0.11591851071303161,-2.6101861608710926,-1.6991921320688446,3.488594893854216,-0.0,-0.0,0.0,19-22,Mother-Daughter,3.0213636363636365,3.159090909090909,0.45454545454545453,0,1
F2358,5,E5,Eastern,34,0,Rural,1,Male,2,Female,41,14.0,2,1.01,3.13,2.93,2.16,4,4,4,4,3,4,3.83,2,2,2,1,1,1.6,1,1,2,1,1,1.2,2.31,3,3,3,3,3,4,3.17,3,3,3,2,4,3.0,1,1,3,2,1,1.6,2.36,4,3,2,3,3.0,0.3977239033484197,-1.9655288434813643,-1.5845778817485696,-1.6271696291006135,0.04463818092897921,-0.6517007690770332,-0.9593452637191285,-0.9205473965586963,-0.6150980461289112,-2.2798887043886484,-1.2742502587553193,-1.0827759708441451,-2.1697562088389923,-1.2070495258166494,-0.7405163329820863,0.3840814892869684,-2.6101861608710926,-1.6991921320688446,0.8938398885855113,-0.0,-0.0,0.0,12-15,Father-Daughter,3.33125,3.453125,0.375,0,0
F2359,14,W2,Western,97,0,Rural,2,Female,2,Female,52,22.4,2,4.01,2.53,3.33,2.43,3,5,4,5,3,5,4.17,4,4,4,4,5,4.2,3,3,3,3,2,2.8,3.6,3,4,3,3,4,3,3.33,2,3,2,2,3,2.4,2,3,3,2,3,2.6,2.68,3,5,3,4,3.75,0.7498005613240603,-0.0076704080715039435,-0.09250140437526819,0.11182183450121774,0.2217754243889392,-1.1588694495952054,0.06867941476941361,-0.5437167254163564,0.007877456300477073,0.12057991472402686,-2.2381866002115967,-0.5408550108214178,-1.7068319255748314,0.08295047418335066,0.0094836670179137,0.7240814892869682,-0.010186160871092476,-0.0991921320688447,0.0007866746761329445,0.0,0.0,0.0,19-22,Mother-Daughter,3.580769230769231,3.9423076923076925,0.6153846153846154,0,1
F2360,2,E2,Eastern,10,0,Rural,2,Female,2,Female,47,14.2,4,2.36,3.38,2.75,2.71,2,2,3,2,1,2,2.0,2,2,2,2,2,2.0,1,1,1,2,2,1.4,1.8,2,3,3,1,3,1,2.17,3,1,2,2,2,2.0,2,2,2,3,3,2.4,2.32,3,4,3,3,3.25,-1.4972769322263526,-1.6643198534183088,-1.398068322076907,-2.3146778821525005,-1.0624695906957697,-1.4969819032739868,-0.13692552092829502,-0.9676512304514888,-0.4074395453191151,-1.1996778257879444,-0.8726101164818703,-1.3266404028543728,-1.2267622984860724,-1.7170495258166494,-0.4905163329820863,-1.4459185107130317,-2.2101861608710927,-1.4991921320688446,0.842240836952213,-0.0,-0.0,0.0,12-15,Mother-Daughter,3.5320689655172415,3.7241379310344827,0.6206896551724138,0,0
F2361,2,E2,Eastern,13,0,Rural,1,Male,1,Male,43,17.3,2,3.44,4.03,2.56,3.11,4,3,4,3,4,3,3.5,2,4,3,3,3,3.0,3,4,4,2,4,3.4,3.36,2,1,2,2,1,3,1.83,2,2,2,2,2,2.0,2,4,2,1,3,2.4,2.1,2,2,2,2,2.0,0.05600244119559184,-0.9112973782606704,0.46702727463972,-0.21171146105261163,-1.4388862330481842,-1.4969819032739868,-0.13692552092829502,-1.2267223168618469,-1.4457320493680954,-0.3355091229073813,0.17165425342909738,-1.5840528588651683,-0.5409485455021306,-0.15704952581664955,-1.7405163329820863,0.05408148928696832,-1.2101861608710927,0.5008078679311554,0.2733472647709704,-0.0,-0.0,0.0,16-18,Father-Son,3.4699999999999998,3.673076923076923,0.23076923076923078,0,0
F2362,7,C1,Central,44,0,Rural,2,Female,1,Male,48,18.3,3,4.07,3.06,3.55,3.41,2,1,1,2,2,1,1.5,4,3,3,3,3,3.2,2,2,1,1,2,1.6,1.73,3,3,2,3,3,3,2.83,4,2,3,2,2,2.6,3,2,3,2,2,2.4,2.36,4,2,3,3,3.0,-2.015036723367001,-0.7606928832291425,-1.2115587624052442,-2.409041760022367,-0.33177846142343526,-0.9898132227558145,-0.13692552092829502,-0.9205473965586963,-0.6150980461289112,0.16858928710628077,-1.3867094985918846,-0.24279848280891803,-0.02658823076417361,-1.7870495258166494,-0.7405163329820863,-1.9459185107130317,-1.0101861608710925,-1.2991921320688444,1.3233393617151215,-0.0,-0.0,0.0,16-18,Mother-Son,3.2842105263157895,3.8552631578947367,0.5263157894736842,1,0
F2363,16,W4,Western,112,0,Rural,1,Male,1,Male,52,20.0,3,5.13,3.61,3.08,3.45,2,2,2,2,2,2,2.0,1,1,1,1,1,1.0,3,2,3,3,3,2.8,2.04,1,2,1,1,2,1,1.33,2,2,2,1,2,1.8,1,2,1,1,2,1.4,1.56,2,3,2,1,2.0,-1.4972769322263526,-2.4173423285759474,-0.09250140437526819,-1.9911445865986712,-1.9924401188605587,-1.6660381301133775,-1.1649501994168372,-1.862624074414545,-1.4457320493680954,1.0167548658594256,-0.5031011855902974,-0.8795556108356225,0.04199314453422065,-1.4770495258166494,-1.7405163329820863,-1.4459185107130317,-3.2101861608710927,-0.0991921320688447,2.570828824307324,-0.0,-0.0,0.0,19-22,Father-Son,3.465,3.9166666666666665,0.3333333333333333,0,1
F2366,13,W1,Western,90,0,Rural,1,Male,1,Male,52,17.8,4,4.12,3.02,2.42,2.99,1,1,2,2,1,1,1.33,2,2,3,2,2,2.2,3,3,2,2,2,2.4,2.05,2,2,2,2,2,2,2.0,3,2,3,2,2,2.4,2,2,3,2,2,2.2,2.29,4,4,4,4,4.0,-2.191075052354821,-1.513715358386781,-0.4655205237185935,-1.977664032617262,-1.250677911871977,-1.1588694495952054,-0.3425304566260032,-1.0029791058710829,0.21553595711027312,0.2085970974248252,-1.4509719213556365,-1.773725194873123,-0.7466926713973127,-1.4670495258166496,0.2594836670179137,-2.1159185107130316,-2.0101861608710925,-0.4991921320688446,-0.3806753906557957,-0.0,0.0,-0.0,16-18,Father-Son,3.4153846153846152,3.4326923076923075,0.38461538461538464,0,1
F2367,8,C2,Central,51,0,Rural,1,Male,2,Female,46,15.8,1,3.6,3.39,2.03,3.12,3,3,3,2,2,1,2.33,3,2,2,3,3,2.6,2,1,1,1,2,1.4,1.97,2,2,2,3,3,3,2.5,4,3,2,3,3,3.0,3,2,3,1,2,2.2,2.79,5,5,5,6,5.25,-1.1555554700735249,-1.2125063683237256,-1.398068322076907,-2.085508464468538,-0.6971240260596026,-0.6517007690770332,-0.3425304566260032,-0.4141811822111773,1.2538284611592534,-0.2074841298880385,-0.856544510790932,-2.3020981308952826,-0.5238032016775316,-1.5470495258166495,1.5094836670179137,-1.1159185107130316,-1.6101861608710926,-1.4991921320688446,-2.3352459912880406,-0.0,0.0,-0.0,12-15,Father-Daughter,3.409047619047619,3.5,0.42857142857142855,1,0
F2370,5,E5,Eastern,30,0,Rural,2,Female,1,Male,50,13.5,2,1.39,3.56,3.62,2.82,3,3,2,2,2,2,2.33,4,3,4,5,4,4.0,1,1,1,1,1,1.0,2.41,3,4,4,3,3,3,3.33,3,3,2,4,4,3.2,3,2,2,2,3,2.4,2.72,4,4,4,4,4.0,-1.1555554700735249,-0.15827490310303177,-1.7710874414202322,-1.492364089286518,0.2217754243889392,-0.4826445422376423,-0.13692552092829502,-0.49661289152356386,0.21553595711027312,-1.9758293459677094,-0.5834292140449868,-0.14796231480494032,-1.0381635164154885,-1.1070495258166493,0.2594836670179137,-1.1159185107130316,-0.21018616087109265,-1.8991921320688445,-0.2872612705293467,-0.0,0.0,-0.0,12-15,Mother-Son,3.4215999999999998,3.83,0.76,0,0
F2371,12,C6,Central,80,0,Rural,2,Female,2,Female,46,18.4,3,2.61,4.09,3.92,3.52,3,3,3,4,4,3,3.33,1,2,1,1,2,1.4,2,2,3,2,2,2.2,2.17,2,2,3,2,2,2,2.17,2,3,3,2,3,2.6,1,1,1,2,1,1.2,1.86,1,1,1,2,1.25,-0.12003588779222847,-2.116133338512892,-0.6520300833902559,-1.8158973848403472,-1.0624695906957697,-0.9898132227558145,-1.3705551351145455,-1.5093453202186016,-2.0687075517974836,-0.9996387741952215,0.2680478875747245,0.2584784052121051,0.16201055130641023,-1.3470495258166495,-2.4905163329820863,-0.11591851071303161,-2.8101861608710927,-0.6991921320688443,3.35484884538214,-0.0,-0.0,0.0,16-18,Mother-Daughter,3.4740625,3.40625,0.53125,1,0
F2374,2,E2,Eastern,8,0,Rural,2,Female,1,Male,36,12.7,2,4.82,3.18,2.95,2.37,3,3,4,3,3,3,3.17,2,2,2,1,1,1.6,2,2,2,2,2,2.0,2.39,2,3,3,3,3,3,2.83,2,2,2,2,2,2.0,1,1,3,1,2,1.6,2.08,3,2,2,3,2.5,-0.285719020957236,-1.9655288434813643,-0.8385396430619187,-1.5193251972493371,-0.33177846142343526,-1.4969819032739868,-0.9593452637191285,-1.250274233808243,-1.0304150477485032,0.7687064418844496,-1.193922230300629,-1.0556799228430087,-1.8097039885224229,-1.1270495258166493,-1.2405163329820863,-0.27591851071303175,-2.6101861608710926,-0.8991921320688445,1.398123344855269,-0.0,-0.0,0.0,12-15,Mother-Son,3.7734615384615386,3.7211538461538463,0.6538461538461539,0,0
F2375,18,W6,Western,121,0,Rural,2,Female,2,Female,44,21.8,5,6.67,3.74,2.85,2.64,4,4,4,4,4,3,3.83,3,2,3,2,2,2.4,5,4,3,3,4,3.8,3.18,3,3,3,4,2,3,3.0,3,2,3,3,4,3.0,4,2,3,4,3,3.2,3.05,6,4,4,4,4.5,0.3977239033484197,-1.3631108633552536,0.8400463939830453,-0.454361432717983,-0.14357014024722803,-0.6517007690770332,0.685494221862539,-0.10800626190802662,0.6308529587298652,2.248995423670599,-0.2942483116081034,-1.1911601628486908,-1.346779705258262,-0.33704952581664926,0.7594836670179137,0.3840814892869684,-1.8101861608710927,0.9008078679311553,-0.25598360983387775,-0.0,0.0,-0.0,19-22,Mother-Daughter,3.6463636363636365,3.7954545454545454,0.5909090909090909,0,1
F2378,4,E4,Eastern,24,0,Rural,2,Female,2,Female,40,15.0,2,1.71,3.62,3.33,3.54,3,2,3,2,2,3,2.5,4,3,4,4,3,3.6,2,2,3,2,2,2.2,2.9,2,3,3,4,2,3,2.83,2,3,2,3,2,2.4,2,1,1,2,1,1.4,2.29,2,2,1,2,1.75,-0.9795171410857045,-0.4594838931660871,-0.6520300833902559,-0.8318169441974507,-0.33177846142343526,-1.1588694495952054,-1.1649501994168372,-1.0029791058710829,-1.6533905501778914,-1.7197793599290239,-0.48703557989935903,-0.5408550108214178,0.19630123895560736,-0.6170495258166495,-1.9905163329820863,-0.9459185107130317,-0.6101861608710926,-0.6991921320688443,1.2282471593968924,-0.0,-0.0,0.0,12-15,Mother-Daughter,3.5157692307692305,3.4615384615384617,0.4230769230769231,0,0
F2379,3,E3,Eastern,17,0,Rural,2,Female,2,Female,43,13.5,2,3.5,3.02,2.54,2.78,3,3,3,3,3,2,2.83,7,7,6,6,7,6.6,2,1,1,1,1,1.2,3.57,3,2,4,4,4,3,3.33,7,6,5,6,5,5.8,2,2,2,3,3,2.4,3.67,4,5,4,5,4.5,-0.6377956789328766,1.799583532306828,-1.5845778817485696,0.07138017255698878,0.2217754243889392,1.7150864066744367,-0.13692552092829502,0.6221031634302564,0.6308529587298652,-0.2874997505251277,-1.4509719213556365,-1.6111489068663047,-1.106744891713883,0.052950474183350416,0.7594836670179137,-0.6159185107130316,2.389813839128907,-1.6991921320688446,0.04021502030310834,0.0,0.0,0.0,12-15,Mother-Daughter,3.84625,4.171875,0.6875,0,0
F2380,11,C5,Central,77,0,Rural,2,Female,2,Female,46,23.1,3,4.81,3.8,3.11,3.25,3,2,2,3,3,2,2.5,3,4,3,3,2,3.0,1,1,1,2,1,1.2,1.97,3,3,3,3,3,2,2.83,3,3,4,3,3,3.2,2,2,3,2,3,2.4,2.81,4,4,3,3,3.5,-0.9795171410857045,-0.9112973782606704,-1.5845778817485696,-2.085508464468538,-0.33177846142343526,-0.4826445422376423,-0.13692552092829502,-0.39062926526478103,-0.199781044509319,0.7607048798207401,-0.19785467746247629,-0.8389115388339182,-0.3009137319577507,-1.5470495258166495,-0.2405163329820863,-0.9459185107130317,-1.2101861608710927,-1.6991921320688446,0.372090678891096,-0.0,-0.0,0.0,23-25,Mother-Daughter,3.7358333333333333,4.03125,0.75,1,0
F2381,1,E1,Eastern,6,0,Rural,2,Female,1,Male,41,18.6,3,3.82,3.78,2.24,2.08,3,3,3,3,4,4,3.33,5,5,5,5,4,4.8,1,1,1,1,1,1.0,2.96,4,3,4,4,2,3,3.33,4,3,3,4,3,3.4,1,2,1,1,1,1.2,2.9,5,5,4,5,4.75,-0.12003588779222847,0.4441430770230789,-1.7710874414202322,-0.7509336203089932,0.2217754243889392,-0.3135883153982518,-1.3705551351145455,-0.2846456390059982,0.8385114595396613,-0.031449764486442516,-0.22998588884435223,-2.01758962688335,-2.306918959435781,-0.5570495258166495,1.0094836670179137,-0.11591851071303161,0.5898138391289072,-1.8991921320688445,-0.5623323980319813,-0.0,0.0,-0.0,16-18,Mother-Son,3.266111111111111,3.9722222222222223,0.5555555555555556,0,0
F2387,1,E1,Eastern,7,0,Rural,1,Male,1,Male,38,14.4,2,3.09,3.56,4.48,3.65,1,2,2,1,2,3,1.83,3,5,4,3,4,3.8,3,3,3,2,3,2.8,3.01,2,3,2,3,2,2,2.33,4,3,3,3,4,3.4,2,3,2,3,3,2.6,2.82,3,3,4,3,3.25,-1.673315261214173,-0.3088793981345596,-0.09250140437526819,-0.6835308504019458,-0.8853323472358098,-0.3135883153982518,0.06867941476941361,-0.3788533067915832,-0.4074395453191151,-0.6155637951371935,-0.5834292140449868,1.0171677492439242,0.3849000210261912,-0.5070495258166496,-0.4905163329820863,-1.6159185107130316,-0.41018616087109283,-0.0991921320688447,0.24871607404388868,-0.0,-0.0,0.0,12-15,Father-Son,3.5557575757575757,3.537878787878788,0.5757575757575758,0,0
F2390,4,E4,Eastern,25,0,Rural,1,Male,2,Female,59,25.8,1,3.85,4.55,4.22,4.46,3,3,3,3,3,4,3.17,3,2,2,2,2,2.2,2,2,2,2,2,2.0,2.65,4,4,2,2,3,2,2.83,2,3,3,3,2,2.6,3,2,2,3,3,2.6,2.66,4,4,4,4,4.0,-0.285719020957236,-1.513715358386781,-0.8385396430619187,-1.1688307937326892,-0.33177846142343526,-0.9898132227558145,0.06867941476941361,-0.5672686423627527,0.21553595711027312,-0.0074450782953155645,1.0070657493578703,0.6649191252291504,1.773672870818674,-0.8670495258166495,0.2594836670179137,-0.27591851071303175,-2.0101861608710925,-0.8991921320688445,-0.22498519044504744,-0.0,0.0,-0.0,23-25,Father-Daughter,3.2065217391304346,3.641304347826087,0.2608695652173913,0,0
F2392,1,E1,Eastern,1,0,Rural,2,Female,2,Female,42,17.1,2,3.89,2.48,2.61,2.17,3,4,5,4,4,4,4.0,3,4,4,3,4,3.6,3,3,2,3,2,2.6,3.52,5,4,3,4,5,3,4.0,4,4,4,4,4,4.0,4,4,4,3,4,3.8,3.99,5,6,6,5,5.5,0.57376223233624,-0.4594838931660871,-0.27901096404693065,0.003977402649941291,0.9635376313775209,0.1935803651199204,1.302309028955664,0.9989338345725963,1.4614869619690496,0.02456116995952013,-2.318514628666286,-1.5163127388623276,-2.152610865014394,0.002950474183350593,1.7594836670179137,0.5540814892869683,-0.6101861608710926,-0.29919213206884443,0.005191311135563386,0.0,0.0,0.0,16-18,Mother-Daughter,3.475909090909091,3.6363636363636362,0.4090909090909091,0,0
F2393,18,W6,Western,126,0,Rural,1,Male,2,Female,38,14.4,4,4.09,4.33,3.87,2.65,3,3,3,3,3,3,3.0,4,5,5,3,4,4.2,2,3,3,2,3,2.6,3.38,2,3,1,2,2,1,1.83,3,3,2,4,3,3.0,3,2,2,2,3,2.4,2.55,4,4,4,4,4.0,-0.46175734994505635,-0.0076704080715039435,-0.27901096404693065,-0.1847503530897925,-1.4388862330481842,-0.6517007690770332,-0.13692552092829502,-0.6968041855679322,0.21553595711027312,0.18459241123369827,0.6536224241572357,0.19073828520926436,-1.3296343614336639,-0.13704952581664953,0.2594836670179137,-0.4459185107130317,-0.010186160871092476,-0.29919213206884443,-0.03556211352197045,-0.0,0.0,-0.0,12-15,Father-Daughter,3.7065217391304346,3.989130434782609,0.5652173913043478,0,1
F2396,16,W4,Western,108,0,Rural,1,Male,2,Female,45,20.6,2,3.59,3.36,3.37,2.46,2,3,2,3,3,2,2.5,3,3,3,3,3,3.0,3,2,3,3,2,2.6,2.77,2,2,2,2,3,2,2.17,3,4,4,3,4,3.6,3,3,2,3,2,2.6,2.72,5,4,6,5,5.0,-0.9795171410857045,-0.9112973782606704,-0.27901096404693065,-1.0070641459557745,-1.0624695906957697,-0.14453208855886093,0.06867941476941361,-0.49661289152356386,1.0461699603494574,-0.2154856919517476,-0.9047413278637463,-0.48666291481914503,-1.6553958941010363,-0.7470495258166494,1.2594836670179137,-0.9459185107130317,-1.2101861608710927,-0.29919213206884443,-0.9408966762195472,-0.0,0.0,-0.0,19-22,Father-Daughter,3.373,4.225,0.5,0,1
F2402,2,E2,Eastern,14,0,Rural,2,Female,2,Female,45,17.9,1,2.36,4.0,2.67,2.74,3,4,3,4,4,4,3.67,7,7,6,7,7,6.8,1,2,2,2,2,1.8,4.15,4,4,2,3,3,3,3.17,3,3,3,3,3,3.0,1,1,1,1,2,1.2,2.31,2,3,2,1,2.0,0.23204077018341215,1.950188027338356,-1.0250492027335814,0.853252303478743,0.04463818092897921,-0.6517007690770332,-1.3705551351145455,-0.9794271889246866,-1.4457320493680954,-1.1996778257879444,0.1234574363562831,-1.4350245948589184,-1.1753262670122764,0.6329504741833509,-1.7405163329820863,0.22408148928696825,2.589813839128907,-1.0991921320688445,-1.1016606382848786,0.0,-0.0,-0.0,16-18,Mother-Daughter,3.43,3.8684210526315788,0.5263157894736842,0,0
F2404,2,E2,Eastern,11,0,Rural,1,Male,2,Female,50,25.3,2,5.26,2.77,1.96,1.98,4,3,2,3,3,3,3.0,4,5,4,4,4,4.2,2,3,3,4,3,3.0,3.11,4,2,3,1,4,3,2.83,2,1,2,2,1,1.6,2,1,1,1,1,1.2,1.98,2,3,2,3,2.5,-0.46175734994505635,-0.0076704080715039435,0.09400815529639468,-0.5487253105878502,-0.33177846142343526,-1.8350943569527682,-1.3705551351145455,-1.3680338185402243,-1.0304150477485032,1.1207751726876416,-1.8526120636290855,-2.3969342988992595,-2.4783723976817664,-0.40704952581664955,-1.2405163329820863,-0.4459185107130317,-0.010186160871092476,0.10080786793115548,0.5049515851081672,-0.0,-0.0,0.0,23-25,Father-Daughter,3.622,3.9375,0.5,0,0
F2405,1,E1,Eastern,2,0,Rural,2,Female,1,Male,49,23.1,3,5.5,3.75,2.82,2.58,2,2,2,2,2,2,2.0,6,6,5,5,5,5.4,2,2,2,3,2,2.2,3.16,1,1,1,2,2,2,1.5,3,4,4,3,2,3.2,1,2,2,1,1,1.4,1.87,2,2,3,3,2.5,-1.4972769322263526,0.8959565621176624,-0.6520300833902559,-0.48132254068080216,-1.8042317976843516,-0.4826445422376423,-1.1649501994168372,-1.4975693617454036,-1.0304150477485032,1.3128126622166556,-0.27818270591716576,-1.2318042348503957,-1.4496517682058534,-0.3570495258166493,-1.2405163329820863,-1.4459185107130317,1.1898138391289077,-0.6991921320688443,0.4429257684590625,-0.0,-0.0,0.0,23-25,Mother-Son,3.7009999999999996,3.75,0.55,0,0
F2406,9,C3,Central,61,0,Rural,1,Male,2,Female,47,19.0,3,5.8,3.55,2.98,3.67,2,2,2,3,2,2,2.17,5,4,4,5,5,4.6,2,2,3,3,2,2.4,3.01,2,2,1,2,1,2,1.67,4,4,4,5,3,4.0,1,2,2,2,2,1.8,2.45,4,4,4,4,4.0,-1.3212386032385324,0.2935385819915511,-0.4655205237185935,-0.6835308504019458,-1.6160234765081443,0.1935803651199204,-0.7537403280214202,-0.8145637702999129,0.21553595711027312,1.552859524127923,-0.5994948197359252,-1.0150358508413044,0.4191907086753883,-0.5070495258166496,0.2594836670179137,-1.2759185107130318,0.389813839128907,-0.4991921320688446,-0.13157107031859855,-0.0,0.0,-0.0,19-22,Father-Daughter,3.3058333333333336,3.7083333333333335,0.375,1,0
F2408,11,C5,Central,77,0,Rural,1,Male,1,Male,48,21.9,3,1.81,3.8,3.11,3.25,4,4,4,3,6,5,4.33,4,5,5,4,5,4.6,2,2,1,2,2,1.8,3.49,2,2,3,3,2,3,2.5,3,3,2,3,3,2.8,2,2,2,3,2,2.2,2.49,3,3,3,3,3.0,0.9154836944890679,0.2935385819915511,-1.0250492027335814,-0.03646425929428708,-0.6971240260596026,-0.820756995916424,-0.3425304566260032,-0.7674599364071204,-0.6150980461289112,-1.6397637392919346,-0.19785467746247629,-0.8389115388339182,-0.3009137319577507,-0.02704952581664921,-0.7405163329820863,0.8840814892869684,0.389813839128907,-1.0991921320688445,0.02003061566664935,-0.0,-0.0,0.0,19-22,Father-Son,3.7358333333333333,4.03125,0.75,1,0
F2414,6,E6,Eastern,39,0,Rural,1,Male,2,Female,47,21.2,3,3.37,3.2,3.65,2.76,4,4,3,4,4,3,3.67,4,4,4,4,5,4.2,2,2,3,2,2,2.2,3.55,2,3,2,1,2,2,2.0,4,5,4,4,3,4.0,1,2,1,1,1,1.2,2.4,2,2,2,2,2.0,0.23204077018341215,-0.0076704080715039435,-0.6520300833902559,0.04441906459416966,-1.250677911871977,0.1935803651199204,-1.3705551351145455,-0.8734435626659038,-1.4457320493680954,-0.39152005735334355,-1.161791018918753,-0.10731824280323603,-1.14103557936308,0.0329504741833504,-1.7405163329820863,0.22408148928696825,-0.010186160871092476,-0.6991921320688443,-0.05735083849562594,0.0,-0.0,-0.0,19-22,Father-Daughter,3.795625,3.875,0.5625,0,0
F2417,15,W3,Western,103,0,Rural,2,Female,2,Female,43,13.2,2,2.81,4.29,3.35,3.23,3,3,3,3,2,3,2.83,3,3,4,3,3,3.2,3,3,2,3,3,2.8,3.01,2,2,2,3,2,3,2.33,2,1,3,1,2,1.8,1,1,1,1,1,1.0,1.74,1,1,1,1,1.0,-0.6377956789328766,-0.7606928832291425,-0.09250140437526819,-0.6835308504019458,-0.8853323472358098,-1.6660381301133775,-1.576160070812254,-1.650656821896979,-2.2763660526072798,-0.839607532921043,0.5893600013934839,-0.5137589628202814,-0.3352044196069478,-0.5070495258166496,-2.7405163329820863,-0.6159185107130316,-1.0101861608710925,-0.0991921320688447,1.3895775071313503,-0.0,-0.0,0.0,12-15,Mother-Daughter,3.6488888888888886,3.537037037037037,0.6666666666666666,0,1
F2418,12,C6,Central,81,0,Rural,2,Female,1,Male,53,20.5,3,2.94,2.58,3.33,2.75,1,3,2,1,2,2,1.83,3,3,3,3,3,3.0,4,4,4,3,4,3.8,3.03,4,3,3,2,2,3,2.83,4,3,3,5,4,3.8,3,3,3,3,2,2.8,3.01,5,6,4,4,4.75,-1.673315261214173,-0.9112973782606704,0.8400463939830453,-0.6565697424391267,-0.33177846142343526,0.02452413828052955,0.2742843504671218,-0.1551100958008191,0.8385114595396613,-0.7355872260928271,-2.1578585717569063,-0.5408550108214178,-1.1581809231876783,-0.4870495258166496,1.0094836670179137,-1.6159185107130316,-1.2101861608710927,0.9008078679311553,-0.49166854134072746,-0.0,0.0,-0.0,19-22,Mother-Son,3.0680952380952378,3.857142857142857,0.23809523809523808,1,0
F2419,3,E3,Eastern,15,0,Rural,1,Male,2,Female,49,16.2,2,3.36,4.68,4.44,3.04,4,4,5,4,5,5,4.5,1,2,2,2,1,1.6,1,1,1,1,1,1.0,2.49,2,3,3,3,2,2,2.5,3,3,4,3,3,3.2,1,2,1,2,1,1.4,2.54,2,1,2,1,1.5,1.091522023476888,-1.9655288434813643,-1.7710874414202322,-1.3845196574352416,-0.6971240260596026,-0.4826445422376423,-1.1649501994168372,-0.7085801440411301,-1.8610490509876876,-0.39952161941705266,1.2159186233400636,0.9629756532416515,-0.6609659522743202,-1.0270495258166492,-2.2405163329820863,1.0540814892869683,-2.6101861608710926,-1.8991921320688445,2.3011212373737093,-0.0,-0.0,0.0,16-18,Father-Daughter,3.4895833333333335,3.5416666666666665,0.4166666666666667,0,0
F2422,6,E6,Eastern,42,0,Rural,1,Male,2,Female,41,15.8,1,4.16,3.18,3.09,3.67,3,3,4,3,3,3,3.17,4,5,4,4,5,4.4,2,2,2,2,1,1.8,2.96,3,2,2,3,3,2,2.5,1,2,3,3,3,2.4,1,1,1,1,2,1.2,2.03,3,3,3,3,3.0,-0.285719020957236,0.1429340869600239,-1.0250492027335814,-0.7509336203089932,-0.6971240260596026,-1.1588694495952054,-1.3705551351145455,-1.309154026174234,-0.6150980461289112,0.2406033456796609,-1.193922230300629,-0.8660075868350546,0.4191907086753883,-0.5570495258166495,-0.7405163329820863,-0.27591851071303175,0.1898138391289077,-1.0991921320688445,0.4125042721471553,-0.0,-0.0,0.0,12-15,Father-Daughter,3.636060606060606,3.909090909090909,0.5757575757575758,0,0
F2425,4,E4,Eastern,26,0,Rural,2,Female,2,Female,48,22.0,2,2.63,4.8,3.85,3.5,3,3,3,3,2,2,2.67,4,4,3,4,4,3.8,2,3,3,2,2,2.4,2.82,2,3,2,4,2,2,2.5,5,3,5,3,5,4.2,3,2,3,2,3,2.6,3.25,5,3,3,3,3.5,-0.8034788120978842,-0.3088793981345596,-0.4655205237185935,-0.939661376048727,-0.6971240260596026,0.3626365919593113,0.06867941476941361,0.12751290755593583,-0.199781044509319,-0.9836356500678036,1.4087058916313193,0.16364223720812796,0.1277198636572131,-0.6970495258166496,-0.2405163329820863,-0.7759185107130318,-0.41018616087109283,-0.4991921320688446,0.16765179585632264,-0.0,-0.0,0.0,19-22,Mother-Daughter,3.4605882352941175,3.7205882352941178,0.6470588235294118,0,0
F2429,12,C6,Central,84,0,Rural,1,Male,2,Female,46,14.8,3,3.7,3.46,2.93,3.01,4,4,4,4,4,3,3.83,3,5,5,4,4,4.2,6,5,6,5,5,5.4,4.4,4,4,3,4,3,3,3.5,4,2,2,3,3,2.8,3,2,2,2,3,2.4,2.83,3,4,3,4,3.5,0.3977239033484197,-0.0076704080715039435,2.3321228713563475,1.1902661530139818,0.40998374556514644,-0.820756995916424,-0.13692552092829502,-0.3670773483183848,-0.199781044509319,-0.12746850925094924,-0.7440852709543665,-1.0827759708441451,-0.7124019837481163,0.8829504741833509,-0.2405163329820863,0.3840814892869684,-0.010186160871092476,2.500807867931156,-0.21236401025537383,0.0,-0.0,-0.0,12-15,Father-Daughter,3.320909090909091,3.897727272727273,0.45454545454545453,1,0
F2433,16,W4,Western,110,0,Rural,1,Male,1,Male,56,19.7,4,3.62,3.88,3.51,2.65,3,3,3,3,4,3,3.17,3,1,1,1,1,1.4,2,4,3,2,3,2.8,2.36,3,2,4,2,2,2,2.5,1,1,2,2,1,1.4,1,2,2,2,3,2.0,2.09,4,4,4,3,3.75,-0.285719020957236,-2.116133338512892,-0.09250140437526819,-1.559766859193566,-0.6971240260596026,-2.004150583792159,-0.5481353923237118,-1.2384982753350453,0.007877456300477073,-0.19148100576062063,-0.06932983193497254,-0.29699057881119084,-1.3296343614336639,-1.1570495258166495,0.0094836670179137,-0.27591851071303175,-2.8101861608710927,-0.0991921320688447,-0.010973072426080045,-0.0,0.0,-0.0,19-22,Father-Son,3.667333333333333,3.941666666666667,0.5333333333333333,0,1
F2434,11,C5,Central,74,0,Rural,2,Female,2,Female,47,14.0,2,4.46,3.0,2.97,2.41,1,1,1,1,1,1,1.0,3,4,4,4,4,3.8,5,5,5,4,5,4.8,3.2,1,1,1,1,1,1,1.0,3,3,3,3,5,3.4,2,3,2,3,3,2.6,2.27,3,3,3,2,2.75,-2.532796514507649,-0.3088793981345596,1.7725941923413588,-0.42740032475516393,-2.357785683496726,-0.3135883153982518,0.06867941476941361,-1.026531022817479,-0.8227565469387071,0.4806502075909283,-1.4831031327375124,-1.0285838748418723,-1.7411226132240287,-0.31704952581664925,-0.9905163329820863,-2.4459185107130317,-0.41018616087109283,1.9008078679311553,0.3140427336856167,-0.0,-0.0,0.0,12-15,Mother-Daughter,3.5776470588235294,3.7058823529411766,0.7058823529411765,1,0
F2436,1,E1,Eastern,4,0,Rural,1,Male,1,Male,50,21.6,1,3.93,3.37,2.16,3.35,3,2,3,3,3,3,2.83,3,3,3,2,3,2.8,4,2,3,3,2,2.8,2.95,2,2,2,2,2,2,2.0,3,3,2,3,3,2.8,2,1,1,2,2,1.6,2.12,2,4,4,3,3.25,-0.6377956789328766,-1.061901873292198,-0.09250140437526819,-0.7644141742904025,-1.250677911871977,-0.820756995916424,-0.9593452637191285,-1.2031703999154506,-0.4074395453191151,0.056567418214355826,-0.8886757221728079,-2.125973818887896,-0.129460293711765,-0.5670495258166492,-0.4905163329820863,-0.6159185107130316,-1.4101861608710928,-0.0991921320688447,0.27814705402281364,-0.0,-0.0,0.0,19-22,Father-Son,3.3230434782608693,3.5760869565217392,0.391304347826087,0,0
F2438,14,W2,Western,97,0,Rural,2,Female,2,Female,46,13.7,2,3.08,2.53,3.33,2.43,2,2,2,1,2,2,1.83,5,5,5,5,5,5.0,3,3,4,4,3,3.4,3.5,1,2,1,2,2,2,1.67,3,3,3,4,3,3.2,2,1,2,1,4,2.0,2.33,2,2,3,2,2.25,-1.673315261214173,0.5947475720546067,0.46702727463972,-0.02298370531287782,-1.6160234765081443,-0.4826445422376423,-0.5481353923237118,-0.9558752719782904,-1.2380735485582992,-0.6235653572009022,-2.2381866002115967,-0.5408550108214178,-1.7068319255748314,-0.017049525816649425,-1.4905163329820863,-1.6159185107130316,0.7898138391289073,0.5008078679311554,0.025412596699315712,-0.0,-0.0,0.0,12-15,Mother-Daughter,3.580769230769231,3.9423076923076925,0.6153846153846154,0,1
F2441,18,W6,Western,123,0,Rural,1,Male,1,Male,49,20.2,3,2.1,3.53,3.49,3.33,2,4,2,2,2,2,2.33,5,6,5,7,6,5.8,1,2,1,2,1,1.4,3.39,3,5,4,3,3,4,3.67,5,6,6,5,6,5.6,2,2,3,2,4,2.6,3.95,7,7,6,7,6.75,-1.1555554700735249,1.1971655521807174,-1.398068322076907,-0.17126979910838264,0.5981920667413537,1.5460301798350458,0.06867941476941361,0.9518300006798038,2.4997794660180297,-1.407718439444376,-0.6316260311178011,-0.32408662681232664,-0.16375098136096214,-0.1270495258166493,3.0094836670179137,-1.1159185107130316,1.5898138391289072,-1.4991921320688446,-0.3823534728475768,-0.0,0.0,-0.0,19-22,Father-Son,3.376923076923077,4.019230769230769,0.46153846153846156,0,1
F2444,5,E5,Eastern,34,0,Rural,2,Female,1,Male,39,12.6,1,4.5,3.13,2.93,2.16,4,4,4,4,4,4,4.0,4,5,4,5,4,4.4,2,1,3,2,3,2.2,3.72,3,2,3,2,2,2,2.33,2,2,4,3,3,2.8,1,1,2,1,2,1.4,2.07,2,3,2,2,2.25,0.57376223233624,0.1429340869600239,-0.6520300833902559,0.2735884822781324,-0.8853323472358098,-0.820756995916424,-1.1649501994168372,-1.2620501922814416,-1.2380735485582992,0.512656455845764,-1.2742502587553193,-1.0827759708441451,-2.1697562088389923,0.20295047418335077,-1.4905163329820863,0.5540814892869683,0.1898138391289077,-0.6991921320688443,-0.30250099655674356,0.0,-0.0,-0.0,12-15,Mother-Son,3.33125,3.453125,0.375,0,0
F2445,13,W1,Western,88,0,Rural,2,Female,2,Female,41,14.4,3,5.06,3.73,3.09,2.48,4,6,5,5,6,5,5.17,5,4,4,4,4,4.2,3,4,3,4,3,3.4,4.53,3,3,3,4,3,3,3.17,3,4,3,3,4,3.4,2,2,1,1,1,1.4,2.75,2,2,2,3,2.25,1.7853201436053567,-0.0076704080715039435,0.46702727463972,1.3655133547723055,0.04463818092897921,-0.3135883153982518,-1.1649501994168372,-0.46128501610396977,-1.2380735485582992,0.960743931413463,-0.31031391729904173,-0.8660075868350546,-1.621105206451839,1.0129504741833508,-1.4905163329820863,1.7240814892869682,-0.010186160871092476,0.5008078679311554,-1.5098192262722336,0.0,-0.0,-0.0,12-15,Mother-Daughter,3.3708333333333336,3.8229166666666665,0.5833333333333334,0,1
F2446,13,W1,Western,86,0,Rural,1,Male,1,Male,44,12.6,3,4.32,2.68,3.14,3.64,2,3,2,3,3,3,2.67,3,4,3,3,3,3.2,3,3,2,3,2,2.6,2.99,3,2,3,2,4,3,2.83,3,3,3,2,3,2.8,2,2,2,3,1,2.0,2.64,3,2,2,3,2.5,-0.8034788120978842,-0.7606928832291425,-0.27901096404693065,-0.7104919583647643,-0.33177846142343526,-0.820756995916424,-0.5481353923237118,-0.5908205593091489,-1.0304150477485032,0.3686283386990037,-1.9972025148475268,-0.7982674668322133,0.367754677201593,-0.5270495258166492,-1.2405163329820863,-0.7759185107130318,-1.0101861608710925,-0.29919213206884443,0.6538135450660171,-0.0,-0.0,0.0,12-15,Father-Son,3.28962962962963,3.6481481481481484,0.4444444444444444,0,1
F2448,2,E2,Eastern,9,0,Rural,2,Female,1,Male,46,16.9,2,3.23,4.26,4.39,3.09,2,2,1,2,2,2,1.83,3,4,3,2,3,3.0,1,1,1,1,1,1.0,2.06,4,3,4,3,3,4,3.5,3,3,4,4,3,3.4,3,3,3,2,3,2.8,3.17,4,5,6,5,5.0,-1.673315261214173,-0.9112973782606704,-1.7710874414202322,-1.964183478635852,0.40998374556514644,-0.3135883153982518,0.2742843504671218,0.03330523977035085,1.0461699603494574,-0.5035419262452685,0.5411631843206696,0.8952355332388096,-0.5752392331513277,-1.4570495258166494,1.2594836670179137,-1.6159185107130316,-1.2101861608710927,-1.8991921320688445,-1.8351300798022658,-0.0,0.0,-0.0,16-18,Mother-Son,3.2433333333333336,4.157407407407407,0.5925925925925926,0,0
F2450,8,C2,Central,56,0,Rural,2,Female,2,Female,46,15.8,2,5.55,3.71,3.28,4.03,3,4,4,4,2,3,3.33,4,4,4,5,4,4.2,3,3,3,3,4,3.2,3.38,3,3,3,3,2,2,2.67,4,5,3,3,4,3.8,3,2,4,4,2,3.0,3.1,3,3,3,4,3.25,-0.12003588779222847,-0.0076704080715039435,0.28051771496805755,-0.1847503530897925,-0.5089157048833953,0.02452413828052955,0.4798892861648304,-0.04912646954203574,-0.4074395453191151,1.3528204725352002,-0.34244512868091764,-0.6085951308242591,1.0364230863609367,-0.13704952581664953,-0.4905163329820863,-0.11591851071303161,-0.010186160871092476,0.30080786793115566,0.06722503084051669,-0.0,-0.0,0.0,12-15,Mother-Daughter,3.631,4.083333333333333,0.4666666666666667,1,0
F2451,3,E3,Eastern,19,0,Rural,2,Female,2,Female,50,17.3,2,3.79,4.25,3.44,3.17,2,1,2,2,1,2,1.67,5,5,4,5,6,5.0,4,4,5,5,4,4.4,3.78,2,3,2,3,1,2,2.17,4,3,3,4,3,3.4,4,3,3,4,3,3.4,3.1,3,3,3,3,3.0,-1.8389983943791806,0.5947475720546067,1.3995750729980339,0.3544718061665892,-1.0624695906957697,-0.3135883153982518,0.8910991575602472,-0.04912646954203574,-0.6150980461289112,-0.05545445067756911,0.5250975786297319,-0.39182674681516794,-0.4380764825545392,0.2629504741833504,-0.7405163329820863,-1.7759185107130318,0.7898138391289073,1.5008078679311558,-0.19471912089815538,0.0,-0.0,-0.0,16-18,Mother-Daughter,3.5727272727272723,3.8295454545454546,0.5909090909090909,0,0
F2452,4,E4,Eastern,24,0,Rural,2,Female,2,Female,42,14.6,3,3.35,3.62,3.33,3.54,3,3,4,4,4,4,3.67,5,5,5,5,4,4.8,2,2,3,3,2,2.4,3.6,3,3,3,3,3,3,3.0,2,3,2,2,1,2.0,2,1,1,2,1,1.4,2.23,4,3,3,3,3.25,0.23204077018341215,0.4441430770230789,-0.4655205237185935,0.11182183450121774,-0.14357014024722803,-1.4969819032739868,-1.1649501994168372,-1.0736348567102716,-0.4074395453191151,-0.40752318148076144,-0.48703557989935903,-0.5408550108214178,0.19630123895560736,0.08295047418335066,-0.4905163329820863,0.22408148928696825,0.5898138391289072,-0.4991921320688446,-0.04068856241554239,0.0,-0.0,-0.0,12-15,Mother-Daughter,3.5157692307692305,3.4615384615384617,0.4230769230769231,0,0
F2453,6,E6,Eastern,38,0,Rural,1,Male,1,Male,41,15.0,2,3.22,3.36,3.5,2.51,3,3,1,3,2,3,2.5,4,4,3,4,3,3.6,1,3,3,3,3,2.6,2.77,2,1,1,2,1,2,1.5,3,3,3,4,4,3.4,1,1,2,2,2,1.6,2.19,2,3,2,3,2.5,-0.9795171410857045,-0.4594838931660871,-0.27901096404693065,-1.0070641459557745,-1.8042317976843516,-0.3135883153982518,-0.9593452637191285,-1.120738690603064,-1.0304150477485032,-0.5115434883089772,-0.9047413278637463,-0.3105386028117587,-1.5696691749780438,-0.7470495258166494,-1.2405163329820863,-0.9459185107130317,-0.6101861608710926,-0.29919213206884443,0.9267271383220763,-0.0,-0.0,0.0,12-15,Father-Son,3.5205263157894735,3.8026315789473686,0.42105263157894735,0,0
F2455,2,E2,Eastern,12,0,Rural,1,Male,2,Female,50,18.8,2,6.49,3.05,2.8,2.59,2,2,2,1,2,1,1.67,2,3,3,3,3,2.8,1,1,1,1,1,1.0,2.09,2,2,3,3,2,3,2.5,2,3,3,2,3,2.6,2,1,1,1,2,1.4,2.34,2,4,3,3,3.0,-1.8389983943791806,-1.061901873292198,-1.7710874414202322,-1.9237418166916238,-0.6971240260596026,-0.9898132227558145,-1.1649501994168372,-0.9440993135050926,-0.6150980461289112,2.1049673065238386,-1.402775104282823,-1.258900282851532,-1.4325064243812553,-1.4270495258166496,-0.7405163329820863,-1.7759185107130318,-1.4101861608710928,-1.8991921320688445,1.0567534818415705,-0.0,-0.0,0.0,16-18,Father-Daughter,3.502,3.24,0.6,0,0
F2459,8,C2,Central,52,0,Rural,2,Female,1,Male,48,24.4,2,2.81,3.34,2.96,2.87,5,4,6,5,5,4,4.83,1,1,3,2,2,1.8,3,3,3,2,3,2.8,3.23,4,5,3,4,3,3,3.67,2,2,3,2,3,2.4,3,3,1,3,2,2.4,2.79,3,4,3,4,3.5,1.433243485629716,-1.8149243484498367,-0.09250140437526819,-0.38695866281093555,0.5981920667413537,-1.1588694495952054,-0.13692552092829502,-0.4141811822111773,-0.199781044509319,-0.839607532921043,-0.9368725392456222,-1.0421318988424408,-0.9524367972924954,-0.28704952581664944,-0.2405163329820863,1.3840814892869684,-2.410186160871093,-0.0991921320688447,0.06904009933366724,-0.0,-0.0,0.0,23-25,Mother-Son,3.4015,3.575,0.5,1,0
F2462,4,E4,Eastern,24,0,Rural,1,Male,1,Male,45,22.6,3,4.38,3.62,3.33,3.54,1,1,1,2,1,2,1.33,3,3,5,3,4,3.6,3,3,3,1,2,2.4,2.53,1,3,1,2,1,2,1.67,4,3,2,3,4,3.2,2,2,2,2,3,2.2,2.55,4,4,4,4,4.0,-2.191075052354821,-0.4594838931660871,-0.4655205237185935,-1.330597441509604,-1.6160234765081443,-0.4826445422376423,-0.3425304566260032,-0.6968041855679322,0.21553595711027312,0.4166377110812569,-0.48703557989935903,-0.5408550108214178,0.19630123895560736,-0.9870495258166496,0.2594836670179137,-2.1159185107130316,-0.6101861608710926,-0.4991921320688446,-0.2561232304871971,-0.0,0.0,-0.0,19-22,Father-Son,3.5157692307692305,3.4615384615384617,0.4230769230769231,0,0
F2467,7,C1,Central,46,0,Rural,2,Female,1,Male,38,13.9,2,2.46,3.01,2.63,2.93,5,3,4,3,4,3,3.67,2,2,3,3,3,2.6,1,2,1,2,2,1.6,2.57,2,4,3,2,2,2,2.5,3,3,4,3,3,3.2,2,3,1,1,2,1.8,2.44,2,3,3,3,2.75,0.23204077018341215,-1.2125063683237256,-1.2115587624052442,-1.2766752255839657,-0.6971240260596026,-0.4826445422376423,-0.7537403280214202,-0.8263397287731113,-0.8227565469387071,-1.1196622051508551,-1.4670375270465748,-1.4892166908611912,-0.849564734344904,-0.9470495258166496,-0.9905163329820863,0.22408148928696825,-1.6101861608710926,-1.2991921320688444,0.9380680234643314,-0.0,-0.0,0.0,12-15,Mother-Son,3.492,3.51,0.44,1,0
F2470,2,E2,Eastern,9,0,Rural,1,Male,2,Female,39,12.1,3,2.75,4.26,4.39,3.09,4,4,4,4,4,3,3.83,3,3,4,4,3,3.4,1,1,1,2,1,1.2,2.9,4,4,4,4,4,5,4.17,4,4,4,4,4,4.0,3,2,3,2,3,2.6,3.73,6,6,7,7,6.5,0.3977239033484197,-0.610088388197615,-1.5845778817485696,-0.8318169441974507,1.1517459525537281,0.1935803651199204,0.06867941476941361,0.6927589142694451,2.292120965208234,-0.8876169053032965,0.5411631843206696,0.8952355332388096,-0.5752392331513277,-0.6170495258166495,2.7594836670179137,0.3840814892869684,-0.8101861608710927,-1.6991921320688446,-1.7027380882321927,-0.0,0.0,-0.0,12-15,Father-Daughter,3.2433333333333336,4.157407407407407,0.5925925925925926,0,0
F2472,12,C6,Central,81,0,Rural,2,Female,1,Male,43,15.3,1,3.25,2.58,3.33,2.75,2,3,3,3,2,3,2.67,2,3,1,2,2,2.0,4,2,2,3,3,2.8,2.54,3,3,3,3,3,3,3.0,2,2,2,3,3,2.4,2,2,2,2,2,2.0,2.57,4,5,4,5,4.5,-0.8034788120978842,-1.6643198534183088,-0.09250140437526819,-1.317116887528194,-0.14357014024722803,-1.1588694495952054,-0.5481353923237118,-0.673252268621536,0.6308529587298652,-0.48753880211785067,-2.1578585717569063,-0.5408550108214178,-1.1581809231876783,-0.9770495258166494,0.7594836670179137,-0.7759185107130318,-2.2101861608710927,-0.0991921320688447,-0.7420531567253427,-0.0,0.0,-0.0,12-15,Mother-Son,3.0680952380952378,3.857142857142857,0.23809523809523808,1,0
F2473,9,C3,Central,60,0,Rural,2,Female,2,Female,40,15.4,3,3.47,3.55,2.66,3.38,4,5,4,3,4,4,4.0,3,4,3,3,4,3.4,6,5,4,4,4,4.6,4.01,3,2,2,3,2,3,2.5,3,4,4,3,4,3.6,3,2,2,1,2,2.0,2.69,3,2,3,2,2.5,0.57376223233624,-0.610088388197615,1.5860846326696958,0.6645245477390087,-0.6971240260596026,-0.14453208855886093,-0.5481353923237118,-0.5319407669431585,-1.0304150477485032,-0.31150443671625433,-0.5994948197359252,-1.4485726188594863,-0.07802426223796968,0.49295047418335036,-1.2405163329820863,0.5540814892869683,-0.8101861608710927,1.7008078679311551,-0.6115131145757104,0.0,-0.0,-0.0,12-15,Mother-Daughter,3.2008333333333336,3.5104166666666665,0.2916666666666667,1,0
F2474,7,C1,Central,49,0,Rural,1,Male,2,Female,46,18.7,2,2.04,3.27,4.07,3.75,3,4,3,5,4,4,3.83,3,3,3,4,3,3.2,4,4,4,5,4,4.2,3.65,2,2,3,2,3,3,2.5,3,2,1,2,2,2.0,1,1,1,1,1,1.0,1.77,3,3,2,3,2.75,0.3977239033484197,-0.7606928832291425,1.213065513326371,0.17922460440826524,-0.6971240260596026,-1.4969819032739868,-1.576160070812254,-1.6153289464773848,-0.8227565469387071,-1.4557278118266297,-1.0493317790821877,0.46169876522062836,0.5563534592721768,0.1329504741833505,-0.9905163329820863,0.3840814892869684,-1.0101861608710925,1.3008078679311557,-0.13168961615632185,0.0,-0.0,-0.0,16-18,Father-Daughter,3.39,3.4711538461538463,0.4230769230769231,1,0
F2477,17,W5,Western,115,0,Rural,2,Female,1,Male,41,13.0,3,4.03,3.3,3.31,3.44,4,3,3,4,4,3,3.5,3,2,4,3,2,2.8,2,1,1,1,1,1.2,2.43,2,3,3,3,2,2,2.5,3,3,3,4,3,3.2,1,1,1,1,1,1.0,2.16,2,2,2,4,2.5,0.05600244119559184,-1.061901873292198,-1.5845778817485696,-1.4654029813236988,-0.6971240260596026,-0.4826445422376423,-1.576160070812254,-1.1560665660226581,-1.0304150477485032,0.13658303885144507,-1.0011349620093741,-0.5679510588225543,0.024847800709621705,-1.0870495258166493,-1.2405163329820863,0.05408148928696832,-1.4101861608710928,-1.6991921320688446,1.3485026915359855,-0.0,-0.0,0.0,12-15,Mother-Son,3.5508333333333333,3.8125,0.6666666666666666,0,1
F2483,16,W4,Western,106,0,Rural,1,Male,1,Male,47,16.7,4,2.67,3.0,3.41,2.91,4,3,2,2,4,3,3.0,4,4,4,4,3,3.8,4,2,3,3,3,3.0,3.23,2,3,3,3,3,3,2.83,2,4,3,2,2,2.6,2,2,2,2,2,2.0,2.48,3,3,2,2,2.5,-0.46175734994505635,-0.3088793981345596,0.09400815529639468,-0.38695866281093555,-0.33177846142343526,-0.9898132227558145,-0.5481353923237118,-0.7792358948803189,-1.0304150477485032,-0.951629401812968,-1.4831031327375124,-0.4324708188168722,-0.8838554219941012,-0.28704952581664944,-1.2405163329820863,-0.4459185107130317,-0.41018616087109283,0.10080786793115548,0.35608962515031667,-0.0,-0.0,0.0,16-18,Father-Son,3.50375,3.625,0.5416666666666666,0,1
F2484,16,W4,Western,107,0,Rural,1,Male,2,Female,43,17.6,2,2.52,3.59,2.9,2.83,3,3,3,2,2,3,2.67,4,4,3,3,3,3.4,5,3,4,3,4,3.8,3.32,2,2,3,3,3,3,2.67,3,3,3,3,3,3.0,3,3,3,3,3,3.0,2.95,3,4,3,3,3.25,-0.8034788120978842,-0.610088388197615,0.8400463939830453,-0.26563367697824986,-0.5089157048833953,-0.6517007690770332,0.4798892861648304,-0.22576584664000732,-0.4074395453191151,-1.0716528327686017,-0.5352323969721733,-1.12342004284585,-1.0210181725908896,-0.19704952581664958,-0.4905163329820863,-0.7759185107130318,-0.8101861608710927,0.9008078679311553,0.0966560108194419,-0.0,-0.0,0.0,16-18,Father-Daughter,3.7623809523809526,4.142857142857143,0.5238095238095238,0,1
F2485,10,C4,Central,69,0,Rural,1,Male,1,Male,43,18.2,2,2.07,4.3,2.82,2.9,4,3,4,4,4,3,3.67,3,4,3,3,4,3.4,2,1,1,1,1,1.2,2.75,2,2,1,2,2,2,1.83,4,4,3,5,4,4.0,3,3,2,2,3,2.6,2.72,5,5,4,5,4.75,0.23204077018341215,-0.610088388197615,-1.5845778817485696,-1.0340252539185937,-1.4388862330481842,0.1935803651199204,0.06867941476941361,-0.49661289152356386,0.8385114595396613,-1.431723125635503,0.6054256070844215,-1.2318042348503957,-0.9010007658187,-0.7670495258166494,1.0094836670179137,0.22408148928696825,-0.8101861608710927,-1.6991921320688446,-0.7743239681057431,-0.0,0.0,-0.0,16-18,Father-Son,3.4778260869565214,4.086956521739131,0.5652173913043478,1,0
F2486,14,W2,Western,92,0,Rural,1,Male,2,Female,47,20.2,3,4.16,4.35,3.7,3.77,3,3,3,3,3,3,3.0,3,3,2,3,2,2.6,3,3,4,4,3,3.4,3.15,2,2,2,1,2,1,1.67,1,2,1,2,1,1.4,2,3,3,3,3,2.8,1.89,3,3,3,3,3.0,-0.46175734994505635,-1.2125063683237256,0.46702727463972,-0.494803094662212,-1.6160234765081443,-2.004150583792159,0.2742843504671218,-1.4740174447990075,-0.6150980461289112,0.2406033456796609,0.685753635539111,-0.03957812280039473,0.590644146921374,-0.3670495258166495,-0.7405163329820863,-0.4459185107130317,-1.6101861608710926,0.5008078679311554,0.2718061688805589,-0.0,-0.0,0.0,19-22,Father-Daughter,3.7422222222222223,3.8055555555555554,0.5555555555555556,0,1
F2488,16,W4,Western,108,0,Rural,2,Female,2,Female,49,18.7,1,3.35,3.36,3.37,2.46,1,2,1,2,1,1,1.33,1,3,2,3,2,2.2,2,3,2,3,2,2.4,2.18,2,2,3,2,3,3,2.5,4,4,4,3,4,3.8,2,2,2,2,2,2.0,2.87,4,4,6,4,4.5,-2.191075052354821,-1.513715358386781,-0.4655205237185935,-1.8024168308589374,-0.6971240260596026,0.02452413828052955,-0.5481353923237118,-0.3199735144255923,0.6308529587298652,-0.40752318148076144,-0.9047413278637463,-0.48666291481914503,-1.6553958941010363,-1.3370495258166493,0.7594836670179137,-2.1159185107130316,-2.0101861608710925,-0.4991921320688446,-1.0154672768517914,-0.0,0.0,-0.0,16-18,Mother-Daughter,3.373,4.225,0.5,0,1
F2489,6,E6,Eastern,40,0,Rural,1,Male,1,Male,44,19.6,1,2.21,3.83,3.11,3.21,3,2,2,3,3,3,2.67,6,6,6,6,6,6.0,3,3,2,2,3,2.6,3.87,2,2,2,2,3,3,2.33,3,3,4,4,4,3.6,3,2,3,2,2,2.4,2.86,4,3,4,3,3.5,-0.8034788120978842,1.3477700472122454,-0.27901096404693065,0.4757967919992755,-0.8853323472358098,-0.14453208855886093,-0.13692552092829502,-0.3317494728987907,-0.199781044509319,-1.319701256743578,-0.14965786038966203,-0.8389115388339182,-0.36949510725614493,0.3529504741833507,-0.2405163329820863,-0.7759185107130318,1.7898138391289073,-0.29919213206884443,-0.08489035377486803,0.0,-0.0,-0.0,19-22,Father-Son,3.296190476190476,3.5714285714285716,0.3333333333333333,0,0
F2490,15,W3,Western,102,0,Rural,1,Male,1,Male,53,18.2,2,2.9,3.12,1.74,2.85,3,3,2,2,1,2,2.17,4,5,4,4,5,4.4,3,3,3,4,4,3.4,3.24,2,3,2,3,2,3,2.5,4,4,4,4,3,3.8,1,1,1,2,1,1.2,2.32,3,3,3,3,3.0,-1.3212386032385324,0.1429340869600239,0.46702727463972,-0.3734781088295257,-0.6971240260596026,0.02452413828052955,-1.3705551351145455,-0.9676512304514888,-0.6150980461289112,-0.7675934743476628,-1.290315864446257,-2.6949908269117597,-0.9867274849416925,-0.2770495258166492,-0.7405163329820863,-1.2759185107130318,0.1898138391289077,0.5008078679311554,0.20515969891217092,-0.0,-0.0,0.0,16-18,Father-Son,3.3176923076923077,3.826923076923077,0.46153846153846156,0,1
F2491,9,C3,Central,60,0,Rural,2,Female,1,Male,44,16.0,3,2.73,3.55,2.66,3.38,2,4,3,3,2,3,2.83,1,2,2,1,2,1.6,4,3,4,3,3,3.4,2.6,3,2,1,2,3,3,2.33,2,2,2,2,3,2.2,2,2,2,3,3,2.4,2.46,3,3,4,4,3.5,-0.6377956789328766,-1.9655288434813643,0.46702727463972,-1.2362335636397368,-0.8853323472358098,-1.327925676434596,-0.13692552092829502,-0.8027878118267151,-0.199781044509319,-0.9036200294307144,-0.5994948197359252,-1.4485726188594863,-0.07802426223796968,-0.9170495258166493,-0.2405163329820863,-0.6159185107130316,-2.6101861608710926,0.5008078679311554,0.22056538911238158,-0.0,-0.0,0.0,16-18,Mother-Son,3.2008333333333336,3.5104166666666665,0.2916666666666667,1,0
F2495,4,E4,Eastern,26,0,Rural,2,Female,2,Female,50,17.6,1,2.27,4.8,3.85,3.5,3,4,4,3,4,3,3.5,3,3,4,3,4,3.4,4,4,4,4,3,3.8,3.34,4,4,4,4,3,4,3.83,4,5,5,4,5,4.6,3,2,3,3,3,2.8,3.48,4,5,5,4,4.5,0.05600244119559184,-0.610088388197615,0.8400463939830453,-0.2386725690154307,0.7753293102013137,0.7007490456380923,0.2742843504671218,0.3983599524394924,0.6308529587298652,-1.2716918843613245,1.4087058916313193,0.16364223720812796,0.1277198636572131,-0.17704952581664957,0.7594836670179137,0.05408148928696832,-0.8101861608710927,0.9008078679311553,-0.1344662231110118,-0.0,0.0,-0.0,16-18,Mother-Daughter,3.4605882352941175,3.7205882352941178,0.6470588235294118,0,0
F2497,13,W1,Western,88,0,Rural,1,Male,1,Male,43,18.9,3,4.26,3.73,3.09,2.48,3,4,2,3,4,4,3.33,3,3,4,4,4,3.6,2,1,1,2,2,1.6,2.67,4,4,6,5,4,5,4.67,4,3,3,3,4,3.4,2,2,1,2,3,2.0,3.39,6,6,6,6,6.0,-0.12003588779222847,-0.4594838931660871,-1.2115587624052442,-1.14186968576987,1.7052998383661027,-0.3135883153982518,-0.5481353923237118,0.2923763261807095,1.8768039635886415,0.3206189663167498,-0.31031391729904173,-0.8660075868350546,-1.621105206451839,-0.8470495258166495,2.2594836670179137,-0.11591851071303161,-0.6101861608710926,-1.2991921320688444,-1.9138945687379882,-0.0,0.0,-0.0,16-18,Father-Son,3.3708333333333336,3.8229166666666665,0.5833333333333334,0,1
F2498,6,E6,Eastern,42,0,Rural,2,Female,1,Male,49,18.7,1,3.42,3.18,3.09,3.67,4,4,3,4,4,4,3.83,3,4,2,3,3,3.0,4,3,3,3,4,3.4,3.6,4,3,3,4,4,2,3.33,4,3,4,3,4,3.6,4,3,3,3,3,3.2,3.24,5,5,5,5,5.0,0.3977239033484197,-0.9112973782606704,0.46702727463972,0.11182183450121774,0.2217754243889392,-0.14453208855886093,0.685494221862539,0.11573694908273797,1.0461699603494574,-0.3515122470347991,-1.193922230300629,-0.8660075868350546,0.4191907086753883,0.08295047418335066,1.2594836670179137,0.3840814892869684,-1.2101861608710927,0.5008078679311554,0.10447476740532127,0.0,0.0,0.0,16-18,Mother-Son,3.636060606060606,3.909090909090909,0.5757575757575758,0,0
F2504,5,E5,Eastern,29,0,Rural,2,Female,2,Female,54,24.2,2,3.36,3.32,2.76,2.84,5,4,4,4,4,4,4.17,3,3,4,3,3,3.2,3,3,3,3,4,3.2,3.39,3,3,3,2,2,3,2.67,3,3,2,3,2,2.6,3,1,2,2,2,2.0,2.54,3,3,3,3,3.0,0.7498005613240603,-0.7606928832291425,0.28051771496805755,-0.17126979910838264,-0.5089157048833953,-0.9898132227558145,-0.5481353923237118,-0.7085801440411301,-0.6150980461289112,-0.39952161941705266,-0.9690037506274981,-1.313092378853805,-1.0038728287662915,-0.1270495258166493,-0.7405163329820863,0.7240814892869682,-1.0101861608710925,0.30080786793115566,0.09408224896485805,-0.0,-0.0,0.0,23-25,Mother-Daughter,3.325,3.775,0.4,0,0
F2505,8,C2,Central,51,0,Rural,2,Female,2,Female,41,14.7,2,2.37,3.39,2.03,3.12,3,2,4,3,3,3,3.0,6,5,4,5,4,4.8,1,1,1,1,1,1.0,2.89,2,3,3,3,2,3,2.67,5,5,4,5,4,4.6,1,1,2,1,2,1.4,2.73,3,3,3,3,3.0,-0.46175734994505635,0.4441430770230789,-1.7710874414202322,-0.8452974981788599,-0.5089157048833953,0.7007490456380923,-1.1649501994168372,-0.484836933050366,-0.6150980461289112,-1.1916762637242353,-0.856544510790932,-2.3020981308952826,-0.5238032016775316,-0.6270495258166493,-0.7405163329820863,-0.4459185107130317,0.5898138391289072,-1.8991921320688445,0.4643404154559012,-0.0,-0.0,0.0,12-15,Mother-Daughter,3.409047619047619,3.5,0.42857142857142855,1,0
F2509,15,W3,Western,99,0,Rural,1,Male,2,Female,38,12.4,2,4.12,4.43,3.47,4.21,3,3,2,3,3,1,2.5,4,4,2,2,3,3.0,3,4,3,4,4,3.6,3.17,4,3,3,3,2,3,3.0,4,4,3,4,4,3.8,3,1,3,1,3,2.2,3.05,3,4,3,5,3.75,-0.9795171410857045,-0.9112973782606704,0.6535368343113829,-0.46784198669939286,-0.14357014024722803,0.02452413828052955,-0.3425304566260032,-0.10800626190802662,0.007877456300477073,0.2085970974248252,0.8142784810666147,-0.35118267481346305,1.3450392752037101,-0.3470495258166495,0.0094836670179137,-0.9459185107130317,-1.2101861608710927,0.7008078679311556,-0.003291302141569948,-0.0,0.0,-0.0,12-15,Father-Daughter,3.5144,3.74,0.44,0,1
F2510,10,C4,Central,64,0,Rural,1,Male,2,Female,46,15.6,3,2.81,4.24,3.48,4.23,3,5,3,2,3,4,3.33,3,3,2,2,2,2.4,2,2,2,1,2,1.8,2.86,3,3,4,4,4,4,3.67,3,3,4,4,3,3.4,2,3,2,2,2,2.2,3.21,4,4,3,3,3.5,-0.12003588779222847,-1.3631108633552536,-1.0250492027335814,-0.8857391601230888,0.5981920667413537,-0.3135883153982518,-0.3425304566260032,0.08040907366314334,-0.199781044509319,-0.839607532921043,0.5090319729387943,-0.3376346508128951,1.379329962852908,-0.6570495258166495,-0.2405163329820863,-0.11591851071303161,-1.8101861608710927,-1.0991921320688445,0.1580311425370392,-0.0,-0.0,0.0,12-15,Father-Daughter,3.780625,3.859375,0.8125,1,0
F2512,18,W6,Western,125,0,Rural,2,Female,1,Male,43,16.3,2,3.79,3.34,2.29,2.97,3,3,3,3,3,2,2.83,3,3,4,3,3,3.2,3,2,2,2,2,2.2,2.88,3,2,3,3,3,3,2.83,3,4,3,4,2,3.2,1,1,1,1,2,1.2,2.23,3,2,2,1,2.0,-0.6377956789328766,-0.7606928832291425,-0.6520300833902559,-0.8587780521602697,-0.33177846142343526,-0.4826445422376423,-1.3705551351145455,-1.0736348567102716,-1.4457320493680954,-0.05545445067756911,-0.9368725392456222,-1.9498495068805093,-0.7809833590465097,-0.6370495258166495,-1.7405163329820863,-0.6159185107130316,-1.0101861608710925,-0.6991921320688443,1.1087951046023719,-0.0,-0.0,0.0,16-18,Mother-Son,3.3248,3.98,0.4,0,1
F2514,5,E5,Eastern,34,0,Rural,2,Female,1,Male,46,17.4,2,3.5,3.13,2.93,2.16,3,5,3,4,5,3,3.83,5,3,3,5,4,4.0,2,2,2,2,1,1.8,3.64,4,4,3,4,4,3,3.67,4,4,4,4,3,3.8,1,1,1,1,1,1.0,2.83,4,6,4,5,4.75,0.3977239033484197,-0.15827490310303177,-1.0250492027335814,0.16574405042685597,0.5981920667413537,0.02452413828052955,-1.576160070812254,-0.3670773483183848,0.8385114595396613,-0.2874997505251277,-1.2742502587553193,-1.0827759708441451,-2.1697562088389923,0.1229504741833507,1.0094836670179137,0.3840814892869684,-0.21018616087109265,-1.0991921320688445,0.1241164955402002,0.0,0.0,0.0,16-18,Mother-Son,3.33125,3.453125,0.375,0,0
F2518,7,C1,Central,49,0,Rural,2,Female,1,Male,40,16.4,1,3.11,3.27,4.07,3.75,4,4,4,3,4,4,3.83,3,4,3,3,3,3.2,2,1,1,2,2,1.6,2.81,3,2,3,3,3,3,2.83,2,2,1,2,1,1.6,2,2,1,2,2,1.8,2.02,4,3,3,4,3.5,0.3977239033484197,-0.7606928832291425,-1.2115587624052442,-0.9531419300301364,-0.33177846142343526,-1.8350943569527682,-0.7537403280214202,-1.3209299846474318,-0.199781044509319,-0.5995606710097756,-1.0493317790821877,0.46169876522062836,0.5563534592721768,-0.7070495258166494,-0.2405163329820863,0.3840814892869684,-1.0101861608710925,-1.2991921320688444,0.17005695918614347,-0.0,-0.0,0.0,16-18,Mother-Son,3.39,3.4711538461538463,0.4230769230769231,1,0
F2519,3,E3,Eastern,19,0,Rural,1,Male,1,Male,48,22.0,2,3.99,4.25,3.44,3.17,2,1,1,2,2,1,1.5,6,5,5,5,7,5.6,1,3,2,2,2,2.0,2.9,1,2,1,1,3,2,1.67,3,5,4,4,4,4.0,1,2,2,2,2,1.8,2.52,4,4,2,3,3.25,-2.015036723367001,1.0465610571491897,-0.8385396430619187,-0.8318169441974507,-1.6160234765081443,0.1935803651199204,-0.7537403280214202,-0.7321320609875264,-0.4074395453191151,0.10457679059660938,0.5250975786297319,-0.39182674681516794,-0.4380764825545392,-0.6170495258166495,-0.4905163329820863,-1.9459185107130317,1.389813839128907,-0.8991921320688445,0.3026728706719181,-0.0,-0.0,0.0,19-22,Father-Son,3.5727272727272723,3.8295454545454546,0.5909090909090909,0,0
F2525,8,C2,Central,52,0,Rural,2,Female,2,Female,43,15.0,3,2.78,3.34,2.96,2.87,3,2,4,3,3,3,3.0,1,1,1,1,2,1.2,3,3,2,1,4,2.6,2.16,2,3,2,2,2,3,2.33,2,2,2,2,1,1.8,2,1,1,1,1,1.2,1.68,2,3,1,3,2.25,-0.46175734994505635,-2.2667378335444197,-0.27901096404693065,-1.8293779388217566,-0.8853323472358098,-1.6660381301133775,-1.3705551351145455,-1.7213125727361678,-1.2380735485582992,-0.8636122191121699,-0.9368725392456222,-1.0421318988424408,-0.9524367972924954,-1.3570495258166493,-1.4905163329820863,-0.4459185107130317,-3.0101861608710925,-0.29919213206884443,2.0227044828953114,-0.0,-0.0,0.0,12-15,Mother-Daughter,3.4015,3.575,0.5,1,0
F2526,14,W2,Western,95,0,Rural,2,Female,1,Male,37,12.1,3,3.54,4.22,3.12,4.17,3,3,3,3,4,4,3.33,4,4,4,4,3,3.8,1,1,1,2,1,1.2,2.75,3,2,4,3,3,2,2.83,3,3,3,3,4,3.2,2,1,1,1,2,1.4,2.27,3,2,3,2,2.5,-0.12003588779222847,-0.3088793981345596,-1.5845778817485696,-1.0340252539185937,-0.33177846142343526,-0.4826445422376423,-1.1649501994168372,-1.026531022817479,-1.0304150477485032,-0.25549350227029205,0.47690076155691774,-0.8253635148333497,1.2764578999053158,-0.7670495258166494,-1.2405163329820863,-0.11591851071303161,-0.41018616087109283,-1.6991921320688446,0.9515374649817181,-0.0,-0.0,0.0,12-15,Mother-Son,3.0213636363636365,3.159090909090909,0.45454545454545453,0,1
F2527,1,E1,Eastern,1,0,Rural,1,Male,1,Male,45,17.3,2,5.08,2.48,2.61,2.17,4,2,4,3,2,3,3.0,2,3,2,2,2,2.2,1,1,1,1,1,1.0,2.18,4,3,3,3,3,3,3.17,4,4,3,4,3,3.6,2,2,2,1,2,1.8,2.83,3,3,4,4,3.5,-0.46175734994505635,-1.513715358386781,-1.7710874414202322,-1.8024168308589374,0.04463818092897921,-0.14453208855886093,-0.7537403280214202,-0.3670773483183848,-0.199781044509319,0.9767470555408813,-2.318514628666286,-1.5163127388623276,-2.152610865014394,-1.3370495258166493,-0.2405163329820863,-0.4459185107130317,-2.0101861608710925,-1.8991921320688445,0.3215822489648578,-0.0,-0.0,0.0,16-18,Father-Son,3.475909090909091,3.6363636363636362,0.4090909090909091,0,0
F2528,10,C4,Central,70,0,Rural,2,Female,1,Male,45,13.7,3,2.91,3.76,4.15,2.89,4,5,4,5,4,2,4.0,3,4,3,4,3,3.4,2,2,3,3,3,2.6,3.34,3,1,3,4,2,2,2.5,3,2,2,3,2,2.4,1,1,1,1,1,1.0,1.81,2,1,2,1,1.5,0.57376223233624,-0.610088388197615,-0.27901096404693065,-0.2386725690154307,-0.6971240260596026,-1.1588694495952054,-1.576160070812254,-1.5682251125845923,-1.8610490509876876,-0.7595919122839537,-0.2621171002262282,0.570082957225174,-0.9181461096432982,-0.17704952581664957,-2.2405163329820863,0.5540814892869683,-0.8101861608710927,-0.29919213206884443,0.3966823543389369,-0.0,-0.0,0.0,12-15,Mother-Son,3.5570833333333334,3.75,0.5416666666666666,1,0
F2530,11,C5,Central,73,0,Rural,1,Male,2,Female,43,14.2,2,2.65,3.04,3.51,3.37,3,3,5,4,4,4,3.83,3,2,2,3,2,2.4,1,3,1,1,1,1.4,2.69,3,3,4,4,4,4,3.67,2,2,2,1,2,1.8,1,2,1,1,2,1.4,2.18,4,3,3,4,3.5,0.3977239033484197,-1.3631108633552536,-1.398068322076907,-1.114908577807051,0.5981920667413537,-1.6660381301133775,-1.1649501994168372,-1.1325146490762619,-0.199781044509319,-0.9676325259403857,-1.4188407099737605,-0.29699057881119084,-0.09516960606256787,-0.8270495258166495,-0.2405163329820863,0.3840814892869684,-1.8101861608710927,-1.4991921320688446,0.19891891914399384,-0.0,-0.0,0.0,12-15,Father-Daughter,3.2838461538461536,3.8365384615384617,0.5384615384615384,1,0
F2533,6,E6,Eastern,38,0,Rural,2,Female,1,Male,38,12.5,2,2.18,3.36,3.5,2.51,3,3,5,4,4,3,3.67,4,4,5,4,4,4.2,3,4,3,2,3,3.0,3.73,2,2,2,3,2,1,2.0,1,1,1,2,1,1.2,2,2,2,2,3,2.2,1.95,1,3,2,2,2.0,0.23204077018341215,-0.0076704080715039435,0.09400815529639468,0.28706903625954167,-1.250677911871977,-2.1732068106315494,-0.3425304566260032,-1.4033616939598188,-1.4457320493680954,-1.3437059429347047,-0.9047413278637463,-0.3105386028117587,-1.5696691749780438,0.21295047418335056,-1.7405163329820863,0.22408148928696825,-0.010186160871092476,0.10080786793115548,-0.37064377843240176,0.0,-0.0,-0.0,12-15,Mother-Son,3.5205263157894735,3.8026315789473686,0.42105263157894735,0,0
F2534,14,W2,Western,93,0,Rural,1,Male,1,Male,45,17.3,2,2.67,3.89,2.72,2.47,3,2,3,3,2,3,2.67,4,3,3,3,4,3.4,2,2,3,2,4,2.6,2.7,2,1,2,3,2,2,2.0,3,3,3,3,3,3.0,1,1,1,2,1,1.2,2.12,3,4,4,4,3.75,-0.8034788120978842,-0.610088388197615,-0.27901096404693065,-1.101428023825641,-1.250677911871977,-0.6517007690770332,-1.3705551351145455,-1.2031703999154506,0.007877456300477073,-0.951629401812968,-0.053264226244034214,-1.367284474856077,-1.6382505502764373,-0.8170495258166492,0.0094836670179137,-0.7759185107130318,-0.8101861608710927,-0.29919213206884443,-0.007748625639989384,-0.0,0.0,-0.0,16-18,Father-Son,3.3927272727272726,3.772727272727273,0.4090909090909091,0,1
F2536,5,E5,Eastern,34,0,Rural,2,Female,2,Female,50,19.7,3,1.44,3.13,2.93,2.16,3,3,4,3,3,4,3.33,4,4,4,4,4,4.0,4,4,4,4,4,4.0,3.76,4,4,4,2,4,3,3.5,3,3,4,3,4,3.4,3,4,3,3,3,3.2,3.46,4,3,4,4,3.75,-0.12003588779222847,-0.15827490310303177,1.0265559536547082,0.32751069820377005,0.40998374556514644,-0.3135883153982518,0.685494221862539,0.37480803549309616,0.007877456300477073,-1.9358215356491648,-1.2742502587553193,-1.0827759708441451,-2.1697562088389923,0.24295047418335036,0.0094836670179137,-0.11591851071303161,-0.21018616087109265,1.1008078679311555,0.0023040613989991337,0.0,0.0,0.0,19-22,Mother-Daughter,3.33125,3.453125,0.375,0,0
F2537,14,W2,Western,93,0,Rural,2,Female,1,Male,41,13.8,4,2.39,3.89,2.72,2.47,3,3,4,3,3,3,3.17,3,3,3,3,3,3.0,1,1,1,1,1,1.0,2.61,3,4,3,3,3,2,3.0,5,5,5,4,4,4.6,3,2,3,3,3,2.8,3.38,4,5,6,4,4.75,-0.285719020957236,-0.9112973782606704,-1.7710874414202322,-1.2227530096583274,-0.14357014024722803,0.7007490456380923,0.2742843504671218,0.2806003677075112,0.8385114595396613,-1.1756731395968174,-0.053264226244034214,-1.367284474856077,-1.6382505502764373,-0.9070495258166495,1.0094836670179137,-0.27591851071303175,-1.2101861608710927,-1.8991921320688445,-0.9156516814882512,-0.0,0.0,-0.0,12-15,Mother-Son,3.3927272727272726,3.772727272727273,0.4090909090909091,0,1
F2545,15,W3,Western,103,0,Rural,2,Female,1,Male,38,12.9,5,2.88,4.29,3.35,3.23,2,3,2,2,2,3,2.33,5,4,4,4,5,4.4,2,3,2,2,3,2.4,3.17,2,2,3,3,2,2,2.33,3,2,2,2,3,2.4,2,3,2,1,1,1.8,2.12,2,1,2,2,1.75,-1.1555554700735249,0.1429340869600239,-0.4655205237185935,-0.46784198669939286,-0.8853323472358098,-1.1588694495952054,-0.7537403280214202,-1.2031703999154506,-1.6533905501778914,-0.7835965984750807,0.5893600013934839,-0.5137589628202814,-0.3352044196069478,-0.3470495258166495,-1.9905163329820863,-1.1159185107130316,0.1898138391289077,-0.4991921320688446,0.6908077494917291,-0.0,-0.0,0.0,12-15,Mother-Son,3.6488888888888886,3.537037037037037,0.6666666666666666,0,1
F2550,14,W2,Western,98,0,Rural,1,Male,1,Male,48,20.9,3,5.48,3.58,3.19,3.23,2,2,3,1,2,1,1.83,5,4,4,5,4,4.4,3,2,2,3,2,2.4,2.96,1,2,3,2,1,3,2.0,4,4,4,4,4,4.0,2,4,4,3,4,3.4,3.16,6,6,5,6,5.75,-1.673315261214173,0.1429340869600239,-0.4655205237185935,-0.7509336203089932,-1.250677911871977,0.1935803651199204,0.8910991575602472,0.02152928129715299,1.6691454627788456,1.2968095380892382,-0.5512980026631109,-0.7305273468293726,-0.3352044196069478,-0.5570495258166495,2.0094836670179137,-1.6159185107130316,0.1898138391289077,-0.4991921320688446,-1.1193819238486307,-0.0,0.0,-0.0,19-22,Father-Son,3.403461538461538,3.8173076923076925,0.46153846153846156,0,1
F2551,13,W1,Western,91,0,Rural,1,Male,1,Male,43,15.2,3,4.6,2.71,3.17,3.01,4,4,5,4,3,4,4.0,3,2,2,2,3,2.4,3,2,3,3,3,2.8,3.19,2,3,4,4,3,3,3.17,1,2,1,2,2,1.6,3,2,2,2,3,2.4,2.31,2,3,4,3,3.0,0.57376223233624,-1.3631108633552536,-0.09250140437526819,-0.4408808787365738,0.04463818092897921,-1.8350943569527682,-0.13692552092829502,-0.9794271889246866,-0.6150980461289112,0.5926720764828529,-1.9490056977747132,-0.757623394830509,-0.7124019837481163,-0.3270495258166495,-0.7405163329820863,0.5540814892869683,-1.8101861608710927,-0.0991921320688447,0.24218551556127543,-0.0,-0.0,0.0,12-15,Father-Son,3.4524,3.26,0.64,0,1
F2563,6,E6,Eastern,40,0,Rural,1,Male,1,Male,51,19.0,4,4.7,3.83,3.11,3.21,2,3,3,2,2,3,2.5,4,4,4,4,3,3.8,2,1,1,1,1,1.2,2.34,3,2,3,3,2,3,2.67,2,3,3,3,3,2.8,1,1,3,2,1,1.6,2.28,4,4,4,4,4.0,-0.9795171410857045,-0.3088793981345596,-1.5845778817485696,-1.5867279671563852,-0.5089157048833953,-0.820756995916424,-0.9593452637191285,-1.0147550643442813,0.21553595711027312,0.6726876971199425,-0.14965786038966203,-0.8389115388339182,-0.36949510725614493,-1.1770495258166496,0.2594836670179137,-0.9459185107130317,-0.41018616087109283,-1.6991921320688446,-0.3054251272206007,-0.0,0.0,-0.0,19-22,Father-Son,3.296190476190476,3.5714285714285716,0.3333333333333333,0,0
F2565,12,C6,Central,84,0,Rural,2,Female,1,Male,48,18.8,3,4.21,3.46,2.93,3.01,4,3,3,4,4,3,3.5,4,3,1,3,1,2.4,3,2,1,1,2,1.8,2.43,2,3,1,2,3,2,2.17,2,3,3,2,2,2.4,2,2,2,2,2,2.0,2.15,4,5,4,5,4.5,0.05600244119559184,-1.3631108633552536,-1.0250492027335814,-1.4654029813236988,-1.0624695906957697,-1.1588694495952054,-0.5481353923237118,-1.1678425244958566,0.6308529587298652,0.28061115599820535,-0.7440852709543665,-1.0827759708441451,-0.7124019837481163,-1.0870495258166493,0.7594836670179137,0.05408148928696832,-1.8101861608710927,-1.0991921320688445,-0.8255963600973131,-0.0,0.0,-0.0,16-18,Mother-Son,3.320909090909091,3.897727272727273,0.45454545454545453,1,0
F2568,14,W2,Western,92,0,Rural,2,Female,1,Male,44,15.1,1,2.35,4.35,3.7,3.77,4,5,4,4,4,5,4.33,3,3,4,4,3,3.4,3,3,2,3,3,2.8,3.6,3,3,3,2,3,3,2.83,1,2,2,2,1,1.6,2,1,2,1,2,1.6,1.87,2,2,2,2,2.0,0.9154836944890679,-0.610088388197615,-0.09250140437526819,0.11182183450121774,-0.33177846142343526,-1.8350943569527682,-0.9593452637191285,-1.4975693617454036,-1.4457320493680954,-1.2076793878516532,0.685753635539111,-0.03957812280039473,0.590644146921374,0.08295047418335066,-1.7405163329820863,0.8840814892869684,-0.8101861608710927,-0.0991921320688447,-0.14437665514473072,0.0,-0.0,-0.0,12-15,Mother-Son,3.7422222222222223,3.8055555555555554,0.5555555555555556,0,1
F2570,6,E6,Eastern,42,0,Rural,1,Male,2,Female,41,18.4,3,5.22,3.18,3.09,3.67,2,3,2,2,2,3,2.33,6,7,7,7,7,6.8,2,2,3,2,3,2.4,3.75,2,2,1,2,2,2,1.83,2,3,3,2,3,2.6,1,1,1,1,3,1.4,1.77,1,1,2,1,1.25,-1.1555554700735249,1.950188027338356,-0.4655205237185935,0.3140301442223608,-1.4388862330481842,-0.9898132227558145,-1.1649501994168372,-1.6153289464773848,-2.0687075517974836,1.0887689244328058,-1.193922230300629,-0.8660075868350546,0.4191907086753883,0.23295047418335058,-2.4905163329820863,-1.1159185107130316,2.589813839128907,-0.4991921320688446,-0.5801669607295564,0.0,-0.0,-0.0,16-18,Father-Daughter,3.636060606060606,3.909090909090909,0.5757575757575758,0,0
F2571,10,C4,Central,66,0,Rural,2,Female,1,Male,44,14.7,4,1.84,4.29,4.3,3.24,5,2,3,3,4,4,3.5,4,4,4,5,6,4.6,2,2,2,2,2,2.0,3.06,2,2,2,2,3,2,2.17,3,4,4,4,4,3.8,2,3,2,2,2,2.2,2.7,4,4,4,4,4.0,0.05600244119559184,0.2935385819915511,-0.8385396430619187,-0.6161280804948978,-1.0624695906957697,0.02452413828052955,-0.3425304566260032,-0.5201648084699602,0.21553595711027312,-1.6157590531008081,0.5893600013934839,0.773303317233696,-0.3180590757823488,-0.45704952581664937,0.2594836670179137,0.05408148928696832,0.389813839128907,-0.8991921320688445,-0.11859688696770279,-0.0,0.0,-0.0,12-15,Mother-Son,3.546666666666667,3.425925925925926,0.4444444444444444,1,0
F2573,4,E4,Eastern,27,0,Rural,1,Male,1,Male,40,16.0,2,4.11,3.06,2.86,2.82,1,3,1,1,2,2,1.67,5,4,6,4,4,4.6,5,4,4,6,5,4.8,3.57,2,3,3,2,3,2,2.5,6,5,5,5,5,5.2,2,2,2,2,3,2.2,3.02,5,5,4,6,5.0,-1.8389983943791806,0.2935385819915511,1.7725941923413588,0.07138017255698878,-0.6971240260596026,1.2079177261562648,-0.3425304566260032,-0.1433341373276207,1.0461699603494574,0.20059553536111646,-1.3867094985918846,-1.1776121388481229,-1.0381635164154885,0.052950474183350416,1.2594836670179137,-1.7759185107130318,0.389813839128907,1.9008078679311553,0.06669025739478356,0.0,0.0,0.0,16-18,Father-Son,3.616842105263158,4.0,0.631578947368421,0,0
F2574,10,C4,Central,68,0,Rural,1,Male,2,Female,43,16.9,2,4.62,3.38,2.99,4.1,3,3,3,3,4,4,3.33,5,6,6,5,6,5.6,1,2,2,1,1,1.4,3.34,3,3,2,2,3,2,2.5,4,5,5,5,5,4.8,3,3,3,1,2,2.4,3.11,4,4,3,3,3.5,-0.12003588779222847,1.0465610571491897,-1.398068322076907,-0.2386725690154307,-0.6971240260596026,0.8698052724774832,-0.13692552092829502,-0.03735051106883788,-0.199781044509319,0.608675200610271,-0.8726101164818703,-1.001487826840736,1.1564404931331256,-0.17704952581664957,-0.2405163329820863,-0.11591851071303161,1.389813839128907,-1.4991921320688446,0.042583302705637774,-0.0,-0.0,0.0,16-18,Father-Daughter,3.5727999999999995,4.04,0.56,1,0
F2575,10,C4,Central,66,0,Rural,2,Female,2,Female,54,24.3,3,5.21,4.29,4.3,3.24,3,2,2,3,3,2,2.5,2,1,1,2,1,1.4,3,2,3,3,3,2.8,2.15,4,4,3,3,2,3,3.17,3,2,3,3,2,2.6,1,3,2,3,2,2.2,2.46,1,2,2,2,1.75,-0.9795171410857045,-2.116133338512892,-0.09250140437526819,-1.8428584928031664,0.04463818092897921,-0.9898132227558145,-0.3425304566260032,-0.8027878118267151,-1.6533905501778914,1.080767362369097,0.5893600013934839,0.773303317233696,-0.3180590757823488,-1.3670495258166495,-1.9905163329820863,-0.9459185107130317,-2.8101861608710927,-0.0991921320688447,2.721134409133457,-0.0,-0.0,0.0,23-25,Mother-Daughter,3.546666666666667,3.425925925925926,0.4444444444444444,1,0
F2576,16,W4,Western,112,0,Rural,2,Female,1,Male,43,15.7,3,3.17,3.61,3.08,3.45,1,2,1,1,1,1,1.17,5,4,5,4,5,4.6,5,4,4,4,4,4.2,3.53,2,2,2,2,1,3,2.0,4,5,4,4,4,4.2,2,4,4,3,3,3.2,3.29,5,3,4,5,4.25,-2.3567581855198285,0.2935385819915511,1.213065513326371,0.01745795663135055,-1.250677911871977,0.3626365919593113,0.685494221862539,0.17461674144872832,0.4231944579200692,-0.5515512986275221,-0.5031011855902974,-0.8795556108356225,0.04199314453422065,0.01295047418335038,0.5094836670179137,-2.2759185107130318,0.389813839128907,1.3008078679311557,0.006598055076554173,0.0,0.0,0.0,12-15,Mother-Son,3.465,3.9166666666666665,0.3333333333333333,0,1
F2578,17,W5,Western,115,0,Rural,1,Male,2,Female,40,14.6,3,2.79,3.3,3.31,3.44,3,4,3,3,3,4,3.33,4,4,4,4,4,4.0,3,1,2,3,3,2.4,3.02,3,2,2,2,3,2,2.33,3,3,3,3,1,2.6,2,1,2,1,2,1.6,2.31,2,3,3,3,2.75,-0.12003588779222847,-0.15827490310303177,-0.4655205237185935,-0.6700502964205359,-0.8853323472358098,-0.9898132227558145,-0.9593452637191285,-0.9794271889246866,-0.8227565469387071,-0.8556106570484608,-1.0011349620093741,-0.5679510588225543,0.024847800709621705,-0.4970495258166494,-0.9905163329820863,-0.11591851071303161,-0.21018616087109265,-0.4991921320688446,0.4923356736223924,-0.0,-0.0,0.0,12-15,Father-Daughter,3.5508333333333333,3.8125,0.6666666666666666,0,1
F2579,7,C1,Central,49,0,Rural,2,Female,2,Female,54,20.7,4,5.63,3.27,4.07,3.75,3,3,4,4,3,3,3.33,5,7,6,7,6,6.2,1,1,2,1,1,1.2,3.54,3,3,3,3,3,3,3.0,4,3,4,3,4,3.6,2,2,1,2,2,1.8,2.9,4,3,4,2,3.25,-0.12003588779222847,1.498374542243773,-1.5845778817485696,0.030938510612760404,-0.14357014024722803,-0.14453208855886093,-0.7537403280214202,-0.2846456390059982,-0.4074395453191151,1.4168329690448715,-1.0493317790821877,0.46169876522062836,0.5563534592721768,0.02295047418335061,-0.4905163329820863,-0.11591851071303161,1.9898138391289075,-1.6991921320688446,-0.011257582436617184,0.0,-0.0,-0.0,19-22,Mother-Daughter,3.39,3.4711538461538463,0.4230769230769231,1,0
F2580,12,C6,Central,84,0,Rural,2,Female,2,Female,38,14.4,4,4.84,3.46,2.93,3.01,3,3,3,3,2,3,2.83,2,2,2,1,2,1.8,2,2,1,1,1,1.4,1.99,3,2,3,3,2,2,2.5,3,2,2,3,2,2.4,3,2,4,3,3,3.0,2.56,4,4,2,3,3.25,-0.6377956789328766,-1.8149243484498367,-1.398068322076907,-2.058547356505719,-0.6971240260596026,-1.1588694495952054,0.4798892861648304,-0.6850282270947339,-0.4074395453191151,0.784709566011867,-0.7440852709543665,-1.0827759708441451,-0.7124019837481163,-1.5270495258166494,-0.4905163329820863,-0.6159185107130316,-2.410186160871093,-1.4991921320688446,0.7490427336856166,-0.0,-0.0,0.0,12-15,Mother-Daughter,3.320909090909091,3.897727272727273,0.45454545454545453,1,0
F2583,6,E6,Eastern,37,0,Rural,2,Female,1,Male,43,18.0,3,5.46,3.39,3.05,2.85,4,4,4,4,3,4,3.83,3,3,4,4,3,3.4,4,5,4,4,4,4.2,3.78,3,3,2,3,3,2,2.67,2,2,3,3,2,2.4,1,1,1,2,1,1.2,2.31,2,2,3,3,2.5,0.3977239033484197,-0.610088388197615,1.213065513326371,0.3544718061665892,-0.5089157048833953,-1.1588694495952054,-1.3705551351145455,-0.9794271889246866,-1.0304150477485032,1.28080641396182,-0.856544510790932,-0.9201996828373274,-0.9867274849416925,0.2629504741833504,-1.2405163329820863,0.3840814892869684,-0.8101861608710927,1.3008078679311557,-0.32619435798983054,0.0,-0.0,-0.0,16-18,Mother-Son,3.7880000000000003,3.86,0.6,0,0
F2585,16,W4,Western,109,0,Rural,2,Female,1,Male,43,17.2,4,2.21,3.72,3.19,3.1,3,3,3,3,2,3,2.83,3,3,3,4,4,3.4,3,3,3,2,4,3.0,3.11,2,1,3,2,2,2,2.0,3,3,4,3,3,3.2,1,2,1,2,1,1.4,2.37,3,3,3,3,3.0,-0.6377956789328766,-0.610088388197615,0.09400815529639468,-0.5487253105878502,-1.250677911871977,-0.4826445422376423,-1.1649501994168372,-0.9087714380854979,-0.6150980461289112,-1.319701256743578,-0.32637952298997935,-0.7305273468293726,-0.5580938893267288,-0.40704952581664955,-0.7405163329820863,-0.6159185107130316,-0.8101861608710927,0.10080786793115548,0.3014268221998424,-0.0,-0.0,0.0,16-18,Mother-Son,3.7354999999999996,3.8625,0.55,0,1
F2588,10,C4,Central,67,0,Rural,1,Male,2,Female,49,16.9,2,5.42,2.47,3.79,2.77,4,3,3,3,5,2,3.33,5,5,4,5,5,4.8,1,1,2,1,1,1.2,3.18,3,3,4,2,2,1,2.5,3,3,1,2,2,2.2,2,1,2,1,1,1.4,2.1,4,3,3,3,3.25,-0.12003588779222847,0.4441430770230789,-1.5845778817485696,-0.454361432717983,-0.6971240260596026,-1.327925676434596,-1.1649501994168372,-1.2267223168618469,-0.4074395453191151,1.2488001657069843,-2.3345802343572237,0.08235409320471876,-1.123890235538481,-0.33704952581664926,-0.4905163329820863,-0.11591851071303161,0.5898138391289072,-1.6991921320688446,0.16532829743693384,-0.0,-0.0,0.0,16-18,Father-Daughter,3.5427999999999997,3.84,0.72,1,0
F2589,18,W6,Western,122,0,Rural,1,Male,2,Female,43,16.4,2,4.1,3.71,3.85,3.1,4,4,5,3,5,4,4.17,4,4,4,4,3,3.8,4,3,4,4,4,3.8,3.78,3,4,3,5,3,3,3.5,3,4,3,3,3,3.2,4,3,3,3,4,3.4,3.51,4,4,5,4,4.25,0.7498005613240603,-0.3088793981345596,0.8400463939830453,0.3544718061665892,0.40998374556514644,-0.4826445422376423,0.8910991575602472,0.4336878278590865,0.4231944579200692,0.19259397329740702,-0.34244512868091764,0.16364223720812796,-0.5580938893267288,0.2629504741833504,0.5094836670179137,0.7240814892869682,-0.41018616087109283,0.9008078679311553,0.1339689718310326,0.0,0.0,0.0,16-18,Father-Daughter,3.7910526315789475,4.631578947368421,0.6842105263157895,0,1
F2590,7,C1,Central,44,0,Rural,2,Female,2,Female,46,17.7,2,4.2,3.06,3.55,3.41,3,3,2,3,3,3,2.83,6,5,6,6,6,5.8,2,3,2,1,3,2.2,3.4,4,3,2,2,3,2,2.67,5,4,6,6,5,5.2,2,1,2,2,1,1.6,3.05,4,3,3,4,3.5,-0.6377956789328766,1.1971655521807174,-0.6520300833902559,-0.1577892451269734,-0.5089157048833953,1.2079177261562648,-0.9593452637191285,-0.10800626190802662,-0.199781044509319,0.27260959393449663,-1.3867094985918846,-0.24279848280891803,-0.02658823076417361,-0.11704952581664951,-0.2405163329820863,-0.6159185107130316,1.5898138391289072,-0.6991921320688443,0.028152322726712583,-0.0,-0.0,0.0,16-18,Mother-Daughter,3.2842105263157895,3.8552631578947367,0.5263157894736842,1,0
F2591,18,W6,Western,124,0,Rural,2,Female,2,Female,42,16.2,3,3.03,4.32,2.48,3.18,4,4,4,3,5,3,3.83,5,3,4,3,3,3.6,3,4,3,4,4,3.6,3.53,3,3,2,3,4,4,3.17,3,2,2,4,3,2.8,2,2,1,1,1,1.4,2.57,2,3,2,2,2.25,0.3977239033484197,-0.4594838931660871,0.6535368343113829,0.01745795663135055,0.04463818092897921,-0.820756995916424,-1.1649501994168372,-0.673252268621536,-1.2380735485582992,-0.663573167519447,0.6375568184662981,-1.692437050869714,-0.42093113872994026,0.01295047418335038,-1.4905163329820863,0.3840814892869684,-0.6101861608710926,0.7008078679311556,-0.01930289329014659,0.0,-0.0,-0.0,16-18,Mother-Daughter,3.6216666666666666,3.513888888888889,0.5,0,1
F2597,1,E1,Eastern,7,0,Rural,2,Female,1,Male,38,12.3,3,2.21,3.56,4.48,3.65,3,3,3,2,3,2,2.67,2,2,3,4,3,2.8,5,5,5,3,4,4.4,3.14,3,3,3,4,4,3,3.33,4,4,3,3,3,3.4,4,5,4,3,3,3.8,3.63,4,6,4,4,4.5,-0.8034788120978842,-1.061901873292198,1.3995750729980339,-0.5082836486436213,0.2217754243889392,-0.3135883153982518,1.302309028955664,0.5749993295374639,0.6308529587298652,-1.319701256743578,-0.5834292140449868,1.0171677492439242,0.3849000210261912,-0.3770495258166493,0.7594836670179137,-0.7759185107130318,-1.4101861608710928,1.5008078679311558,-0.2863629565145943,-0.0,0.0,-0.0,12-15,Mother-Son,3.5557575757575757,3.537878787878788,0.5757575757575758,0,0
F2599,7,C1,Central,46,0,Rural,2,Female,2,Female,41,13.1,2,4.65,3.01,2.63,2.93,4,3,3,2,3,2,2.83,4,6,5,5,5,5.0,2,1,1,2,3,1.8,3.28,3,2,4,3,2,2,2.67,2,5,4,4,4,3.8,1,1,1,1,2,1.2,2.44,2,2,2,1,1.75,-0.6377956789328766,0.5947475720546067,-1.0250492027335814,-0.3195558929038881,-0.5089157048833953,0.02452413828052955,-1.3705551351145455,-0.8263397287731113,-1.6533905501778914,0.632679886801398,-1.4670375270465748,-1.4892166908611912,-0.849564734344904,-0.23704952581664962,-1.9905163329820863,-0.6159185107130316,0.7898138391289073,-1.0991921320688445,0.4718509528636998,-0.0,-0.0,0.0,12-15,Mother-Daughter,3.492,3.51,0.44,1,0
F2600,16,W4,Western,110,0,Rural,2,Female,2,Female,53,20.7,2,5.71,3.88,3.51,2.65,3,2,3,3,3,2,2.67,5,5,4,4,5,4.6,2,3,3,2,2,2.4,3.05,3,3,3,3,3,3,3.0,4,4,3,4,4,3.8,3,3,2,2,2,2.4,3.06,4,4,3,5,4.0,-0.8034788120978842,0.2935385819915511,-0.4655205237185935,-0.6296086344763075,-0.14357014024722803,0.02452413828052955,-0.13692552092829502,-0.09623030343482823,0.21553595711027312,1.4808454655545429,-0.06932983193497254,-0.29699057881119084,-1.3296343614336639,-0.4670495258166496,0.2594836670179137,-0.7759185107130318,0.389813839128907,-0.4991921320688446,-0.121191723637882,-0.0,0.0,-0.0,19-22,Mother-Daughter,3.667333333333333,3.941666666666667,0.5333333333333333,0,1
F2602,14,W2,Western,95,0,Rural,2,Female,2,Female,40,13.2,1,5.28,4.22,3.12,4.17,2,2,2,2,2,3,2.17,3,3,3,3,3,3.0,1,1,1,2,2,1.4,2.39,3,2,3,4,3,2,2.83,4,2,4,3,3,3.2,2,2,2,1,3,2.0,2.67,4,4,5,5,4.5,-1.3212386032385324,-0.9112973782606704,-1.398068322076907,-1.5193251972493371,-0.33177846142343526,-0.4826445422376423,-0.5481353923237118,-0.5554926838895548,0.6308529587298652,1.1367782968150597,0.47690076155691774,-0.8253635148333497,1.2764578999053158,-1.1270495258166493,0.7594836670179137,-1.2759185107130318,-1.2101861608710927,-1.4991921320688446,-0.8559757067780296,-0.0,0.0,-0.0,12-15,Mother-Daughter,3.0213636363636365,3.159090909090909,0.45454545454545453,0,1
F2604,13,W1,Western,89,0,Rural,1,Male,2,Female,58,26.0,2,3.29,3.01,3.49,2.63,3,4,2,3,3,3,3.0,2,3,2,2,3,2.4,2,1,1,1,1,1.2,2.4,1,1,1,2,2,1,1.33,2,1,1,2,3,1.8,3,2,3,2,2,2.4,2.44,5,3,4,5,4.25,-0.46175734994505635,-1.3631108633552536,-1.5845778817485696,-1.5058446432679278,-1.9924401188605587,-1.6660381301133775,-0.13692552092829502,-0.8263397287731113,0.4231944579200692,-0.45553255386301494,-1.4670375270465748,-0.32408662681232664,-1.363925049082861,-1.1170495258166495,0.5094836670179137,-0.4459185107130317,-1.8101861608710927,-1.6991921320688446,-0.5691184886536883,-0.0,0.0,-0.0,23-25,Father-Daughter,3.5733333333333337,3.8425925925925926,0.6296296296296297,0,1
F2605,7,C1,Central,43,0,Rural,2,Female,2,Female,50,12.7,1,4.73,3.86,3.81,2.49,4,3,5,3,3,4,3.67,5,6,5,5,4,5.0,1,2,1,3,1,1.6,3.61,3,3,3,2,3,3,2.83,4,4,4,5,3,4.0,3,3,2,1,3,2.4,3.17,2,3,3,3,2.75,0.23204077018341215,0.5947475720546067,-1.2115587624052442,0.125302388482627,-0.33177846142343526,0.1935803651199204,-0.13692552092829502,0.03330523977035085,-0.8227565469387071,0.6966923833110694,-0.10146104331684848,0.10945014120585517,-1.6039598626272402,0.09295047418335045,-0.9905163329820863,0.22408148928696825,0.7898138391289073,-1.2991921320688444,-0.09206896283703837,0.0,-0.0,-0.0,12-15,Mother-Daughter,3.569130434782609,3.510869565217391,0.43478260869565216,1,0
F2606,9,C3,Central,61,0,Rural,1,Male,1,Male,48,20.3,4,2.71,3.55,2.98,3.67,3,3,2,3,2,2,2.5,6,6,6,6,5,5.8,3,4,4,5,4,4.0,4.04,3,3,3,3,4,3,3.17,5,5,5,6,6,5.4,3,3,3,3,3,3.0,3.45,4,6,5,4,4.75,-0.9795171410857045,1.1971655521807174,1.0265559536547082,0.7049662096832376,0.04463818092897921,1.3769739529956557,0.4798892861648304,0.36303207701989826,0.8385114595396613,-0.9196231535581322,-0.5994948197359252,-1.0150358508413044,0.4191907086753883,0.5229504741833506,1.0094836670179137,-0.9459185107130317,1.5898138391289072,1.1008078679311555,0.5279099623473655,0.0,0.0,0.0,19-22,Father-Son,3.3058333333333336,3.7083333333333335,0.375,1,0
F2609,8,C2,Central,56,0,Rural,1,Male,1,Male,45,16.5,4,1.0,3.71,3.28,4.03,4,6,5,4,5,4,4.67,3,2,3,3,2,2.6,5,5,4,5,4,4.6,4.07,4,4,4,4,4,3,3.83,3,4,4,3,4,3.6,5,4,4,4,4,4.2,3.62,5,5,5,5,5.0,1.2675603524647086,-1.2125063683237256,1.5860846326696958,0.7454078716274666,0.7753293102013137,-0.14453208855886093,1.7135189003510811,0.5632233710642661,1.0461699603494574,-2.287890266452357,-0.34244512868091764,-0.6085951308242591,1.0364230863609367,0.5529504741833509,1.2594836670179137,1.2240814892869682,-1.6101861608710926,1.7008078679311551,0.6964320909037409,0.0,0.0,0.0,16-18,Father-Son,3.631,4.083333333333333,0.4666666666666667,1,0
F2611,12,C6,Central,78,0,Rural,2,Female,1,Male,53,22.7,3,3.26,3.85,3.99,3.22,2,2,3,3,2,2,2.33,3,3,2,3,2,2.6,3,4,4,4,3,3.6,2.99,2,1,2,1,2,2,1.67,2,1,2,2,3,2.0,3,2,2,2,2,2.2,2.19,4,3,3,4,3.5,-1.1555554700735249,-1.2125063683237256,0.6535368343113829,-0.7104919583647643,-1.6160234765081443,-1.4969819032739868,-0.3425304566260032,-1.120738690603064,-0.199781044509319,-0.47953724005414194,-0.11752664900778609,0.35331457321608273,-0.352349763431546,-0.5270495258166492,-0.2405163329820863,-1.1159185107130316,-1.6101861608710926,0.7008078679311556,0.1267640192493679,-0.0,-0.0,0.0,19-22,Mother-Son,3.559473684210526,2.9078947368421053,0.3684210526315789,1,0
F2612,5,E5,Eastern,31,0,Rural,1,Male,2,Female,49,22.5,1,3.77,3.0,2.58,2.5,3,3,3,3,3,3,3.0,5,5,4,5,4,4.6,3,4,2,2,2,2.6,3.58,1,1,2,1,2,2,1.5,2,4,2,2,3,2.6,2,1,2,2,1,1.6,2.0,2,2,2,2,2.0,-0.46175734994505635,0.2935385819915511,-0.27901096404693065,0.08486072653839863,-1.8042317976843516,-0.9898132227558145,-0.9593452637191285,-1.344481901593828,-1.4457320493680954,-0.07145757480498696,-1.4831031327375124,-1.556956810864032,-1.586814518802642,0.06295047418335065,-1.7405163329820863,-0.4459185107130317,0.389813839128907,-0.29919213206884443,-0.10956632848508896,0.0,-0.0,-0.0,19-22,Father-Daughter,3.7276470588235293,3.5441176470588234,0.7647058823529411,0,0
F2613,14,W2,Western,96,0,Rural,2,Female,2,Female,43,17.1,2,3.91,2.82,2.41,2.58,4,6,5,4,5,4,4.67,4,5,5,4,5,4.6,1,1,2,1,1,1.2,3.69,4,4,4,4,5,5,4.33,5,3,5,4,5,4.4,3,4,3,2,3,3.0,3.88,5,4,5,6,5.0,1.2675603524647086,0.2935385819915511,-1.5845778817485696,0.23314682033390347,1.3288831960136882,0.5316928187987021,0.4798892861648304,0.8693982913674168,1.0461699603494574,0.04056429408693798,-1.7722840351743958,-1.787273218873691,-1.4496517682058534,0.17295047418335052,1.2594836670179137,1.2240814892869682,0.389813839128907,-1.6991921320688446,0.21782829743693333,0.0,0.0,0.0,16-18,Mother-Daughter,3.5119999999999996,3.7375,0.5,0,1
F2615,8,C2,Central,51,0,Rural,1,Male,1,Male,48,18.8,2,3.89,3.39,2.03,3.12,4,2,3,2,3,3,2.83,3,3,3,3,4,3.2,2,2,3,3,2,2.4,2.46,3,1,1,3,2,3,2.17,3,3,2,3,3,2.8,2,1,2,2,3,2.0,2.21,3,4,3,3,3.25,-0.6377956789328766,-0.7606928832291425,-0.4655205237185935,-1.4249613193794706,-1.0624695906957697,-0.820756995916424,-0.5481353923237118,-1.0971867736566678,-0.4074395453191151,0.02456116995952013,-0.856544510790932,-2.3020981308952826,-0.5238032016775316,-1.0570495258166495,-0.4905163329820863,-0.6159185107130316,-1.0101861608710925,-0.4991921320688446,0.518500057184036,-0.0,-0.0,0.0,16-18,Father-Son,3.409047619047619,3.5,0.42857142857142855,1,0
F2616,12,C6,Central,81,0,Rural,2,Female,1,Male,47,16.8,2,1.54,2.58,3.33,2.75,2,1,2,1,2,1,1.5,3,4,5,4,4,4.0,2,1,1,1,1,1.2,2.28,2,1,2,3,2,1,1.83,4,3,3,4,4,3.6,2,1,1,2,1,1.4,2.02,3,3,3,3,3.0,-2.015036723367001,-0.15827490310303177,-1.5845778817485696,-1.6676112910448426,-1.4388862330481842,-0.14453208855886093,-1.1649501994168372,-1.3209299846474318,-0.6150980461289112,-1.8558059150120754,-2.1578585717569063,-0.5408550108214178,-1.1581809231876783,-1.2370495258166496,-0.7405163329820863,-1.9459185107130317,-0.21018616087109265,-1.6991921320688446,0.9160553785749741,-0.0,-0.0,0.0,16-18,Mother-Son,3.0680952380952378,3.857142857142857,0.23809523809523808,1,0
F2624,14,W2,Western,98,0,Rural,1,Male,2,Female,44,19.5,5,4.16,3.58,3.19,3.23,3,3,2,3,1,2,2.33,3,4,3,3,3,3.2,1,1,1,1,2,1.2,2.3,2,2,2,1,1,1,1.5,3,2,2,3,3,2.6,1,1,1,1,1,1.0,1.6,2,2,2,3,2.25,-1.1555554700735249,-0.7606928832291425,-1.5845778817485696,-1.6406501830820235,-1.8042317976843516,-0.9898132227558145,-1.576160070812254,-1.8155202405217525,-1.2380735485582992,0.2406033456796609,-0.5512980026631109,-0.7305273468293726,-0.3352044196069478,-1.2170495258166496,-1.4905163329820863,-1.1159185107130316,-1.0101861608710925,-1.6991921320688446,1.8140321962778196,-0.0,-0.0,0.0,19-22,Father-Daughter,3.403461538461538,3.8173076923076925,0.46153846153846156,0,1
F2626,9,C3,Central,58,0,Rural,2,Female,1,Male,46,14.0,2,4.1,3.04,2.73,3.17,2,2,2,2,3,2,2.17,4,3,4,4,4,3.8,3,3,4,3,3,3.2,2.96,3,3,3,3,3,3,3.0,3,3,4,2,3,3.0,3,3,3,4,3,3.2,2.69,3,4,3,3,3.25,-1.3212386032385324,-0.3088793981345596,0.28051771496805755,-0.7509336203089932,-0.14357014024722803,-0.6517007690770332,0.685494221862539,-0.5319407669431585,-0.4074395453191151,0.19259397329740702,-1.4188407099737605,-1.3537364508555092,-0.4380764825545392,-0.5570495258166495,-0.4905163329820863,-1.2759185107130318,-0.41018616087109283,0.30080786793115566,0.27324189069299293,-0.0,-0.0,0.0,12-15,Mother-Son,3.3766666666666665,3.475,0.43333333333333335,1,0
F2629,16,W4,Western,108,0,Rural,2,Female,1,Male,43,13.9,3,2.1,3.36,3.37,2.46,4,3,3,4,3,3,3.33,3,4,3,4,4,3.6,2,3,2,2,4,2.6,3.16,3,2,4,2,3,2,2.67,5,4,3,4,4,4.0,2,2,1,3,2,2.0,3.03,5,6,5,5,5.25,-0.12003588779222847,-0.4594838931660871,-0.27901096404693065,-0.48132254068080216,-0.5089157048833953,0.1935803651199204,-0.5481353923237118,-0.13155817885442286,1.2538284611592534,-1.407718439444376,-0.9047413278637463,-0.48666291481914503,-1.6553958941010363,-0.3570495258166493,1.5094836670179137,-0.11591851071303161,-0.6101861608710926,-0.29919213206884443,-0.538960427536723,-0.0,0.0,-0.0,12-15,Mother-Son,3.373,4.225,0.5,0,1
F2630,6,E6,Eastern,40,0,Rural,1,Male,2,Female,44,16.6,4,1.94,3.83,3.11,3.21,3,3,3,2,3,2,2.67,4,4,4,4,4,4.0,2,2,2,1,2,1.8,2.68,3,3,3,2,3,3,2.83,3,4,3,3,3,3.2,1,1,1,1,1,1.0,2.29,3,3,3,3,3.0,-0.8034788120978842,-0.15827490310303177,-1.0250492027335814,-1.1283891317884602,-0.33177846142343526,-0.4826445422376423,-1.576160070812254,-1.0029791058710829,-0.6150980461289112,-1.535743432463719,-0.14965786038966203,-0.8389115388339182,-0.36949510725614493,-0.8370495258166493,-0.7405163329820863,-0.7759185107130318,-0.21018616087109265,-1.0991921320688445,0.6198488453821392,-0.0,-0.0,0.0,16-18,Father-Daughter,3.296190476190476,3.5714285714285716,0.3333333333333333,0,0
F2631,11,C5,Central,73,0,Rural,2,Female,1,Male,42,17.0,2,2.52,3.04,3.51,3.37,2,3,1,2,3,3,2.33,4,3,3,4,3,3.4,1,2,2,1,2,1.6,2.6,2,2,3,2,2,2,2.17,3,4,4,2,4,3.4,1,1,1,1,1,1.0,2.25,3,3,3,3,3.0,-1.1555554700735249,-0.610088388197615,-1.2115587624052442,-1.2362335636397368,-1.0624695906957697,-0.3135883153982518,-1.576160070812254,-1.0500829397638753,-0.6150980461289112,-1.0716528327686017,-1.4188407099737605,-0.29699057881119084,-0.09516960606256787,-0.9170495258166493,-0.7405163329820863,-1.1159185107130316,-0.8101861608710927,-1.2991921320688444,0.6790901520207062,-0.0,-0.0,0.0,16-18,Mother-Son,3.2838461538461536,3.8365384615384617,0.5384615384615384,1,0
F2633,18,W6,Western,124,0,Rural,2,Female,2,Female,46,20.1,2,4.17,4.32,2.48,3.18,3,3,3,3,3,2,2.83,3,4,3,3,3,3.2,4,3,4,3,4,3.6,3.19,2,4,2,3,3,2,2.67,3,4,3,3,3,3.2,3,3,3,4,3,3.2,3.05,4,4,4,5,4.25,-0.6377956789328766,-0.7606928832291425,0.6535368343113829,-0.4408808787365738,-0.5089157048833953,-0.4826445422376423,0.685494221862539,-0.10800626190802662,0.4231944579200692,0.24860490774336966,0.6375568184662981,-1.692437050869714,-0.42093113872994026,-0.3270495258166495,0.5094836670179137,-0.6159185107130316,-1.0101861608710925,0.7008078679311556,-0.16662639170953641,-0.0,0.0,-0.0,19-22,Mother-Daughter,3.6216666666666666,3.513888888888889,0.5,0,1
F2634,14,W2,Western,94,0,Rural,1,Male,1,Male,44,17.6,4,3.08,3.01,2.74,3.29,3,4,4,4,4,3,3.67,3,3,3,2,3,2.8,2,2,2,2,2,2.0,2.87,2,1,2,1,2,2,1.67,2,2,2,2,2,2.0,1,3,2,2,2,2.0,2.32,3,4,3,3,3.25,0.23204077018341215,-1.061901873292198,-0.8385396430619187,-0.8722586061416789,-1.6160234765081443,-1.4969819032739868,-0.5481353923237118,-0.9676512304514888,-0.4074395453191151,-0.6235653572009022,-1.4670375270465748,-1.3401884268549407,-0.2323323566593564,-0.6470495258166493,-0.4905163329820863,0.22408148928696825,-1.4101861608710928,-0.8991921320688445,0.3173883606613806,-0.0,-0.0,0.0,16-18,Father-Son,3.718125,3.8125,0.8125,0,1
F2636,4,E4,Eastern,25,0,Rural,1,Male,2,Female,45,15.3,2,4.17,4.55,4.22,4.46,4,5,4,4,4,4,4.17,6,6,5,6,5,5.6,1,2,1,1,1,1.2,3.44,2,3,3,2,3,3,2.67,3,4,4,4,4,3.8,1,1,2,1,2,1.4,2.61,3,3,3,3,3.0,0.7498005613240603,1.0465610571491897,-1.5845778817485696,-0.10386702920133516,-0.5089157048833953,0.02452413828052955,-1.1649501994168372,-0.6261484347287435,-0.6150980461289112,0.24860490774336966,1.0070657493578703,0.6649191252291504,1.773672870818674,-0.07704952581664948,-0.7405163329820863,0.7240814892869682,1.389813839128907,-1.6991921320688446,0.05705643231575386,-0.0,-0.0,0.0,12-15,Father-Daughter,3.2065217391304346,3.641304347826087,0.2608695652173913,0,0
F2637,8,C2,Central,56,0,Rural,2,Female,2,Female,45,17.3,2,1.48,3.71,3.28,4.03,4,4,4,5,5,4,4.33,4,5,5,5,6,5.0,4,4,4,5,5,4.4,4.22,4,3,3,3,4,2,3.17,3,3,2,3,4,3.0,4,4,5,4,4,4.2,3.4,3,3,3,3,3.0,0.9154836944890679,0.5947475720546067,1.3995750729980339,0.947616181348609,0.04463818092897921,-0.6517007690770332,1.7135189003510811,0.3041522846539074,-0.6150980461289112,-1.903815287394329,-0.34244512868091764,-0.6085951308242591,1.0364230863609367,0.7029504741833503,-0.7405163329820863,0.8840814892869684,0.7898138391289073,1.5008078679311558,-0.5205463074102733,0.0,-0.0,-0.0,16-18,Mother-Daughter,3.631,4.083333333333333,0.4666666666666667,1,0
F2640,10,C4,Central,68,0,Rural,2,Female,1,Male,50,20.3,2,3.98,3.38,2.99,4.1,3,3,2,3,3,1,2.5,3,4,4,3,3,3.4,1,2,1,2,2,1.6,2.55,2,2,2,1,2,1,1.67,3,4,3,3,3,3.2,1,2,1,1,2,1.4,1.97,3,3,3,2,2.75,-0.9795171410857045,-0.610088388197615,-1.2115587624052442,-1.3036363335467849,-1.6160234765081443,-0.4826445422376423,-1.1649501994168372,-1.3798097770134226,-0.8227565469387071,0.09657522853290028,-0.8726101164818703,-1.001487826840736,1.1564404931331256,-0.9670495258166496,-0.9905163329820863,-0.9459185107130317,-0.8101861608710927,-1.2991921320688444,0.9578783501239732,-0.0,-0.0,0.0,19-22,Mother-Son,3.5727999999999995,4.04,0.56,1,0
F2643,15,W3,Western,103,0,Rural,1,Male,2,Female,45,20.9,2,3.11,4.29,3.35,3.23,4,4,5,4,5,4,4.33,4,5,4,4,4,4.2,4,5,4,4,4,4.2,4.1,3,3,3,4,2,3,3.0,2,3,3,2,2,2.4,1,2,1,1,2,1.4,2.4,1,2,2,2,1.75,0.9154836944890679,-0.0076704080715039435,1.213065513326371,0.7858495335716944,-0.14357014024722803,-1.1588694495952054,-1.1649501994168372,-0.8734435626659038,-1.6533905501778914,-0.5995606710097756,0.5893600013934839,-0.5137589628202814,-0.3352044196069478,0.5829504741833502,-1.9905163329820863,0.8840814892869684,-0.010186160871092476,1.3008078679311557,-1.1603724401816107,0.0,-0.0,-0.0,19-22,Father-Daughter,3.6488888888888886,3.537037037037037,0.6666666666666666,0,1
F2644,10,C4,Central,66,0,Rural,1,Male,1,Male,45,16.5,4,4.28,4.29,4.3,3.24,1,1,1,1,1,1,1.0,6,6,6,6,7,6.2,2,1,1,1,2,1.4,2.81,2,2,3,2,3,2,2.33,3,4,3,3,1,2.8,1,1,1,1,2,1.2,2.11,3,4,2,3,3.0,-2.532796514507649,1.498374542243773,-1.398068322076907,-0.9531419300301364,-0.8853323472358098,-0.820756995916424,-1.3705551351145455,-1.214946358388649,-0.6150980461289112,0.336622090444168,0.5893600013934839,0.773303317233696,-0.3180590757823488,-0.7070495258166494,-0.7405163329820863,-2.4459185107130317,1.9898138391289075,-1.4991921320688446,0.5235817220944682,-0.0,-0.0,0.0,16-18,Father-Son,3.546666666666667,3.425925925925926,0.4444444444444444,1,0
F2645,12,C6,Central,81,0,Rural,2,Female,2,Female,46,16.5,3,1.57,2.58,3.33,2.75,3,3,2,3,2,2,2.5,5,4,2,4,3,3.6,2,3,4,3,4,3.2,3.26,3,3,4,4,4,3,3.5,5,4,3,3,5,4.0,4,4,3,5,4,4.0,3.72,5,5,5,5,5.0,-0.9795171410857045,-0.4594838931660871,0.28051771496805755,-0.34651700086670717,0.40998374556514644,0.1935803651199204,1.5079139646533726,0.6809829557962473,1.0461699603494574,-1.8318012288209484,-2.1578585717569063,-0.5408550108214178,-1.1581809231876783,-0.25704952581664964,1.2594836670179137,-0.9459185107130317,-0.6101861608710926,0.30080786793115566,-0.32374967938076976,-0.0,0.0,-0.0,16-18,Mother-Daughter,3.0680952380952378,3.857142857142857,0.23809523809523808,1,0
F2650,9,C3,Central,60,0,Rural,1,Male,2,Female,45,15.3,1,3.97,3.55,2.66,3.38,2,3,2,3,3,3,2.67,3,3,4,4,3,3.4,1,1,1,1,1,1.0,2.18,2,2,3,3,1,2,2.17,3,4,3,3,3,3.2,4,4,3,4,3,3.6,3.08,4,4,4,5,4.25,-0.8034788120978842,-0.610088388197615,-1.7710874414202322,-1.8024168308589374,-1.0624695906957697,-0.4826445422376423,1.0967040932579557,-0.07267838648843199,0.4231944579200692,0.08857366646919153,-0.5994948197359252,-1.4485726188594863,-0.07802426223796968,-1.3370495258166493,0.5094836670179137,-0.7759185107130318,-0.8101861608710927,-1.8991921320688445,-0.6812048953976292,-0.0,0.0,-0.0,12-15,Father-Daughter,3.2008333333333336,3.5104166666666665,0.2916666666666667,1,0
F2652,17,W5,Western,117,0,Rural,2,Female,1,Male,37,15.4,2,3.2,3.66,2.8,2.69,4,3,5,3,3,2,3.33,4,3,3,3,3,3.2,2,2,1,1,2,1.6,2.61,3,3,2,2,3,3,2.67,2,2,2,1,3,2.0,2,2,3,3,2,2.4,2.4,4,4,4,4,4.0,-0.12003588779222847,-0.7606928832291425,-1.2115587624052442,-1.2227530096583274,-0.5089157048833953,-1.4969819032739868,-0.13692552092829502,-0.8734435626659038,0.21553595711027312,-0.5275466124363951,-0.42277315713560715,-1.258900282851532,-1.2610529861352695,-0.9070495258166495,0.2594836670179137,-0.11591851071303161,-1.0101861608710925,-1.2991921320688444,-0.235364537125764,-0.0,0.0,-0.0,12-15,Mother-Son,3.5182352941176473,3.676470588235294,0.6470588235294118,0,1
F2653,6,E6,Eastern,40,0,Rural,2,Female,2,Female,42,14.6,3,3.86,3.83,3.11,3.21,2,2,2,2,2,2,2.0,3,3,3,3,2,2.8,3,3,2,3,1,2.4,2.51,1,2,3,3,1,3,2.17,3,3,2,3,3,2.8,3,3,3,2,3,2.8,2.52,3,2,3,2,2.5,-1.4972769322263526,-1.061901873292198,-0.4655205237185935,-1.357558549472423,-1.0624695906957697,-0.820756995916424,0.2742843504671218,-0.7321320609875264,-1.0304150477485032,0.0005564837683931816,-0.14965786038966203,-0.8389115388339182,-0.36949510725614493,-1.0070495258166496,-1.2405163329820863,-1.4459185107130317,-1.4101861608710928,-0.4991921320688446,1.249261384897419,-0.0,-0.0,0.0,12-15,Mother-Daughter,3.296190476190476,3.5714285714285716,0.3333333333333333,0,0
F2655,2,E2,Eastern,12,0,Rural,2,Female,2,Female,45,16.9,4,1.21,3.05,2.8,2.59,3,5,5,4,4,3,4.0,3,3,3,2,3,2.8,3,4,4,3,3,3.4,3.28,4,4,4,4,5,4,4.17,3,3,2,3,4,3.0,3,3,3,4,3,3.2,3.7,4,4,4,3,3.75,0.57376223233624,-1.061901873292198,0.46702727463972,-0.3195558929038881,1.1517459525537281,-0.6517007690770332,0.685494221862539,0.6574310388498511,0.007877456300477073,-2.11985746311447,-1.402775104282823,-1.258900282851532,-1.4325064243812553,-0.23704952581664962,0.0094836670179137,0.5540814892869683,-1.4101861608710928,0.5008078679311554,-0.002248098769599442,-0.0,0.0,-0.0,16-18,Mother-Daughter,3.502,3.24,0.6,0,0
F2657,2,E2,Eastern,8,0,Rural,2,Female,2,Female,42,13.8,3,3.1,3.18,2.95,2.37,2,1,2,3,1,2,1.83,5,5,4,4,4,4.4,5,5,4,5,5,4.8,3.77,2,3,2,2,2,3,2.33,3,3,3,4,3,3.2,2,3,2,1,2,2.0,2.5,2,4,2,3,2.75,-1.673315261214173,0.1429340869600239,1.7725941923413588,0.3409912521851799,-0.8853323472358098,-0.4826445422376423,-0.5481353923237118,-0.7556839779339226,-0.8227565469387071,-0.6075622330734843,-1.193922230300629,-1.0556799228430087,-1.8097039885224229,0.2529504741833506,-0.9905163329820863,-1.6159185107130316,0.1898138391289077,1.9008078679311553,-0.25055157611417234,0.0,-0.0,-0.0,12-15,Mother-Daughter,3.7734615384615386,3.7211538461538463,0.6538461538461539,0,0
F2658,2,E2,Eastern,10,0,Rural,1,Male,2,Female,49,20.7,3,2.83,3.38,2.75,2.71,2,2,2,3,2,3,2.33,6,5,6,5,5,5.4,4,5,4,5,4,4.4,3.98,2,3,3,3,3,2,2.67,4,5,5,5,4,4.6,2,2,2,2,3,2.2,3.06,4,4,3,3,3.5,-1.1555554700735249,0.8959565621176624,1.3995750729980339,0.6240828857947803,-0.5089157048833953,0.7007490456380923,-0.3425304566260032,-0.09623030343482823,-0.199781044509319,-0.8236044087936252,-0.8726101164818703,-1.3266404028543728,-1.2267622984860724,0.46295047418335056,-0.2405163329820863,-1.1159185107130316,1.1898138391289077,1.5008078679311558,-0.11134715040289749,0.0,-0.0,-0.0,19-22,Father-Daughter,3.5320689655172415,3.7241379310344827,0.6206896551724138,0,0
F2659,10,C4,Central,69,0,Rural,1,Male,2,Female,56,24.8,3,1.0,4.3,2.82,2.9,3,4,4,4,4,4,3.83,5,5,4,5,4,4.6,3,3,4,3,2,3.0,3.74,2,2,2,2,3,1,2.0,3,3,3,2,3,2.8,2,2,1,2,2,1.8,2.41,4,4,4,4,4.0,0.3977239033484197,0.2935385819915511,0.09400815529639468,0.3005495902409515,-1.250677911871977,-0.820756995916424,-0.7537403280214202,-0.8616676041927054,0.21553595711027312,-2.287890266452357,0.6054256070844215,-1.2318042348503957,-0.9010007658187,0.2229504741833508,0.2594836670179137,0.3840814892869684,0.389813839128907,0.10080786793115548,0.05785200660447856,0.0,0.0,0.0,23-25,Father-Daughter,3.4778260869565214,4.086956521739131,0.5652173913043478,1,0
F2660,17,W5,Western,118,0,Rural,2,Female,2,Female,44,18.1,3,4.19,3.02,3.22,2.88,2,3,4,2,3,4,3.0,4,4,3,3,3,3.4,2,3,2,2,3,2.4,2.73,2,3,2,3,2,3,2.5,2,2,3,2,2,2.2,1,2,2,1,1,1.4,2.28,4,3,3,3,3.25,-0.46175734994505635,-0.610088388197615,-0.4655205237185935,-1.0609863618814128,-0.6971240260596026,-1.327925676434596,-1.1649501994168372,-1.0147550643442813,-0.4074395453191151,0.26460803187078785,-1.4509719213556365,-0.6898832748276678,-0.9352914534678972,-0.7870495258166494,-0.4905163329820863,-0.4459185107130317,-0.8101861608710927,-0.4991921320688446,0.38606064727887274,-0.0,-0.0,0.0,16-18,Mother-Daughter,3.4221428571428567,3.6607142857142856,0.35714285714285715,0,1
F2665,14,W2,Western,92,0,Rural,2,Female,2,Female,49,21.8,3,2.52,4.35,3.7,3.77,3,4,3,4,2,4,3.33,5,5,5,5,6,5.2,2,3,2,2,2,2.2,3.35,3,3,3,4,4,3,3.33,4,4,4,3,3,3.6,2,2,2,3,3,2.4,3.21,3,3,4,3,3.25,-0.12003588779222847,0.7453520670861346,-0.6520300833902559,-0.22519201503402086,0.2217754243889392,-0.14453208855886093,-0.13692552092829502,0.08040907366314334,-0.4074395453191151,-1.0716528327686017,0.685753635539111,-0.03957812280039473,0.590644146921374,-0.16704952581664934,-0.4905163329820863,-0.11591851071303161,0.9898138391289075,-0.6991921320688443,0.08194052082997919,-0.0,-0.0,0.0,19-22,Mother-Daughter,3.7422222222222223,3.8055555555555554,0.5555555555555556,0,1
F2666,2,E2,Eastern,9,0,Rural,2,Female,1,Male,45,13.7,3,4.08,4.26,4.39,3.09,3,4,3,4,4,2,3.33,3,3,3,3,3,3.0,1,2,2,1,2,1.6,2.65,3,3,2,3,3,2,2.67,4,3,4,3,2,3.2,3,2,3,4,2,2.8,2.76,3,4,3,4,3.5,-0.12003588779222847,-0.9112973782606704,-1.2115587624052442,-1.1688307937326892,-0.5089157048833953,-0.4826445422376423,0.2742843504671218,-0.4495090576307719,-0.199781044509319,0.17659084916998952,0.5411631843206696,0.8952355332388096,-0.5752392331513277,-0.8670495258166495,-0.2405163329820863,-0.11591851071303161,-1.2101861608710927,-1.2991921320688444,0.2085395724632773,-0.0,-0.0,0.0,12-15,Mother-Son,3.2433333333333336,4.157407407407407,0.5925925925925926,0,0
F2668,12,C6,Central,78,0,Rural,2,Female,2,Female,42,14.1,2,1.15,3.85,3.99,3.22,2,2,2,3,3,2,2.33,4,4,3,3,4,3.6,4,4,3,3,4,3.6,3.1,3,3,2,3,3,2,2.67,4,4,4,3,4,3.8,3,3,4,5,4,3.8,3.48,5,4,6,5,5.0,-1.1555554700735249,-0.4594838931660871,0.6535368343113829,-0.5622058645692595,-0.5089157048833953,0.02452413828052955,1.302309028955664,0.3983599524394924,1.0461699603494574,-2.1678668354967234,-0.11752664900778609,0.35331457321608273,-0.352349763431546,-0.41704952581664934,1.2594836670179137,-1.1159185107130316,-0.6101861608710926,0.7008078679311556,-0.5252670661036356,-0.0,0.0,-0.0,12-15,Mother-Daughter,3.559473684210526,2.9078947368421053,0.3684210526315789,1,0
F2672,11,C5,Central,75,0,Rural,1,Male,2,Female,46,16.0,4,2.28,3.62,2.71,3.05,5,3,4,4,4,4,4.0,4,3,4,3,4,3.6,1,1,1,1,1,1.0,2.88,3,3,2,3,3,3,2.83,3,1,2,3,2,2.2,2,1,2,2,1,1.6,2.17,5,4,3,4,4.0,0.57376223233624,-0.4594838931660871,-1.7710874414202322,-0.8587780521602697,-0.33177846142343526,-1.327925676434596,-0.9593452637191285,-1.1442906075494603,0.21553595711027312,-1.2636903222976157,-0.48703557989935903,-1.3808324988566456,-0.643820608449722,-0.6370495258166495,0.2594836670179137,0.5540814892869683,-0.6101861608710926,-1.8991921320688445,-0.1653039470309273,-0.0,0.0,-0.0,16-18,Father-Daughter,3.659473684210526,3.8421052631578947,0.7368421052631579,1,0
F2676,1,E1,Eastern,3,0,Rural,1,Male,2,Female,39,14.6,4,1.0,3.9,3.63,2.24,4,3,4,3,3,3,3.33,3,3,2,3,3,2.8,3,3,2,4,5,3.4,3.43,3,2,1,2,2,2,2.0,5,4,3,4,4,4.0,2,2,2,2,2,2.0,3.01,3,2,3,2,2.5,-0.12003588779222847,-1.061901873292198,0.46702727463972,-0.11734758318274442,-1.250677911871977,0.1935803651199204,-0.5481353923237118,-0.1551100958008191,-1.0304150477485032,-2.287890266452357,-0.0371986205530966,-0.13441429080437242,-2.032593458242204,-0.08704952581664926,-1.2405163329820863,-0.11591851071303161,-1.4101861608710928,0.5008078679311554,0.1079863585538992,-0.0,-0.0,0.0,12-15,Father-Daughter,3.718571428571429,3.3333333333333335,0.5238095238095238,0,0
F2677,4,E4,Eastern,26,0,Rural,1,Male,2,Female,44,20.9,3,3.47,4.8,3.85,3.5,3,4,2,2,3,2,2.67,1,2,3,2,1,1.8,2,2,1,1,2,1.6,2.11,1,1,2,2,1,2,1.5,3,3,3,3,3,3.0,2,2,1,2,2,1.8,2.07,2,1,1,2,1.5,-0.8034788120978842,-1.8149243484498367,-1.2115587624052442,-1.8967807087288047,-1.8042317976843516,-0.6517007690770332,-0.7537403280214202,-1.2620501922814416,-1.8610490509876876,-0.31150443671625433,1.4087058916313193,0.16364223720812796,0.1277198636572131,-1.4070495258166495,-2.2405163329820863,-0.7759185107130318,-2.410186160871093,-1.2991921320688444,3.152517443906903,-0.0,-0.0,0.0,19-22,Father-Daughter,3.4605882352941175,3.7205882352941178,0.6470588235294118,0,0
F2680,1,E1,Eastern,5,0,Rural,2,Female,2,Female,35,12.0,3,4.53,3.67,3.29,2.6,3,4,2,3,2,3,2.83,5,5,5,5,4,4.8,2,1,1,1,1,1.2,2.74,2,2,3,3,3,4,2.83,3,3,2,3,2,2.6,1,1,1,1,1,1.0,2.04,1,1,1,1,1.0,-0.6377956789328766,0.4441430770230789,-1.5845778817485696,-1.047505807900003,-0.33177846142343526,-0.9898132227558145,-1.576160070812254,-1.2973780677010356,-2.2763660526072798,0.536661142036891,-0.4067075514446695,-0.5950471068236907,-1.4153610805566563,-0.7770495258166492,-2.7405163329820863,-0.6159185107130316,0.5898138391289072,-1.6991921320688446,2.1295169170365127,-0.0,-0.0,0.0,12-15,Mother-Daughter,3.402727272727273,3.7954545454545454,0.6363636363636364,0,0
F2684,17,W5,Western,113,0,Rural,1,Male,1,Male,40,12.2,3,2.54,3.5,3.33,3.99,4,3,3,4,3,5,3.67,3,2,2,2,2,2.2,4,2,4,3,3,3.2,3.14,3,2,3,2,3,2,2.5,2,3,2,3,1,2.2,2,2,2,1,2,1.8,2.22,2,1,2,2,1.75,0.23204077018341215,-1.513715358386781,0.28051771496805755,-0.5082836486436213,-0.6971240260596026,-1.327925676434596,-0.7537403280214202,-1.0854108151834694,-1.6533905501778914,-1.0556497086411838,-0.6798228481906147,-0.5408550108214178,0.9678417110625425,-0.3770495258166493,-1.9905163329820863,0.22408148928696825,-2.0101861608710925,0.30080786793115566,0.7505232394811913,-0.0,-0.0,0.0,12-15,Father-Son,3.815909090909091,3.8863636363636362,0.6818181818181818,0,1
F2686,6,E6,Eastern,39,0,Rural,2,Female,1,Male,44,17.3,2,2.23,3.2,3.65,2.76,4,4,4,3,4,4,3.83,3,4,3,3,4,3.4,1,2,2,2,2,1.8,2.78,3,3,3,4,3,3,3.17,5,5,4,4,4,4.4,1,2,1,2,1,1.4,2.79,3,4,4,5,4.0,0.3977239033484197,-0.610088388197615,-1.0250492027335814,-0.9935835919743653,0.04463818092897921,0.5316928187987021,-1.1649501994168372,-0.4141811822111773,0.21553595711027312,-1.3036981326161603,-1.161791018918753,-0.10731824280323603,-1.14103557936308,-0.7370495258166496,0.2594836670179137,0.3840814892869684,-0.8101861608710927,-1.0991921320688445,-0.1912523137327187,-0.0,0.0,-0.0,16-18,Mother-Son,3.795625,3.875,0.5625,0,0
F2687,9,C3,Central,57,0,Rural,1,Male,1,Male,48,22.9,2,2.22,3.34,3.02,2.26,1,1,1,1,2,1,1.17,5,4,4,4,4,4.2,2,1,1,1,2,1.4,2.39,1,1,1,1,1,1,1.0,3,3,4,3,3,3.2,3,2,3,2,2,2.4,1.96,4,4,4,4,4.0,-2.3567581855198285,-0.0076704080715039435,-1.398068322076907,-1.5193251972493371,-2.357785683496726,-0.4826445422376423,-0.13692552092829502,-1.3915857354866206,0.21553595711027312,-1.311699694679869,-0.9368725392456222,-0.9608437548390317,-1.9983027705930074,-1.1270495258166493,0.2594836670179137,-2.2759185107130318,-0.010186160871092476,-1.4991921320688446,-0.29245094386970494,-0.0,0.0,-0.0,19-22,Father-Son,3.637826086956522,3.869565217391304,0.5652173913043478,1,0
F2688,14,W2,Western,95,0,Rural,2,Female,1,Male,49,17.5,1,3.05,4.22,3.12,4.17,2,1,2,1,2,2,1.67,4,4,3,3,3,3.4,2,2,3,3,3,2.6,2.27,2,2,2,3,1,1,1.83,2,2,2,2,2,2.0,2,1,2,3,2,2.0,1.9,3,3,2,2,2.5,-1.8389983943791806,-0.610088388197615,-0.27901096404693065,-1.6810918450262518,-1.4388862330481842,-1.4969819032739868,-0.5481353923237118,-1.4622414863258093,-1.0304150477485032,-0.6475700433920292,0.47690076155691774,-0.8253635148333497,1.2764578999053158,-1.2470495258166494,-1.2405163329820863,-1.7759185107130318,-0.8101861608710927,-0.29919213206884443,1.5469853048131195,-0.0,-0.0,0.0,16-18,Mother-Son,3.0213636363636365,3.159090909090909,0.45454545454545453,0,1
F2689,8,C2,Central,51,0,Rural,1,Male,2,Female,46,18.8,5,2.89,3.39,2.03,3.12,2,2,2,2,1,2,1.83,4,4,4,4,4,4.0,2,3,2,3,2,2.4,2.76,2,1,1,2,1,1,1.33,1,1,1,1,1,1.0,1,2,1,1,1,1.2,1.17,1,1,1,1,1.0,-1.673315261214173,-0.15827490310303177,-0.4655205237185935,-1.0205446999371843,-1.9924401188605587,-2.3422630374709406,-1.3705551351145455,-2.3218864548692717,-2.2763660526072798,-0.7755950364113716,-0.856544510790932,-2.3020981308952826,-0.5238032016775316,-0.7570495258166496,-2.7405163329820863,-1.6159185107130316,-0.21018616087109265,-0.4991921320688446,2.0747065903768718,-0.0,-0.0,0.0,16-18,Father-Daughter,3.409047619047619,3.5,0.42857142857142855,1,0
F2690,14,W2,Western,97,0,Rural,2,Female,1,Male,42,16.2,2,4.83,2.53,3.33,2.43,4,5,4,4,3,5,4.17,3,3,3,4,3,3.2,2,3,2,3,3,2.6,3.11,3,3,3,4,3,3,3.17,4,4,4,4,3,3.8,1,1,1,1,1,1.0,2.56,3,3,2,3,2.75,0.7498005613240603,-0.7606928832291425,-0.27901096404693065,-0.5487253105878502,0.04463818092897921,0.02452413828052955,-1.576160070812254,-0.6850282270947339,-0.8227565469387071,0.7767080039481583,-2.2381866002115967,-0.5408550108214178,-1.7068319255748314,-0.40704952581664955,-0.9905163329820863,0.7240814892869682,-1.0101861608710925,-0.29919213206884443,0.4031892036540048,-0.0,-0.0,0.0,16-18,Mother-Son,3.580769230769231,3.9423076923076925,0.6153846153846154,0,1
F2692,2,E2,Eastern,13,0,Rural,2,Female,1,Male,40,16.5,2,1.59,4.03,2.56,3.11,5,4,4,4,4,4,4.17,4,4,5,4,4,4.2,2,3,2,2,1,2.0,3.62,4,4,2,3,3,4,3.33,3,3,3,3,2,2.8,3,3,3,3,4,3.2,3.22,4,4,4,4,4.0,0.7498005613240603,-0.0076704080715039435,-0.8385396430619187,0.13878294246403686,0.2217754243889392,-0.820756995916424,0.685494221862539,0.09218503213634173,0.21553595711027312,-1.815798104693531,0.17165425342909738,-1.5840528588651683,-0.5409485455021306,0.10295047418335068,0.2594836670179137,0.7240814892869682,-0.010186160871092476,-0.8991921320688445,0.02671396656232889,0.0,0.0,0.0,16-18,Mother-Son,3.4699999999999998,3.673076923076923,0.23076923076923078,0,0
F2693,11,C5,Central,77,0,Rural,2,Female,2,Female,42,13.0,3,2.64,3.8,3.11,3.25,1,2,2,2,2,2,1.83,2,4,3,4,3,3.2,1,2,2,1,1,1.4,2.14,3,2,2,3,2,2,2.33,4,3,4,5,3,3.8,2,2,1,2,2,1.8,2.61,4,4,2,4,3.5,-1.673315261214173,-0.7606928832291425,-1.398068322076907,-1.8563390467845757,-0.8853323472358098,0.02452413828052955,-0.7537403280214202,-0.6261484347287435,-0.199781044509319,-0.9756340880040945,-0.19785467746247629,-0.8389115388339182,-0.3009137319577507,-1.3770495258166493,-0.2405163329820863,-1.6159185107130316,-1.0101861608710925,-1.4991921320688446,0.3312029022841413,-0.0,-0.0,0.0,12-15,Mother-Daughter,3.7358333333333333,4.03125,0.75,1,0
F2695,4,E4,Eastern,24,0,Rural,2,Female,1,Male,55,21.9,2,3.54,3.62,3.33,3.54,1,2,1,1,1,2,1.33,2,2,3,2,2,2.2,4,3,3,3,2,3.0,2.16,1,1,1,1,2,1,1.17,4,3,2,2,3,2.8,2,2,2,1,1,1.6,1.76,2,3,3,3,2.75,-2.191075052354821,-1.513715358386781,0.09400815529639468,-1.8293779388217566,-2.169577362320519,-0.820756995916424,-0.9593452637191285,-1.6271049049505828,-0.8227565469387071,-0.25549350227029205,-0.48703557989935903,-0.5408550108214178,0.19630123895560736,-1.3570495258166493,-0.9905163329820863,-2.1159185107130316,-2.0101861608710925,0.10080786793115548,1.3441797199869865,-0.0,-0.0,0.0,19-22,Mother-Son,3.5157692307692305,3.4615384615384617,0.4230769230769231,0,0
F2696,3,E3,Eastern,21,0,Rural,2,Female,2,Female,59,24.7,3,2.98,4.0,4.15,3.16,1,3,2,3,1,2,2.0,2,1,2,1,2,1.6,1,1,1,1,1,1.0,1.76,2,1,1,3,2,2,1.83,4,3,3,4,3,3.4,2,2,1,3,2,2.0,2.13,4,4,5,5,4.5,-1.4972769322263526,-1.9655288434813643,-1.7710874414202322,-2.3686000980781388,-1.4388862330481842,-0.3135883153982518,-0.5481353923237118,-1.1913944414422528,0.6308529587298652,-0.7035809778379915,0.1234574363562831,0.570082957225174,-0.4552218263791374,-1.7570495258166494,0.7594836670179137,-1.4459185107130317,-2.6101861608710926,-1.8991921320688445,-1.3344504169993152,-0.0,0.0,-0.0,23-25,Mother-Daughter,3.367142857142857,3.4107142857142856,0.6071428571428571,0,0
F2700,14,W2,Western,98,0,Rural,2,Female,1,Male,37,13.9,1,4.63,3.58,3.19,3.23,3,3,4,3,4,4,3.5,4,5,4,5,4,4.4,1,2,3,3,3,2.4,3.56,4,3,3,2,2,4,3.0,5,5,5,5,4,4.8,3,3,2,3,2,2.6,3.44,7,4,6,5,5.5,0.05600244119559184,0.1429340869600239,-0.4655205237185935,0.057899618575579515,-0.14357014024722803,0.8698052724774832,0.06867941476941361,0.3512561185466999,1.4614869619690496,0.6166767626739799,-0.5512980026631109,-0.7305273468293726,-0.3352044196069478,0.04295047418335063,1.7594836670179137,0.05408148928696832,0.1898138391289077,-0.4991921320688446,0.07557065781628,0.0,0.0,0.0,12-15,Mother-Son,3.403461538461538,3.8173076923076925,0.46153846153846156,0,1
F2701,2,E2,Eastern,14,0,Rural,2,Female,2,Female,48,20.5,3,2.61,4.0,2.67,2.74,4,2,2,3,3,3,2.83,4,4,4,4,4,4.0,2,3,3,3,3,2.8,3.16,3,5,4,3,5,4,4.0,6,4,5,6,5,5.2,3,3,2,4,2,2.8,3.96,4,5,4,5,4.5,-0.6377956789328766,-0.15827490310303177,-0.09250140437526819,-0.48132254068080216,0.9635376313775209,1.2079177261562648,0.2742843504671218,0.9636059591530017,0.6308529587298652,-0.9996387741952215,0.1234574363562831,-1.4350245948589184,-1.1753262670122764,-0.3570495258166493,0.7594836670179137,-0.6159185107130316,-0.21018616087109265,-0.0991921320688447,-0.27117328317423606,-0.0,0.0,-0.0,19-22,Mother-Daughter,3.43,3.8684210526315788,0.5263157894736842,0,0
F2702,5,E5,Eastern,35,0,Rural,1,Male,2,Female,40,12.1,3,2.75,3.52,3.79,3.18,2,3,2,2,2,3,2.33,5,6,5,6,5,5.4,2,3,2,1,2,2.0,3.28,3,3,2,2,2,2,2.33,4,3,3,4,4,3.6,3,2,2,2,2,2.2,2.47,3,2,2,2,2.25,-1.1555554700735249,0.8959565621176624,-0.8385396430619187,-0.3195558929038881,-0.8853323472358098,-0.14453208855886093,-0.3425304566260032,-0.7910118533535166,-1.2380735485582992,-0.8876169053032965,-0.6476916368087388,0.08235409320471876,-0.42093113872994026,-0.23704952581664962,-1.4905163329820863,-1.1159185107130316,1.1898138391289077,-0.8991921320688445,0.353326189955375,-0.0,-0.0,0.0,12-15,Father-Daughter,3.447777777777778,3.6944444444444446,0.4444444444444444,0,0
F2703,6,E6,Eastern,42,0,Rural,2,Female,1,Male,42,19.3,3,4.94,3.18,3.09,3.67,4,5,4,4,4,4,4.17,2,2,2,3,2,2.2,3,2,3,2,2,2.4,2.93,3,3,2,3,3,2,2.67,4,3,6,4,4,4.2,2,3,3,2,3,2.6,2.93,6,5,5,6,5.5,0.7498005613240603,-1.513715358386781,-0.4655205237185935,-0.7913752822532216,-0.5089157048833953,0.3626365919593113,0.06867941476941361,-0.24931776358640356,1.4614869619690496,0.8647251866489566,-1.193922230300629,-0.8660075868350546,0.4191907086753883,-0.5870495258166493,1.7594836670179137,0.7240814892869682,-2.0101861608710925,-0.4991921320688446,-1.0329040524050055,-0.0,0.0,-0.0,19-22,Mother-Son,3.636060606060606,3.909090909090909,0.5757575757575758,0,0
F2706,5,E5,Eastern,32,0,Rural,1,Male,2,Female,48,17.5,1,1.89,3.47,4.33,4.2,2,2,3,3,3,1,2.33,3,3,3,3,3,3.0,2,3,2,2,3,2.4,2.47,3,3,1,3,3,2,2.5,3,2,3,3,2,2.6,4,2,3,4,3,3.2,2.88,4,4,3,4,3.75,-1.1555554700735249,-0.9112973782606704,-0.4655205237185935,-1.4114807653980606,-0.6971240260596026,-0.9898132227558145,0.685494221862539,-0.30819755595239445,0.007877456300477073,-1.5757512427822635,-0.7280196652634282,0.8139473892354009,1.3278939313791118,-1.0470495258166492,0.0094836670179137,-1.1159185107130316,-1.2101861608710927,-0.4991921320688446,-0.009929869054109535,-0.0,0.0,-0.0,16-18,Father-Daughter,3.5572000000000004,3.65,0.56,0,0
F2708,13,W1,Western,89,0,Rural,2,Female,2,Female,39,14.1,4,3.69,3.01,3.49,2.63,2,4,3,3,3,2,2.83,4,3,4,4,3,3.6,3,3,2,3,3,2.8,3.28,4,4,4,4,3,4,3.83,4,4,4,3,4,3.8,3,2,3,3,3,2.8,3.29,4,4,3,4,3.75,-0.6377956789328766,-0.4594838931660871,-0.09250140437526819,-0.3195558929038881,0.7753293102013137,0.02452413828052955,0.2742843504671218,0.17461674144872832,0.007877456300477073,-0.13547007131465835,-1.4670375270465748,-0.32408662681232664,-1.363925049082861,-0.23704952581664962,0.0094836670179137,-0.6159185107130316,-0.6101861608710926,-0.0991921320688447,-0.002248098769599442,-0.0,0.0,-0.0,12-15,Mother-Daughter,3.5733333333333337,3.8425925925925926,0.6296296296296297,0,1
F2711,17,W5,Western,119,0,Rural,2,Female,1,Male,46,19.1,3,3.58,3.37,2.99,3.4,2,2,2,1,2,1,1.67,4,3,4,3,4,3.6,2,2,2,2,2,2.0,2.57,2,2,2,1,1,2,1.67,4,4,3,3,4,3.6,1,1,1,1,2,1.2,2.18,3,3,2,3,2.75,-1.8389983943791806,-0.4594838931660871,-0.8385396430619187,-1.2766752255839657,-1.6160234765081443,-0.14453208855886093,-1.3705551351145455,-1.1325146490762619,-0.8227565469387071,-0.22348725401545635,-0.8886757221728079,-1.001487826840736,-0.043733574588772556,-0.9470495258166496,-0.9905163329820863,-1.7759185107130318,-0.6101861608710926,-0.8991921320688445,0.9380680234643314,-0.0,-0.0,0.0,19-22,Mother-Son,3.413529411764706,3.7794117647058822,0.5294117647058824,0,1
F2713,3,E3,Eastern,16,0,Rural,2,Female,1,Male,45,22.2,3,1.72,2.85,2.85,2.75,2,3,3,4,2,3,2.83,3,3,3,4,3,3.2,4,5,4,4,4,4.2,3.18,2,2,2,2,1,2,1.83,3,3,3,2,2,2.6,3,3,3,4,3,3.2,2.61,6,5,5,4,5.0,-0.6377956789328766,-0.7606928832291425,1.213065513326371,-0.454361432717983,-1.4388862330481842,-0.9898132227558145,0.685494221862539,-0.6261484347287435,1.0461699603494574,-1.7117777978653153,-1.7240872181015816,-1.1911601628486908,-1.1581809231876783,-0.33704952581664926,1.2594836670179137,-0.6159185107130316,-1.0101861608710925,1.3008078679311557,-0.4245083727422024,-0.0,0.0,-0.0,19-22,Mother-Son,3.6174074074074074,3.6666666666666665,0.48148148148148145,0,0
F2715,10,C4,Central,65,0,Rural,2,Female,2,Female,50,19.6,2,1.54,3.33,2.3,2.29,4,5,6,5,5,5,5.0,5,6,5,6,6,5.6,4,3,3,2,4,3.2,4.64,3,3,3,3,4,3,3.17,5,3,4,5,5,4.4,3,2,1,2,2,2.0,3.22,4,4,4,4,4.0,1.6092818146175363,1.0465610571491897,0.28051771496805755,1.51379944856781,0.04463818092897921,0.5316928187987021,-0.5481353923237118,0.09218503213634173,0.21553595711027312,-1.8558059150120754,-0.9529381449365598,-1.9363014828799414,-1.9468667391192114,1.1229504741833503,0.2594836670179137,1.5540814892869683,1.389813839128907,0.30080786793115566,0.2913873069206008,0.0,0.0,0.0,19-22,Mother-Daughter,3.693157894736842,4.078947368421052,0.6842105263157895,1,0
F2716,10,C4,Central,70,0,Rural,2,Female,1,Male,42,13.5,2,4.11,3.76,4.15,2.89,3,3,3,3,4,3,3.17,5,5,5,5,5,5.0,3,3,4,2,4,3.2,3.96,2,3,2,3,3,3,2.67,3,4,4,4,3,3.6,3,2,1,1,2,1.8,2.71,2,3,3,3,2.75,-0.285719020957236,0.5947475720546067,0.28051771496805755,0.5971217778319612,-0.5089157048833953,-0.14453208855886093,-0.7537403280214202,-0.5083888499967623,-0.8227565469387071,0.20059553536111646,-0.2621171002262282,0.570082957225174,-0.9181461096432982,0.44295047418335054,-0.9905163329820863,-0.27591851071303175,0.7898138391289073,0.30080786793115566,-0.43874967938076864,0.0,-0.0,-0.0,12-15,Mother-Son,3.5570833333333334,3.75,0.5416666666666666,1,0
F2720,7,C1,Central,46,0,Rural,1,Male,1,Male,38,13.2,3,2.92,3.01,2.63,2.93,2,2,3,2,2,2,2.17,6,6,6,5,6,5.8,1,2,1,2,2,1.6,3.43,3,2,2,2,2,2,2.17,3,3,2,2,3,2.6,2,2,1,2,2,1.8,2.07,1,3,2,2,2.0,-1.3212386032385324,1.1971655521807174,-1.2115587624052442,-0.11734758318274442,-1.0624695906957697,-0.9898132227558145,-0.7537403280214202,-1.2620501922814416,-1.4457320493680954,-0.751590350220245,-1.4670375270465748,-1.4892166908611912,-0.849564734344904,-0.08704952581664926,-1.7405163329820863,-1.2759185107130318,1.5898138391289072,-1.2991921320688444,0.15151112146222384,-0.0,-0.0,0.0,12-15,Father-Son,3.492,3.51,0.44,1,0
F2721,15,W3,Western,100,0,Rural,1,Male,2,Female,48,18.9,4,3.19,3.4,3.73,3.01,2,2,3,2,3,1,2.17,2,3,3,3,2,2.6,1,1,2,1,1,1.2,2.08,2,3,3,2,3,3,2.67,1,1,2,1,2,1.4,1,1,1,1,1,1.0,1.71,3,2,3,3,2.75,-1.3212386032385324,-1.2125063683237256,-1.5845778817485696,-1.9372223706730332,-0.5089157048833953,-2.004150583792159,-1.576160070812254,-1.6859846973165735,-0.8227565469387071,-0.5355481745001042,-0.8404789050999943,0.0010659492013095657,-0.7124019837481163,-1.4370495258166494,-0.9905163329820863,-1.2759185107130318,-1.6101861608710926,-1.6991921320688446,1.4234210266255534,-0.0,-0.0,0.0,16-18,Father-Daughter,3.563333333333333,3.5925925925925926,0.6296296296296297,0,1
F2722,12,C6,Central,79,0,Rural,2,Female,2,Female,40,14.0,3,1.52,4.41,3.9,2.9,2,2,2,4,3,3,2.67,6,5,5,5,5,5.2,5,4,4,4,5,4.4,4.08,2,3,1,2,1,3,2.0,3,3,3,3,4,3.2,2,1,2,2,1,1.6,2.46,3,2,2,2,2.25,-0.8034788120978842,0.7453520670861346,1.3995750729980339,0.7588884256088758,-1.250677911871977,-0.4826445422376423,-0.9593452637191285,-0.8027878118267151,-1.2380735485582992,-1.8718090391394933,0.7821472696847395,0.23138235721096867,-0.9010007658187,0.5629504741833506,-1.4905163329820863,-0.7759185107130318,0.9898138391289075,1.5008078679311558,-0.8390868764302944,0.0,-0.0,-0.0,12-15,Mother-Daughter,3.6700000000000004,3.225,0.6,1,0
F2724,15,W3,Western,105,0,Rural,1,Male,2,Female,40,17.0,5,4.58,3.95,4.18,3.72,4,3,4,4,3,4,3.67,5,4,3,5,4,4.2,5,5,4,4,4,4.4,4.18,3,2,3,2,2,2,2.33,4,2,3,3,2,2.8,2,2,2,1,1,1.6,2.34,1,1,2,2,1.5,0.23204077018341215,-0.0076704080715039435,1.3995750729980339,0.8936939654229709,-0.8853323472358098,-0.820756995916424,-0.9593452637191285,-0.9440993135050926,-1.8610490509876876,0.5766689523554354,0.04312940790159361,0.6107270292268776,0.5049174277983816,0.6629504741833503,-2.2405163329820863,0.22408148928696825,-0.010186160871092476,1.5008078679311558,-1.4853513653660153,0.0,-0.0,-0.0,16-18,Father-Daughter,3.337037037037037,3.1203703703703702,0.5555555555555556,0,1
F2725,1,E1,Eastern,7,0,Rural,2,Female,1,Male,43,18.5,1,3.99,3.56,4.48,3.65,2,1,2,1,1,2,1.5,4,4,4,4,4,4.0,1,2,1,2,1,1.4,2.23,1,2,2,1,2,1,1.5,3,3,3,3,4,3.2,3,1,1,1,1,1.4,2.26,5,3,4,4,4.0,-2.015036723367001,-0.15827490310303177,-1.398068322076907,-1.73501406095189,-1.8042317976843516,-0.4826445422376423,-1.1649501994168372,-1.0383069812906776,0.21553595711027312,0.10457679059660938,-0.5834292140449868,1.0171677492439242,0.3849000210261912,-1.2870495258166494,0.2594836670179137,-1.9459185107130317,-0.21018616087109265,-1.4991921320688446,-0.3339683305925712,-0.0,0.0,-0.0,16-18,Mother-Son,3.5557575757575757,3.537878787878788,0.5757575757575758,0,0
F2727,8,C2,Central,51,0,Rural,1,Male,2,Female,46,17.2,1,2.24,3.39,2.03,3.12,1,1,2,1,1,3,1.5,6,4,5,7,6,5.6,2,1,2,1,2,1.6,2.62,1,1,2,1,2,1,1.33,3,4,3,3,4,3.4,1,1,2,2,2,1.6,2.25,3,3,2,3,2.75,-2.015036723367001,1.0465610571491897,-1.2115587624052442,-1.2092724556769177,-1.9924401188605587,-0.3135883153982518,-0.9593452637191285,-1.0500829397638753,-0.8227565469387071,-1.295696570552451,-0.856544510790932,-2.3020981308952826,-0.5238032016775316,-0.8970495258166493,-0.9905163329820863,-1.9459185107130317,1.389813839128907,-1.2991921320688444,0.8885422068152269,-0.0,-0.0,0.0,16-18,Father-Daughter,3.409047619047619,3.5,0.42857142857142855,1,0
F2728,4,E4,Eastern,22,0,Rural,2,Female,1,Male,50,18.9,5,4.66,3.42,2.84,2.72,3,4,4,3,3,3,3.33,4,4,3,4,3,3.6,2,2,2,2,3,2.2,3.24,2,3,3,3,2,3,2.67,2,3,2,2,3,2.4,1,2,2,1,1,1.4,1.93,1,1,3,1,1.5,-0.12003588779222847,-0.4594838931660871,-0.6520300833902559,-0.3734781088295257,-0.5089157048833953,-1.1588694495952054,-1.1649501994168372,-1.426913610906215,-1.8610490509876876,0.6406814488651068,-0.8083476937181184,-1.2047081868492593,-1.2096169546614735,-0.2770495258166492,-2.2405163329820863,-0.11591851071303161,-0.6101861608710926,-0.6991921320688443,0.6207339876371447,-0.0,-0.0,0.0,16-18,Mother-Son,3.5074193548387096,3.4919354838709675,0.45161290322580644,0,0
F2730,1,E1,Eastern,7,0,Rural,1,Male,1,Male,47,17.4,4,3.46,3.56,4.48,3.65,3,3,3,1,3,3,2.67,3,4,3,3,4,3.4,3,2,3,4,2,2.8,2.67,2,3,3,2,3,3,2.67,2,2,3,1,1,1.8,2,3,3,3,4,3.0,2.26,2,3,2,2,2.25,-0.8034788120978842,-0.610088388197615,-0.09250140437526819,-1.14186968576987,-0.5089157048833953,-1.6660381301133775,0.4798892861648304,-1.0383069812906776,-1.2380735485582992,-0.31950599877996344,-0.5834292140449868,1.0171677492439242,0.3849000210261912,-0.8470495258166495,-1.4905163329820863,-0.7759185107130318,-0.8101861608710927,-0.0991921320688447,1.2625411530744475,-0.0,-0.0,0.0,16-18,Father-Son,3.5557575757575757,3.537878787878788,0.5757575757575758,0,0
F2735,7,C1,Central,45,0,Rural,2,Female,1,Male,50,16.1,4,2.68,2.97,3.01,3.44,4,3,3,4,3,4,3.5,5,5,4,4,4,4.4,4,2,3,3,2,2.8,3.55,3,2,3,2,2,1,2.17,3,3,4,1,3,2.8,1,1,1,2,2,1.4,2.29,3,2,2,2,2.25,0.05600244119559184,0.1429340869600239,-0.09250140437526819,0.04441906459416966,-1.0624695906957697,-0.820756995916424,-1.1649501994168372,-1.0029791058710829,-1.2380735485582992,-0.9436278397492588,-1.531299949810326,-0.9743917788396002,0.024847800709621705,0.0329504741833504,-1.4905163329820863,0.05408148928696832,0.1898138391289077,-0.0991921320688447,-0.04911321994978834,0.0,-0.0,-0.0,16-18,Mother-Son,3.4618181818181815,3.534090909090909,0.45454545454545453,1,0
F2737,13,W1,Western,88,0,Rural,2,Female,2,Female,42,22.4,2,4.18,3.73,3.09,2.48,2,2,3,3,2,2,2.33,4,3,4,3,3,3.4,2,1,1,2,2,1.6,2.51,2,2,3,1,3,2,2.17,3,4,4,4,4,3.8,2,1,2,1,1,1.4,2.34,3,3,2,3,2.75,-1.1555554700735249,-0.610088388197615,-1.2115587624052442,-1.357558549472423,-1.0624695906957697,0.02452413828052955,-1.1649501994168372,-0.9440993135050926,-0.8227565469387071,0.2566064698070784,-0.31031391729904173,-0.8660075868350546,-1.621105206451839,-1.0070495258166496,-0.9905163329820863,-1.1159185107130316,-0.8101861608710927,-1.2991921320688444,0.9974990034432566,-0.0,-0.0,0.0,19-22,Mother-Daughter,3.3708333333333336,3.8229166666666665,0.5833333333333334,0,1
F2739,1,E1,Eastern,3,0,Rural,1,Male,2,Female,53,23.3,3,3.74,3.9,3.63,2.24,3,4,3,1,3,3,2.83,5,5,6,6,5,5.4,4,4,4,4,3,3.8,4.04,2,2,2,1,2,2,1.83,2,3,3,1,2,2.2,1,1,1,1,1,1.0,1.59,1,1,1,1,1.0,-0.6377956789328766,0.8959565621176624,0.8400463939830453,0.7049662096832376,-1.4388862330481842,-1.327925676434596,-1.576160070812254,-1.8272961989949508,-2.2763660526072798,-0.09546226099611356,-0.0371986205530966,-0.13441429080437242,-2.032593458242204,0.5229504741833506,-2.7405163329820863,-0.6159185107130316,1.1898138391289077,0.9008078679311553,-1.4331543158401991,0.0,-0.0,-0.0,23-25,Father-Daughter,3.718571428571429,3.3333333333333335,0.5238095238095238,0,0
F2742,6,E6,Eastern,42,0,Rural,2,Female,2,Female,47,16.9,2,1.27,3.18,3.09,3.67,3,3,4,4,3,5,3.67,5,5,5,4,6,5.0,2,1,2,3,3,2.2,3.69,2,3,3,3,3,3,2.83,3,4,3,4,4,3.6,3,3,3,3,4,3.2,3.25,4,4,4,5,4.25,0.23204077018341215,0.5947475720546067,-0.6520300833902559,0.23314682033390347,-0.33177846142343526,-0.14453208855886093,0.685494221862539,0.12751290755593583,0.4231944579200692,-2.071848090732216,-1.193922230300629,-0.8660075868350546,0.4191907086753883,0.17295047418335052,0.5094836670179137,0.22408148928696825,0.7898138391289073,-0.6991921320688443,0.08811544179942044,0.0,0.0,0.0,16-18,Mother-Daughter,3.636060606060606,3.909090909090909,0.5757575757575758,0,0
F2743,7,C1,Central,43,0,Rural,2,Female,2,Female,46,16.9,3,4.09,3.86,3.81,2.49,5,4,4,5,5,3,4.33,5,3,4,3,4,3.8,2,2,2,2,1,1.8,3.38,3,2,3,2,3,3,2.67,4,3,3,4,3,3.4,2,1,3,2,2,2.0,2.79,2,3,3,2,2.5,0.9154836944890679,-0.3088793981345596,-1.0250492027335814,-0.1847503530897925,-0.5089157048833953,-0.3135883153982518,-0.5481353923237118,-0.4141811822111773,-1.0304150477485032,0.18459241123369827,-0.10146104331684848,0.10945014120585517,-1.6039598626272402,-0.13704952581664953,-1.2405163329820863,0.8840814892869684,-0.41018616087109283,-1.0991921320688445,0.17001217520300385,-0.0,-0.0,0.0,16-18,Mother-Daughter,3.569130434782609,3.510869565217391,0.43478260869565216,1,0
F2750,8,C2,Central,54,0,Rural,1,Male,2,Female,44,14.1,1,3.51,3.71,3.01,2.51,3,3,3,3,3,2,2.83,1,1,2,2,1,1.4,1,2,2,2,1,1.6,1.72,2,2,2,3,2,3,2.33,3,3,2,1,1,2.0,2,1,1,2,2,1.6,1.72,3,3,2,3,2.75,-0.6377956789328766,-2.116133338512892,-1.2115587624052442,-2.4225223140037766,-0.8853323472358098,-1.4969819032739868,-0.9593452637191285,-1.6742087388433753,-0.8227565469387071,-0.279498188461419,-0.34244512868091764,-0.9743917788396002,-1.5696691749780438,-1.7970495258166495,-0.9905163329820863,-0.6159185107130316,-2.8101861608710927,-1.2991921320688444,1.7800069064991046,-0.0,-0.0,0.0,12-15,Father-Daughter,3.5553846153846154,4.134615384615385,0.6153846153846154,1,0
F2751,15,W3,Western,105,0,Rural,1,Male,2,Female,51,23.4,2,3.21,3.95,4.18,3.72,4,4,3,2,3,3,3.17,4,4,4,5,5,4.4,3,3,3,4,3,3.2,3.26,3,2,2,2,2,1,2.0,2,3,3,3,2,2.6,1,2,1,2,1,1.4,2.11,3,2,3,4,3.0,-0.285719020957236,0.1429340869600239,0.28051771496805755,-0.34651700086670717,-1.250677911871977,-0.9898132227558145,-1.1649501994168372,-1.214946358388649,-0.6150980461289112,-0.5195450503726864,0.04312940790159361,0.6107270292268776,0.5049174277983816,-0.25704952581664964,-0.7405163329820863,-0.27591851071303175,0.1898138391289077,0.30080786793115566,0.19034937225252951,-0.0,-0.0,0.0,23-25,Father-Daughter,3.337037037037037,3.1203703703703702,0.5555555555555556,0,1
F2753,11,C5,Central,73,0,Rural,2,Female,1,Male,50,22.2,3,4.0,3.04,3.51,3.37,3,2,2,2,2,2,2.17,2,1,3,2,2,2.0,4,3,3,3,4,3.4,2.46,2,1,1,2,1,2,1.5,2,4,2,3,2,2.6,1,3,1,3,1,1.8,1.83,2,2,2,3,2.25,-1.3212386032385324,-1.6643198534183088,0.46702727463972,-1.4249613193794706,-1.8042317976843516,-0.9898132227558145,-0.7537403280214202,-1.544673195638196,-1.2380735485582992,0.11257835266031813,-1.4188407099737605,-0.29699057881119084,-0.09516960606256787,-1.0570495258166495,-1.4905163329820863,-1.2759185107130318,-2.2101861608710927,0.5008078679311554,1.5755495830006856,-0.0,-0.0,0.0,19-22,Mother-Son,3.2838461538461536,3.8365384615384617,0.5384615384615384,1,0
F2755,5,E5,Eastern,33,0,Rural,1,Male,2,Female,40,13.9,2,3.89,2.98,3.33,2.77,2,2,3,3,3,1,2.33,5,4,5,4,4,4.4,5,4,4,5,4,4.4,3.64,2,2,2,3,2,3,2.33,3,3,3,2,2,2.6,3,3,3,3,3,3.0,2.86,3,2,3,2,2.5,-1.1555554700735249,0.1429340869600239,1.3995750729980339,0.16574405042685597,-0.8853323472358098,-0.9898132227558145,0.4798892861648304,-0.3317494728987907,-1.0304150477485032,0.02456116995952013,-1.5152343441193883,-0.5408550108214178,-1.123890235538481,0.1229504741833507,-1.2405163329820863,-1.1159185107130316,0.1898138391289077,1.5008078679311558,-0.1525220713723389,0.0,-0.0,-0.0,12-15,Father-Daughter,3.4548275862068967,4.094827586206897,0.6206896551724138,0,0
F2757,3,E3,Eastern,15,0,Rural,1,Male,1,Male,42,14.4,4,4.83,4.68,4.44,3.04,3,3,3,4,2,3,3.0,4,5,4,5,4,4.4,5,5,5,5,5,5.0,3.78,2,3,1,2,2,1,1.83,5,3,3,3,4,3.6,2,3,3,2,1,2.2,2.58,4,4,5,3,4.0,-0.46175734994505635,0.1429340869600239,1.9591037520130217,0.3544718061665892,-1.4388862330481842,-0.14453208855886093,-0.3425304566260032,-0.6614763101483376,0.21553595711027312,0.7767080039481583,1.2159186233400636,0.9629756532416515,-0.6609659522743202,0.2629504741833504,0.2594836670179137,-0.4459185107130317,0.1898138391289077,2.1008078679311555,0.068231353285195,0.0,0.0,0.0,12-15,Father-Son,3.4895833333333335,3.5416666666666665,0.4166666666666667,0,0
F2758,18,W6,Western,125,0,Rural,1,Male,2,Female,52,23.1,3,3.4,3.34,2.29,2.97,2,2,2,1,3,2,2.0,4,3,2,3,2,2.8,1,1,1,2,2,1.4,2.13,2,2,1,3,1,3,2.0,2,3,2,3,2,2.4,3,2,3,3,2,2.6,2.26,3,3,3,3,3.0,-1.4972769322263526,-1.061901873292198,-1.398068322076907,-1.8698196007659855,-1.250677911871977,-1.1588694495952054,0.06867941476941361,-1.0383069812906776,-0.6150980461289112,-0.367515371162217,-0.9368725392456222,-1.9498495068805093,-0.7809833590465097,-1.3870495258166495,-0.7405163329820863,-1.4459185107130317,-1.4101861608710928,-1.4991921320688446,1.027132828522287,-0.0,-0.0,0.0,23-25,Father-Daughter,3.3248,3.98,0.4,0,1
F2760,18,W6,Western,120,0,Rural,2,Female,2,Female,46,16.1,2,2.28,3.14,3.45,2.92,2,2,2,3,3,3,2.5,6,5,5,5,4,5.0,5,6,5,5,6,5.4,3.96,2,3,3,3,4,3,3.0,3,4,4,4,4,3.8,4,4,3,3,3,3.4,3.21,3,4,3,2,3.0,-0.9795171410857045,0.5947475720546067,2.3321228713563475,0.5971217778319612,-0.14357014024722803,0.02452413828052955,0.8910991575602472,0.08040907366314334,-0.6150980461289112,-1.2636903222976157,-1.2581846530643808,-0.3782787228145994,-0.866710078169503,0.44295047418335054,-0.7405163329820863,-0.9459185107130317,0.7898138391289073,2.500807867931156,-0.328012060834931,0.0,-0.0,-0.0,16-18,Mother-Daughter,3.4250000000000003,3.1354166666666665,0.4166666666666667,0,1
F2766,1,E1,Eastern,2,0,Rural,1,Male,1,Male,40,18.9,4,1.0,3.75,2.82,2.58,3,2,2,3,2,3,2.5,3,5,4,4,2,3.6,4,4,5,4,4,4.2,3.25,2,2,2,2,2,2,2.0,2,3,2,3,3,2.6,1,1,1,1,1,1.0,1.78,2,2,2,2,2.0,-0.9795171410857045,-0.4594838931660871,1.213065513326371,-0.35999755484811646,-1.250677911871977,-0.9898132227558145,-1.576160070812254,-1.6035529880041866,-1.4457320493680954,-2.287890266452357,-0.27818270591716576,-1.2318042348503957,-1.4496517682058534,-0.2670495258166494,-1.7405163329820863,-0.9459185107130317,-0.6101861608710926,1.3008078679311557,0.46480406139899966,-0.0,-0.0,0.0,16-18,Father-Son,3.7009999999999996,3.75,0.55,0,0
F2768,6,E6,Eastern,39,0,Rural,1,Male,2,Female,48,20.8,4,3.51,3.2,3.65,2.76,4,4,4,4,3,4,3.83,4,3,3,3,3,3.2,5,5,4,4,4,4.4,3.93,4,3,3,3,4,4,3.5,3,2,2,3,2,2.4,3,3,2,3,4,3.0,3.25,4,5,5,5,4.75,0.3977239033484197,-0.7606928832291425,1.3995750729980339,0.5566801158877328,0.40998374556514644,-1.1588694495952054,0.4798892861648304,0.12751290755593583,0.8385114595396613,-0.279498188461419,-1.161791018918753,-0.10731824280323603,-1.14103557936308,0.41295047418335074,1.0094836670179137,0.3840814892869684,-1.0101861608710925,1.5008078679311558,0.4168667589753952,0.0,0.0,0.0,19-22,Father-Daughter,3.795625,3.875,0.5625,0,0
F2770,13,W1,Western,90,0,Rural,1,Male,1,Male,48,18.3,3,2.12,3.02,2.42,2.99,4,3,4,3,4,5,3.83,3,4,4,4,4,3.8,2,2,3,2,3,2.4,3.25,4,3,3,4,3,4,3.5,3,2,2,2,3,2.4,1,2,2,1,2,1.6,2.67,4,5,5,3,4.25,0.3977239033484197,-0.3088793981345596,-0.4655205237185935,-0.35999755484811646,0.40998374556514644,-1.1588694495952054,-0.9593452637191285,-0.5554926838895548,0.4231944579200692,-1.3917153153169581,-1.4509719213556365,-1.773725194873123,-0.7466926713973127,-0.2670495258166494,0.5094836670179137,0.3840814892869684,-0.41018616087109283,-0.4991921320688446,-0.13605737168846158,-0.0,0.0,-0.0,16-18,Father-Son,3.4153846153846152,3.4326923076923075,0.38461538461538464,0,1
F2773,14,W2,Western,95,0,Rural,2,Female,2,Female,43,17.0,5,2.03,4.22,3.12,4.17,2,3,2,2,2,2,2.17,2,2,3,2,2,2.2,1,2,2,2,1,1.6,2.27,3,3,3,2,2,2,2.5,3,2,3,3,2,2.6,2,2,1,3,1,1.8,2.32,3,4,3,3,3.25,-1.3212386032385324,-1.513715358386781,-1.2115587624052442,-1.6810918450262518,-0.6971240260596026,-0.9898132227558145,-0.7537403280214202,-0.9676512304514888,-0.4074395453191151,-1.4637293738903387,0.47690076155691774,-0.8253635148333497,1.2764578999053158,-1.2470495258166494,-0.4905163329820863,-1.2759185107130318,-2.0101861608710925,-1.2991921320688444,0.6116981604506324,-0.0,-0.0,0.0,16-18,Mother-Daughter,3.0213636363636365,3.159090909090909,0.45454545454545453,0,1
F2774,17,W5,Western,118,0,Rural,2,Female,1,Male,40,18.3,3,2.97,3.02,3.22,2.88,5,5,5,5,4,4,4.67,2,3,2,3,3,2.6,3,4,4,4,4,3.8,3.27,3,3,4,4,4,4,3.67,2,3,3,4,3,3.0,3,4,4,4,2,3.4,3.31,5,6,6,5,5.5,1.2675603524647086,-1.2125063683237256,0.8400463939830453,-0.3330364468852973,0.5981920667413537,-0.6517007690770332,0.8910991575602472,0.19816865839512457,1.4614869619690496,-0.7115825399017002,-1.4509719213556365,-0.6898832748276678,-0.9352914534678972,-0.2470495258166494,1.7594836670179137,1.2240814892869682,-1.6101861608710926,0.9008078679311553,-0.43467960561891505,-0.0,0.0,-0.0,16-18,Mother-Son,3.4221428571428567,3.6607142857142856,0.35714285714285715,0,1
F2777,13,W1,Western,86,0,Rural,1,Male,1,Male,44,16.5,3,4.08,2.68,3.14,3.64,2,3,2,3,3,2,2.5,4,5,5,6,4,4.8,3,2,1,2,2,2.0,3.15,2,1,2,3,2,2,2.0,3,4,4,4,3,3.6,2,2,3,2,2,2.2,2.87,4,4,4,3,3.75,-0.9795171410857045,0.4441430770230789,-0.8385396430619187,-0.494803094662212,-1.250677911871977,-0.14453208855886093,-0.3425304566260032,-0.3199735144255923,0.007877456300477073,0.17659084916998952,-1.9972025148475268,-0.7982674668322133,0.367754677201593,-0.3670495258166495,0.0094836670179137,-0.9459185107130317,0.5898138391289072,-0.8991921320688445,-0.003480975481928222,-0.0,0.0,-0.0,16-18,Father-Son,3.28962962962963,3.6481481481481484,0.4444444444444444,0,1
F2779,3,E3,Eastern,18,0,Rural,1,Male,2,Female,43,14.5,3,2.65,4.05,3.49,3.46,3,2,3,3,3,5,3.17,4,4,6,4,5,4.6,1,3,3,3,2,2.4,3.36,4,3,3,3,3,3,3.17,4,3,4,5,4,4.0,1,1,1,2,1,1.2,3.03,3,3,4,4,3.5,-0.285719020957236,0.2935385819915511,-0.4655205237185935,-0.21171146105261163,0.04463818092897921,0.1935803651199204,-1.3705551351145455,-0.13155817885442286,-0.199781044509319,-0.9676325259403857,0.2037854648109726,-0.32408662681232664,0.05913848835881884,-0.15704952581664955,-0.2405163329820863,-0.27591851071303175,0.389813839128907,-0.4991921320688446,0.03777297604599604,-0.0,-0.0,0.0,12-15,Father-Daughter,3.6612500000000003,3.71875,0.7083333333333334,0,0
F2780,9,C3,Central,61,0,Rural,1,Male,2,Female,41,13.1,2,3.71,3.55,2.98,3.67,2,3,3,3,3,3,2.83,4,4,4,4,4,4.0,4,4,5,3,5,4.2,3.66,5,2,3,3,3,4,3.33,4,3,4,3,4,3.6,2,3,2,3,2,2.4,3.13,3,3,3,3,3.0,-0.6377956789328766,-0.15827490310303177,1.213065513326371,0.19270515838967509,0.2217754243889392,-0.14453208855886093,-0.13692552092829502,-0.013798594122441638,-0.6150980461289112,-0.1194669471872405,-0.5994948197359252,-1.0150358508413044,0.4191907086753883,0.14295047418335072,-0.7405163329820863,-0.6159185107130316,-0.21018616087109265,1.3008078679311557,-0.10585716094030527,0.0,-0.0,-0.0,12-15,Father-Daughter,3.3058333333333336,3.7083333333333335,0.375,1,0
F2781,14,W2,Western,93,0,Rural,2,Female,2,Female,44,14.8,3,1.0,3.89,2.72,2.47,2,3,3,3,2,2,2.5,4,3,2,3,3,3.0,3,2,2,3,2,2.4,2.74,3,2,1,1,2,1,1.67,2,3,2,3,3,2.6,2,1,1,1,1,1.2,2.01,2,3,3,3,2.75,-0.9795171410857045,-0.9112973782606704,-0.4655205237185935,-1.047505807900003,-1.6160234765081443,-0.9898132227558145,-1.3705551351145455,-1.3327059431206303,-0.8227565469387071,-2.287890266452357,-0.053264226244034214,-1.367284474856077,-1.6382505502764373,-0.7770495258166492,-0.9905163329820863,-0.9459185107130317,-1.2101861608710927,-0.4991921320688446,0.7696802468573763,-0.0,-0.0,0.0,12-15,Mother-Daughter,3.3927272727272726,3.772727272727273,0.4090909090909091,0,1
F2783,13,W1,Western,85,0,Rural,2,Female,2,Female,37,13.8,3,3.03,3.69,3.93,3.15,2,3,3,3,3,3,2.83,5,5,5,5,6,5.2,3,1,2,2,1,1.8,3.63,2,4,3,3,3,3,3.0,3,4,4,4,4,3.8,2,2,3,1,1,1.8,2.81,4,3,3,3,3.25,-0.6377956789328766,0.7453520670861346,-1.0250492027335814,0.15226349644544612,-0.14357014024722803,0.02452413828052955,-0.7537403280214202,-0.39062926526478103,-0.4074395453191151,-0.663573167519447,-0.3745763400627936,0.27202642921267356,-0.4723671702037363,0.11295047418335047,-0.4905163329820863,-0.6159185107130316,0.9898138391289075,-1.0991921320688445,-0.05540405240500488,0.0,-0.0,-0.0,12-15,Mother-Daughter,3.5095652173913043,4.032608695652174,0.5217391304347826,0,1
F2784,2,E2,Eastern,10,0,Rural,2,Female,2,Female,40,17.0,2,4.01,3.38,2.75,2.71,2,1,1,2,1,1,1.33,3,3,4,3,4,3.4,3,3,2,3,2,2.6,2.59,2,2,3,3,3,2,2.5,2,1,1,2,1,1.4,2,2,2,2,2,2.0,1.88,1,2,3,2,2.0,-2.191075052354821,-0.610088388197615,-0.27901096404693065,-1.2497141176211466,-0.6971240260596026,-2.004150583792159,-0.5481353923237118,-1.4857934032722055,-1.4457320493680954,0.12057991472402686,-0.8726101164818703,-1.3266404028543728,-1.2267622984860724,-0.9270495258166496,-1.7405163329820863,-2.1159185107130316,-0.8101861608710927,-0.29919213206884443,1.613544841167177,-0.0,-0.0,0.0,16-18,Mother-Daughter,3.5320689655172415,3.7241379310344827,0.6206896551724138,0,0
F2787,7,C1,Central,43,0,Rural,2,Female,2,Female,38,12.4,3,5.04,3.86,3.81,2.49,3,3,3,4,4,2,3.17,5,5,4,6,5,5.0,2,1,1,1,1,1.2,2.78,3,4,3,1,2,3,2.67,4,5,4,4,4,4.2,2,2,3,2,1,2.0,2.83,2,3,3,2,2.5,-0.285719020957236,0.5947475720546067,-1.5845778817485696,-0.9935835919743653,-0.5089157048833953,0.3626365919593113,-0.5481353923237118,-0.3670773483183848,-1.0304150477485032,0.9447408072860455,-0.10146104331684848,0.10945014120585517,-1.6039598626272402,-0.7370495258166496,-1.2405163329820863,-0.27591851071303175,0.7898138391289073,-1.6991921320688446,0.9143219749922558,-0.0,-0.0,0.0,12-15,Mother-Daughter,3.569130434782609,3.510869565217391,0.43478260869565216,1,0
F2788,9,C3,Central,61,0,Rural,1,Male,2,Female,43,21.0,2,3.32,3.55,2.98,3.67,3,4,3,3,3,3,3.17,1,1,3,1,2,1.6,3,4,4,3,3,3.4,2.93,4,4,4,4,5,3,4.0,4,4,3,4,5,4.0,4,4,5,4,3,4.0,4.08,6,6,6,6,6.0,-0.285719020957236,-1.9655288434813643,0.46702727463972,-0.7913752822532216,0.9635376313775209,0.1935803651199204,1.5079139646533726,1.1049174608313792,1.8768039635886415,-0.4315278676718884,-0.5994948197359252,-1.0150358508413044,0.4191907086753883,-0.5870495258166493,2.2594836670179137,-0.27591851071303175,-2.6101861608710926,0.5008078679311554,-1.3264288153133301,-0.0,0.0,-0.0,19-22,Father-Daughter,3.3058333333333336,3.7083333333333335,0.375,1,0
F2792,7,C1,Central,45,0,Rural,2,Female,2,Female,48,22.4,3,3.4,2.97,3.01,3.44,3,2,3,3,3,2,2.67,1,1,1,1,1,1.0,2,2,3,2,2,2.2,1.94,3,3,3,3,4,2,3.0,2,1,1,1,2,1.4,2,2,2,3,2,2.2,2.1,3,3,3,3,3.0,-0.8034788120978842,-2.4173423285759474,-0.6520300833902559,-2.125950126412767,-0.14357014024722803,-2.004150583792159,-0.3425304566260032,-1.2267223168618469,-0.6150980461289112,-0.367515371162217,-1.531299949810326,-0.9743917788396002,0.024847800709621705,-1.5770495258166495,-0.7405163329820863,-0.7759185107130318,-3.2101861608710927,-0.6991921320688443,1.1678309317888833,-0.0,-0.0,0.0,19-22,Mother-Daughter,3.4618181818181815,3.534090909090909,0.45454545454545453,1,0
F2793,6,E6,Eastern,41,0,Rural,2,Female,2,Female,46,18.6,3,3.28,3.21,4.31,2.5,4,4,3,4,4,2,3.5,4,5,6,4,5,4.8,5,3,4,5,4,4.2,3.81,3,3,3,3,3,4,3.17,4,4,4,5,4,4.2,3,3,2,3,2,2.6,3.26,4,4,5,4,4.25,0.05600244119559184,0.4441430770230789,1.213065513326371,0.3949134681108181,0.04463818092897921,0.3626365919593113,0.06867941476941361,0.1392888660291337,0.4231944579200692,-0.46353411592672406,-1.1457254132278154,0.7868513412342639,-1.586814518802642,0.29295047418335063,0.5094836670179137,0.05408148928696832,0.5898138391289072,1.3008078679311557,0.14925348184157014,0.0,0.0,0.0,16-18,Mother-Daughter,3.464090909090909,3.465909090909091,0.5454545454545454,0,0
F2794,4,E4,Eastern,27,0,Rural,2,Female,2,Female,45,16.2,2,5.72,3.06,2.86,2.82,5,4,3,5,4,4,4.17,3,3,4,5,4,3.8,1,2,1,1,1,1.2,3.08,6,5,4,4,4,4,4.5,2,4,3,3,3,3.0,3,1,1,1,2,1.6,3.17,4,4,4,4,4.0,0.7498005613240603,-0.3088793981345596,-1.5845778817485696,-0.5891669725320786,1.5170915171898955,-0.6517007690770332,-0.9593452637191285,0.03330523977035085,0.21553595711027312,1.4888470276182517,-1.3867094985918846,-1.1776121388481229,-1.0381635164154885,-0.43704952581664935,0.2594836670179137,0.7240814892869682,-0.41018616087109283,-1.6991921320688446,-0.11340721362734452,-0.0,0.0,-0.0,16-18,Mother-Daughter,3.616842105263158,4.0,0.631578947368421,0,0
F2795,9,C3,Central,58,0,Rural,2,Female,1,Male,44,16.4,2,2.42,3.04,2.73,3.17,1,1,1,3,1,1,1.33,2,2,2,3,1,2.0,3,3,4,3,3,3.2,2.24,3,4,3,4,2,3,3.17,2,3,3,2,2,2.4,2,2,2,3,2,2.2,2.37,3,4,3,4,3.5,-2.191075052354821,-1.6643198534183088,0.28051771496805755,-1.7215335069704802,0.04463818092897921,-1.1588694495952054,-0.3425304566260032,-0.9087714380854979,-0.199781044509319,-1.151668453405691,-1.4188407099737605,-1.3537364508555092,-0.4380764825545392,-1.2770495258166492,-0.2405163329820863,-2.1159185107130316,-2.2101861608710927,0.30080786793115566,0.3071512689859326,-0.0,-0.0,0.0,16-18,Mother-Son,3.3766666666666665,3.475,0.43333333333333335,1,0
F2797,12,C6,Central,83,0,Rural,1,Male,2,Female,35,12.9,2,1.48,3.81,3.97,3.46,3,5,4,5,3,4,4.0,1,2,3,2,3,2.2,4,4,3,4,5,4.0,3.52,1,3,3,3,2,3,2.5,2,2,2,2,2,2.0,2,3,1,2,3,2.2,2.33,3,2,3,3,2.75,0.57376223233624,-1.513715358386781,1.0265559536547082,0.003977402649941291,-0.6971240260596026,-1.4969819032739868,-0.3425304566260032,-0.9558752719782904,-0.8227565469387071,-1.903815287394329,-0.18178907177153797,0.3262185252149464,0.05913848835881884,0.002950474183350593,-0.9905163329820863,0.5540814892869683,-2.0101861608710925,1.1008078679311555,-0.002922492868650745,0.0,-0.0,-0.0,12-15,Father-Daughter,3.5046666666666666,3.9916666666666667,0.6666666666666666,1,0
F2798,5,E5,Eastern,34,0,Rural,1,Male,2,Female,42,15.8,3,4.82,3.13,2.93,2.16,3,3,3,3,2,3,2.83,5,5,6,4,4,4.8,1,2,1,1,2,1.4,2.92,3,3,3,2,2,3,2.67,3,3,4,3,2,3.0,1,1,1,1,1,1.0,2.17,3,3,3,4,3.25,-0.6377956789328766,0.4441430770230789,-1.398068322076907,-0.8048558362346315,-0.5089157048833953,-0.6517007690770332,-1.576160070812254,-1.1442906075494603,-0.4074395453191151,0.7687064418844496,-1.2742502587553193,-1.0827759708441451,-2.1697562088389923,-0.5970495258166495,-0.4905163329820863,-0.6159185107130316,0.5898138391289072,-1.4991921320688446,0.29286254401227635,-0.0,-0.0,0.0,12-15,Father-Daughter,3.33125,3.453125,0.375,0,0
F2799,12,C6,Central,79,0,Rural,2,Female,1,Male,50,18.4,2,2.69,4.41,3.9,2.9,3,4,3,4,4,5,3.83,5,4,3,4,5,4.2,2,3,1,2,2,2.0,3.45,1,2,2,2,1,2,1.67,3,3,2,3,3,2.8,1,1,1,1,1,1.0,1.86,1,1,2,2,1.5,0.3977239033484197,-0.0076704080715039435,-0.8385396430619187,-0.09038647521992531,-1.6160234765081443,-0.820756995916424,-1.576160070812254,-1.5093453202186016,-1.8610490509876876,-0.9356262776855501,0.7821472696847395,0.23138235721096867,-0.9010007658187,-0.06704952581664925,-2.2405163329820863,0.3840814892869684,-0.010186160871092476,-0.8991921320688445,0.1502255577109067,-0.0,-0.0,0.0,16-18,Mother-Son,3.6700000000000004,3.225,0.6,1,0
F2800,16,W4,Western,108,0,Rural,2,Female,2,Female,47,20.3,2,5.75,3.36,3.37,2.46,5,5,4,5,4,3,4.33,4,4,5,4,5,4.4,5,3,4,3,3,3.6,4.07,2,4,3,2,4,3,3.0,4,3,4,4,3,3.6,4,4,4,3,3,3.6,3.42,5,5,4,3,4.25,0.9154836944890679,0.1429340869600239,0.6535368343113829,0.7454078716274666,-0.14357014024722803,-0.14453208855886093,1.0967040932579557,0.32770420160030367,0.4231944579200692,1.5128517138093787,-0.9047413278637463,-0.48666291481914503,-1.6553958941010363,0.5529504741833509,0.5094836670179137,0.8840814892869684,0.1898138391289077,0.7008078679311556,0.28171923526622783,0.0,0.0,0.0,19-22,Mother-Daughter,3.373,4.225,0.5,0,1
F2802,16,W4,Western,107,0,Rural,2,Female,2,Female,43,13.6,4,5.19,3.59,2.9,2.83,5,5,5,4,5,5,4.83,4,4,3,3,4,3.6,4,4,4,5,4,4.2,4.3,5,5,4,4,5,4,4.5,5,6,5,5,6,5.4,4,4,4,3,4,3.8,4.58,4,5,5,4,4.5,1.433243485629716,-0.4594838931660871,1.213065513326371,1.0554606131998856,1.5170915171898955,1.3769739529956557,1.302309028955664,1.693715384491285,0.6308529587298652,1.0647642382416795,-0.5352323969721733,-1.12342004284585,-1.0210181725908896,0.7829504741833504,0.7594836670179137,1.3840814892869684,-0.6101861608710926,1.3008078679311557,0.5946380972261853,0.0,0.0,0.0,12-15,Mother-Daughter,3.7623809523809526,4.142857142857143,0.5238095238095238,0,1
F2804,1,E1,Eastern,5,0,Rural,2,Female,1,Male,40,13.3,2,3.97,3.67,3.29,2.6,2,3,3,3,2,3,2.67,6,7,5,5,6,5.8,3,4,3,3,3,3.2,3.65,3,2,3,2,2,2,2.33,5,4,5,6,5,5.0,3,2,3,3,4,3.0,3.48,5,4,5,5,4.75,-0.8034788120978842,1.1971655521807174,0.28051771496805755,0.17922460440826524,-0.8853323472358098,1.038861499316874,0.4798892861648304,0.3983599524394924,0.8385114595396613,0.08857366646919153,-0.4067075514446695,-0.5950471068236907,-1.4153610805566563,0.1329504741833505,1.0094836670179137,-0.7759185107130318,1.5898138391289072,0.30080786793115566,0.13421133221037912,0.0,0.0,0.0,12-15,Mother-Son,3.402727272727273,3.7954545454545454,0.6363636363636364,0,0
F2807,6,E6,Eastern,42,0,Rural,2,Female,2,Female,44,13.5,2,1.72,3.18,3.09,3.67,4,3,3,4,5,4,3.83,3,4,3,3,3,3.2,3,3,3,3,3,3.0,3.26,3,3,3,3,3,2,2.83,2,3,2,3,1,2.2,1,3,2,2,2,2.0,2.33,2,3,2,2,2.25,0.3977239033484197,-0.7606928832291425,0.09400815529639468,-0.34651700086670717,-0.33177846142343526,-1.327925676434596,-0.5481353923237118,-0.9558752719782904,-1.2380735485582992,-1.7117777978653153,-1.193922230300629,-0.8660075868350546,0.4191907086753883,-0.25704952581664964,-1.4905163329820863,0.3840814892869684,-1.0101861608710925,0.10080786793115548,0.38313651661501674,-0.0,-0.0,0.0,12-15,Mother-Daughter,3.636060606060606,3.909090909090909,0.5757575757575758,0,0
F2810,7,C1,Central,43,0,Rural,1,Male,2,Female,39,13.4,1,4.34,3.86,3.81,2.49,4,5,4,4,4,4,4.17,5,4,5,4,4,4.4,3,3,3,3,3,3.0,4.14,3,4,3,4,4,4,3.67,3,4,2,2,2,2.6,2,1,1,2,1,1.4,2.58,3,2,3,1,2.25,0.7498005613240603,0.1429340869600239,0.09400815529639468,0.8397717494973326,0.5981920667413537,-0.9898132227558145,-1.1649501994168372,-0.6614763101483376,-1.2380735485582992,0.3846314628264212,-0.10146104331684848,0.10945014120585517,-1.6039598626272402,0.6229504741833503,-1.4905163329820863,0.7240814892869682,0.1898138391289077,0.10080786793115548,-0.928517856409219,0.0,-0.0,-0.0,12-15,Father-Daughter,3.569130434782609,3.510869565217391,0.43478260869565216,1,0
F2814,15,W3,Western,103,0,Rural,1,Male,2,Female,36,12.2,4,3.92,4.29,3.35,3.23,2,2,2,2,3,2,2.17,2,3,3,2,2,2.4,2,3,3,2,2,2.4,2.18,2,2,2,2,2,2,2.0,3,3,2,2,2,2.4,2,2,2,3,1,2.0,2.17,3,3,3,4,3.25,-1.3212386032385324,-1.3631108633552536,-0.4655205237185935,-1.8024168308589374,-1.250677911871977,-1.1588694495952054,-0.5481353923237118,-1.1442906075494603,-0.4074395453191151,0.04856585615064673,0.5893600013934839,-0.5137589628202814,-0.3352044196069478,-1.3370495258166493,-0.4905163329820863,-1.2759185107130318,-1.8101861608710927,-0.4991921320688446,0.6558446304190201,-0.0,-0.0,0.0,12-15,Father-Daughter,3.6488888888888886,3.537037037037037,0.6666666666666666,0,1
F2815,17,W5,Western,113,0,Rural,1,Male,2,Female,49,21.6,3,5.42,3.5,3.33,3.99,3,3,4,3,4,4,3.5,3,4,3,4,3,3.4,4,5,6,5,5,5.0,3.99,3,1,2,2,1,3,2.0,3,3,3,4,2,3.0,2,3,2,2,2,2.2,2.53,2,2,2,3,2.25,0.05600244119559184,-0.610088388197615,1.9591037520130217,0.6375634397761901,-1.250677911871977,-0.6517007690770332,-0.3425304566260032,-0.7203561025143285,-1.2380735485582992,1.2488001657069843,-0.6798228481906147,-0.5408550108214178,0.9678417110625425,0.4729504741833508,-1.4905163329820863,0.05408148928696832,-0.8101861608710927,2.1008078679311555,-0.7049404064619069,0.0,-0.0,-0.0,19-22,Father-Daughter,3.815909090909091,3.8863636363636362,0.6818181818181818,0,1
F2816,12,C6,Central,82,0,Rural,1,Male,2,Female,42,12.2,3,5.58,3.02,3.37,3.47,3,3,3,1,3,3,2.67,6,5,6,6,6,5.8,3,2,2,2,1,2.0,3.37,3,2,3,2,1,2,2.17,5,4,5,4,3,4.2,1,3,2,2,2,2.0,2.86,3,3,3,3,3.0,-0.8034788120978842,1.1971655521807174,-0.8385396430619187,-0.19823090707120175,-1.0624695906957697,0.3626365919593113,-0.5481353923237118,-0.3317494728987907,-0.6150980461289112,1.3768251587263272,-1.4509719213556365,-0.48666291481914503,0.07628383218341778,-0.14704952581664932,-0.7405163329820863,-0.7759185107130318,1.5898138391289072,-0.8991921320688445,0.10889257562449978,-0.0,-0.0,0.0,12-15,Father-Daughter,3.6412,4.06,0.6,1,0
F2817,4,E4,Eastern,24,0,Rural,2,Female,1,Male,48,18.6,1,4.18,3.62,3.33,3.54,2,2,2,2,2,2,2.0,2,3,3,3,2,2.6,3,3,3,3,2,2.8,2.55,2,2,2,2,2,2,2.0,3,2,3,3,1,2.4,1,2,1,1,1,1.2,1.84,3,2,2,2,2.25,-1.4972769322263526,-1.2125063683237256,-0.09250140437526819,-1.3036363335467849,-1.250677911871977,-1.1588694495952054,-1.3705551351145455,-1.5328972371649978,-1.2380735485582992,0.2566064698070784,-0.48703557989935903,-0.5408550108214178,0.19630123895560736,-0.9670495258166496,-1.4905163329820863,-1.4459185107130317,-1.6101861608710926,-0.0991921320688447,1.441403113032298,-0.0,-0.0,0.0,16-18,Mother-Son,3.5157692307692305,3.4615384615384617,0.4230769230769231,0,0
F2823,12,C6,Central,79,0,Rural,2,Female,2,Female,42,20.0,1,4.49,4.41,3.9,2.9,5,4,5,5,5,5,4.83,5,5,4,4,5,4.6,5,5,5,5,5,5.0,4.69,3,3,2,1,2,3,2.33,3,4,3,3,4,3.4,3,2,3,2,2,2.4,2.81,4,3,4,2,3.25,1.433243485629716,0.2935385819915511,1.9591037520130217,1.5812022184748584,-0.8853323472358098,-0.3135883153982518,-0.13692552092829502,-0.39062926526478103,-0.4074395453191151,0.5046548937820552,0.7821472696847395,0.23138235721096867,-0.9010007658187,1.172950474183351,-0.4905163329820863,1.3840814892869684,0.389813839128907,2.1008078679311555,-0.5753513653660166,0.0,-0.0,-0.0,19-22,Mother-Daughter,3.6700000000000004,3.225,0.6,1,0
F2824,4,E4,Eastern,22,0,Rural,2,Female,1,Male,43,15.7,4,3.93,3.42,2.84,2.72,3,4,5,3,3,4,3.67,5,5,6,5,5,5.2,2,2,3,3,3,2.6,3.69,3,3,3,3,3,3,3.0,3,5,3,3,3,3.4,2,2,2,3,3,2.4,2.89,4,4,4,4,4.0,0.23204077018341215,0.7453520670861346,-0.27901096404693065,0.23314682033390347,-0.14357014024722803,-0.3135883153982518,-0.13692552092829502,-0.29642159747919605,0.21553595711027312,0.056567418214355826,-0.8083476937181184,-1.2047081868492593,-1.2096169546614735,0.17295047418335052,0.2594836670179137,0.22408148928696825,0.9898138391289075,-0.29919213206884443,0.044877823253582805,0.0,0.0,0.0,12-15,Mother-Son,3.5074193548387096,3.4919354838709675,0.45161290322580644,0,0
F2826,10,C4,Central,66,0,Rural,1,Male,2,Female,45,19.1,4,1.67,4.29,4.3,3.24,2,3,3,3,3,3,2.83,7,7,7,7,7,7.0,3,2,2,1,1,1.8,4.0,2,1,1,2,1,1,1.33,3,3,3,4,3,3.2,1,1,2,1,2,1.4,1.91,1,1,2,1,1.25,-0.6377956789328766,2.100792522369884,-1.0250492027335814,0.6510439937575994,-1.9924401188605587,-0.4826445422376423,-1.1649501994168372,-1.4504655278526113,-2.0687075517974836,-1.7517856081838596,0.5893600013934839,0.773303317233696,-0.3180590757823488,0.4829504741833506,-2.4905163329820863,-0.6159185107130316,2.7898138391289073,-1.0991921320688445,-1.202796043975078,0.0,-0.0,-0.0,19-22,Father-Daughter,3.546666666666667,3.425925925925926,0.4444444444444444,1,0
F2829,1,E1,Eastern,2,0,Rural,1,Male,1,Male,43,15.4,2,3.54,3.75,2.82,2.58,5,5,4,5,5,5,4.83,4,4,4,4,4,4.0,5,5,4,4,5,4.6,4.17,4,2,3,4,3,3,3.17,4,3,3,4,2,3.2,2,2,2,2,2,2.0,2.62,3,4,3,4,3.5,1.433243485629716,-0.15827490310303177,1.5860846326696958,0.8802134114415616,0.04463818092897921,-0.4826445422376423,-0.5481353923237118,-0.6143724762555451,-0.199781044509319,-0.25549350227029205,-0.27818270591716576,-1.2318042348503957,-1.4496517682058534,0.6529504741833505,-0.2405163329820863,1.3840814892869684,-0.21018616087109265,1.7008078679311551,-0.15704525366949387,0.0,-0.0,-0.0,12-15,Father-Son,3.7009999999999996,3.75,0.55,0,0
F2830,11,C5,Central,75,0,Rural,1,Male,1,Male,35,12.5,3,2.69,3.62,2.71,3.05,4,3,2,3,3,3,3.0,5,4,4,4,4,4.2,3,2,1,2,3,2.2,3.15,2,3,3,3,3,3,2.83,2,3,3,3,3,2.8,2,2,3,1,2,2.0,2.6,2,3,1,3,2.25,-0.46175734994505635,-0.0076704080715039435,-0.6520300833902559,-0.494803094662212,-0.33177846142343526,-0.820756995916424,-0.5481353923237118,-0.6379243932019414,-1.2380735485582992,-0.9356262776855501,-0.48703557989935903,-1.3808324988566456,-0.643820608449722,-0.3670495258166495,-1.4905163329820863,-0.4459185107130317,-0.010186160871092476,-0.6991921320688443,0.547093313243046,-0.0,-0.0,0.0,12-15,Father-Son,3.659473684210526,3.8421052631578947,0.7368421052631579,1,0
F2833,14,W2,Western,92,0,Rural,1,Male,2,Female,45,18.5,3,2.0,4.35,3.7,3.77,2,2,2,2,2,1,1.83,4,4,4,4,3,3.8,2,2,2,2,2,2.0,2.62,2,3,2,2,2,3,2.33,3,3,2,3,4,3.0,3,2,3,3,3,2.8,2.7,4,4,4,3,3.75,-1.673315261214173,-0.3088793981345596,-0.8385396430619187,-1.2092724556769177,-0.8853323472358098,-0.6517007690770332,0.2742843504671218,-0.5201648084699602,0.007877456300477073,-1.4877340600814652,0.685753635539111,-0.03957812280039473,0.590644146921374,-0.8970495258166493,0.0094836670179137,-1.6159185107130316,-0.41018616087109283,-0.8991921320688445,-0.008507319001422481,-0.0,0.0,-0.0,16-18,Father-Daughter,3.7422222222222223,3.8055555555555554,0.5555555555555556,0,1
F2834,11,C5,Central,71,0,Rural,1,Male,1,Male,49,21.8,5,3.18,3.96,2.82,4.02,5,3,5,5,6,4,4.67,3,4,3,4,4,3.6,3,3,3,3,3,3.0,3.78,5,4,3,5,4,5,4.33,3,2,4,4,3,3.2,3,3,4,3,3,3.2,3.61,6,7,5,5,5.75,1.2675603524647086,-0.4594838931660871,0.09400815529639468,0.3544718061665892,1.3288831960136882,-0.4826445422376423,0.685494221862539,0.5514474125910677,1.6691454627788456,-0.543549736563813,0.05919501359253122,-1.2318042348503957,1.019277742536337,0.2629504741833504,2.0094836670179137,1.2240814892869682,-0.6101861608710926,0.10080786793115548,0.5283946831060582,0.0,0.0,0.0,19-22,Father-Son,3.4165217391304346,3.782608695652174,0.6086956521739131,1,0
F2836,8,C2,Central,51,0,Rural,2,Female,2,Female,41,14.1,2,3.6,3.39,2.03,3.12,4,4,3,4,2,3,3.33,4,4,4,4,4,4.0,2,3,3,3,2,2.6,3.34,3,1,2,4,2,3,2.5,4,4,4,4,4,4.0,2,3,2,2,2,2.2,2.91,3,3,3,2,2.75,-0.12003588779222847,-0.15827490310303177,-0.27901096404693065,-0.2386725690154307,-0.6971240260596026,0.1935803651199204,-0.3425304566260032,-0.2728696805327998,-0.8227565469387071,-0.2074841298880385,-0.856544510790932,-2.3020981308952826,-0.5238032016775316,-0.17704952581664957,-0.9905163329820863,-0.11591851071303161,-0.21018616087109265,-0.29919213206884443,0.17537044706812493,-0.0,-0.0,0.0,12-15,Mother-Daughter,3.409047619047619,3.5,0.42857142857142855,1,0
F2838,2,E2,Eastern,8,0,Rural,2,Female,2,Female,50,22.4,3,2.57,3.18,2.95,2.37,3,2,3,2,2,2,2.33,4,4,4,4,5,4.2,6,6,6,6,6,6.0,4.34,2,2,4,2,3,3,2.67,2,2,2,1,2,1.8,2,1,2,1,1,1.4,2.11,2,2,3,2,2.25,-1.1555554700735249,-0.0076704080715039435,2.891651550371335,1.1093828291255237,-0.5089157048833953,-1.6660381301133775,-1.1649501994168372,-1.214946358388649,-1.2380735485582992,-1.031645022450057,-1.193922230300629,-1.0556799228430087,-1.8097039885224229,0.8229504741833504,-1.4905163329820863,-1.1159185107130316,-0.010186160871092476,3.1008078679311555,-1.2266211230056365,0.0,-0.0,-0.0,19-22,Mother-Daughter,3.7734615384615386,3.7211538461538463,0.6538461538461539,0,0
F2839,8,C2,Central,51,0,Rural,2,Female,1,Male,44,17.9,3,4.84,3.39,2.03,3.12,1,2,3,3,1,2,2.0,5,5,6,7,5,5.6,3,2,2,2,3,2.4,3.25,2,2,1,1,1,2,1.5,2,1,2,1,1,1.4,1,2,1,1,1,1.2,1.22,1,2,1,1,1.25,-1.4972769322263526,1.0465610571491897,-0.4655205237185935,-0.35999755484811646,-1.8042317976843516,-2.004150583792159,-1.3705551351145455,-2.263006662503281,-2.0687075517974836,0.784709566011867,-0.856544510790932,-2.3020981308952826,-0.5238032016775316,-0.2670495258166494,-2.4905163329820863,-1.4459185107130317,1.389813839128907,-0.4991921320688446,0.6650912057614867,-0.0,-0.0,0.0,16-18,Mother-Son,3.409047619047619,3.5,0.42857142857142855,1,0
F2840,3,E3,Eastern,17,0,Rural,2,Female,2,Female,42,14.2,2,1.37,3.02,2.54,2.78,4,4,5,4,4,4,4.17,5,6,6,6,5,5.6,2,1,3,2,2,2.0,3.9,4,4,4,3,5,5,4.17,5,6,6,6,5,5.6,3,2,3,3,2,2.6,4.15,4,4,4,4,4.0,0.7498005613240603,1.0465610571491897,-0.8385396430619187,0.5162384539435039,1.1517459525537281,1.5460301798350458,0.06867941476941361,1.1873491701437664,0.21553595711027312,-1.991832470095127,-1.4509719213556365,-1.6111489068663047,-1.106744891713883,0.3829504741833505,0.2594836670179137,0.7240814892869682,1.389813839128907,-0.8991921320688445,0.09936939332734468,0.0,0.0,0.0,12-15,Mother-Daughter,3.84625,4.171875,0.6875,0,0
F2841,13,W1,Western,86,0,Rural,2,Female,2,Female,46,17.8,5,3.94,2.68,3.14,3.64,2,3,2,2,2,2,2.17,2,1,1,1,1,1.2,4,4,3,5,3,3.8,2.46,2,1,2,1,2,3,1.83,4,3,3,3,4,3.4,3,4,3,2,3,3.0,2.72,5,4,5,3,4.25,-1.3212386032385324,-2.2667378335444197,0.8400463939830453,-1.4249613193794706,-1.4388862330481842,-0.3135883153982518,0.4798892861648304,-0.49661289152356386,0.4231944579200692,0.06456898027806457,-1.9972025148475268,-0.7982674668322133,0.367754677201593,-1.0570495258166495,0.5094836670179137,-1.2759185107130318,-3.0101861608710925,0.9008078679311553,-0.5385494686326134,-0.0,0.0,-0.0,16-18,Mother-Daughter,3.28962962962963,3.6481481481481484,0.4444444444444444,0,1
F2843,2,E2,Eastern,10,0,Rural,1,Male,2,Female,43,14.8,3,1.7,3.38,2.75,2.71,1,3,3,2,2,2,2.17,7,7,7,7,7,7.0,2,2,3,2,3,2.4,3.99,2,3,2,2,2,2,2.17,4,6,6,5,4,5.0,3,2,1,2,2,2.0,2.82,3,2,3,2,2.5,-1.3212386032385324,2.100792522369884,-0.4655205237185935,0.6375634397761901,-1.0624695906957697,1.038861499316874,-0.5481353923237118,-0.3788533067915832,-1.0304150477485032,-1.7277809219927327,-0.8726101164818703,-1.3266404028543728,-1.2267622984860724,0.4729504741833508,-1.2405163329820863,-1.2759185107130318,2.7898138391289073,-0.4991921320688446,-0.5867027879160692,0.0,-0.0,-0.0,12-15,Father-Daughter,3.5320689655172415,3.7241379310344827,0.6206896551724138,0,0
F2844,9,C3,Central,59,0,Rural,2,Female,1,Male,51,19.9,4,2.09,3.16,2.94,2.79,2,3,3,2,3,3,2.67,2,3,1,2,1,1.8,2,3,2,3,4,2.8,2.4,2,2,2,2,2,2,2.0,2,4,5,3,3,3.4,2,2,1,1,2,1.6,2.42,4,4,3,3,3.5,-0.8034788120978842,-1.8149243484498367,-0.09250140437526819,-1.5058446432679278,-1.250677911871977,-0.3135883153982518,-0.9593452637191285,-0.8498916457195076,-0.199781044509319,-1.415720001508085,-1.2260534416825049,-1.0692279468435772,-1.089599547889284,-1.1170495258166495,-0.2405163329820863,-0.7759185107130318,-2.410186160871093,-0.0991921320688447,0.2686686557087989,-0.0,-0.0,0.0,19-22,Mother-Son,3.4848000000000003,3.6,0.56,1,0
F2846,18,W6,Western,125,0,Rural,2,Female,1,Male,47,13.1,2,5.29,3.34,2.29,2.97,4,3,4,3,3,3,3.33,5,4,4,5,4,4.4,2,3,3,3,2,2.6,3.37,3,3,3,3,2,3,2.83,3,4,4,4,3,3.6,3,2,2,1,2,2.0,2.94,3,4,4,4,3.75,-0.12003588779222847,0.1429340869600239,-0.27901096404693065,-0.19823090707120175,-0.33177846142343526,-0.14453208855886093,-0.5481353923237118,-0.2375418051132057,0.007877456300477073,1.1447798588787685,-0.9368725392456222,-1.9498495068805093,-0.7809833590465097,-0.14704952581664932,0.0094836670179137,-0.11591851071303161,0.1898138391289077,-0.29919213206884443,-0.0013945687379872062,-0.0,0.0,-0.0,12-15,Mother-Son,3.3248,3.98,0.4,0,1
F2847,13,W1,Western,91,0,Rural,1,Male,1,Male,46,18.1,2,3.03,2.71,3.17,3.01,4,3,4,4,5,5,4.17,3,3,4,5,4,3.8,2,2,2,2,2,2.0,3.25,3,3,3,3,2,3,2.83,4,3,3,2,3,3.0,3,2,4,3,2,2.8,2.91,4,4,5,4,4.25,0.7498005613240603,-0.3088793981345596,-0.8385396430619187,-0.35999755484811646,-0.33177846142343526,-0.6517007690770332,0.2742843504671218,-0.2728696805327998,0.4231944579200692,-0.663573167519447,-1.9490056977747132,-0.757623394830509,-0.7124019837481163,-0.2670495258166494,0.5094836670179137,0.7240814892869682,-0.41018616087109283,-0.8991921320688445,-0.13605737168846158,-0.0,0.0,-0.0,16-18,Father-Son,3.4524,3.26,0.64,0,1
